	PDB_ID	Chain_ID	Uniprot_ID	Location	DDG_method	DDG	PDB_mut	Clean_mut	Affinity_M	Affinity_WT	unique	Out_type	Out_protein	Skempi_v	sampling_fold
0	3MZG	3MZG_A	P01236	COR	['SPR', 'SPR', 'SPR', 'SPR', 'SPR', 'SPR', 'SPR', 'SPR', 'SPR', 'SPR', 'SPR', 'SPR', 'SPR', 'SPR', 'SPR', 'SPR', 'SPR', 'SPR', 'SPR']	[0.686, 0.686, 0.686, 0.686, 0.686, 0.686, 0.686, 0.686, 0.686, 0.686, 0.686, 0.686, 0.686, 0.686, 0.686, 0.686, 0.686, 0.686, 0.686]	HA180A	HA167A	[6.28e-06, 5.8e-06, 3.4e-06, 1.96e-06, 1.28e-06, 9.5e-07, 7.19e-07, 5.97e-07, 4.94e-07, 1.32e-05, 7.9e-06, 7.6e-06, 3.6e-06, 2.4e-06, 1.36e-06, 6.5e-07, 8.2e-07, 5.1e-07, 4.6e-07]	[2e-05, 1.68e-06, 2.03e-07, 1.71e-07, 1.05e-07, 4.39e-08, 4.59e-08, 3.91e-08, 3.7e-08, 8.4e-06, 2.13e-06, 1.28e-06, 2e-07, 7.7e-08, 3.3e-08, 2.1e-08, 1.3e-08, 1.1e-08, 1.1e-08]	3MZG_A_HA180A		3MZG_A_B,3N06_A_B,3N0P_A_B,3NCB_A_B,3NCC_A_B,1BP3_A_B	2	8
1	3NCB	3NCB_A	P01236	COR	['SPR', 'SPR', 'SPR', 'SPR', 'SPR', 'SPR', 'SPR', 'SPR', 'SPR', 'SPR', 'SPR', 'SPR', 'SPR', 'SPR', 'SPR', 'SPR', 'SPR', 'SPR', 'SPR']	[-0.686, -0.686, -0.686, -0.686, -0.686, -0.686, -0.686, -0.686, -0.686, -0.686, -0.686, -0.686, -0.686, -0.686, -0.686, -0.686, -0.686, -0.686, -0.686]	AA180H	AA167H	[2e-05, 1.68e-06, 2.03e-07, 1.71e-07, 1.05e-07, 4.39e-08, 4.59e-08, 3.91e-08, 3.7e-08, 8.4e-06, 2.13e-06, 1.28e-06, 2e-07, 7.7e-08, 3.3e-08, 2.1e-08, 1.3e-08, 1.1e-08, 1.1e-08]	[6.28e-06, 5.8e-06, 3.4e-06, 1.96e-06, 1.28e-06, 9.5e-07, 7.19e-07, 5.97e-07, 4.94e-07, 1.32e-05, 7.9e-06, 7.6e-06, 3.6e-06, 2.4e-06, 1.36e-06, 6.5e-07, 8.2e-07, 5.1e-07, 4.6e-07]	3NCB_A_AA180H		3MZG_A_B,3N06_A_B,3N0P_A_B,3NCB_A_B,3NCC_A_B,1BP3_A_B	2	8
2	1AO7	1AO7_C	P14079	COR	['SPR', 'SPR', 'SPR', 'SPR', 'SPR', 'SPR', 'SPR', 'SPR', 'SPR', 'SPR', 'SPR']	[-1.533, -1.533, -1.533, -1.533, -1.533, -1.533, -1.533, -1.533, -1.533, -1.533, -1.533]	YC5A	YC5A	[3.31e-05, 5.62e-05, 4.43e-05, 3.08e-05, 2.27e-05, 2.36e-05, 5.45e-05, 3.17e-05, 3.08e-05, 5.44e-05, 3.3e-05]	[2.49e-06, 2.88e-06, 2.81e-06, 1.95e-06, 2.89e-06, 1.69e-06, 2.86e-06, 3.07e-06, 1.96e-06, 2.86e-06, 2.23e-06]	1AO7_C_YC5A	TCR/pMHC	TCR/pMHC,1JCK_A_B	2	1
3	3MZG	3MZG_A	P01236	SUP	['SPR', 'SPR', 'SPR', 'SPR', 'SPR', 'SPR', 'SPR', 'SPR', 'SPR', 'SPR']	[0.874, 0.874, 0.874, 0.874, 0.874, 0.874, 0.874, 0.874, 0.874, 0.874]	HA30A	HA17A	[1.92e-06, 1.29e-06, 8.8e-07, 2.33e-07, 1.25e-07, 5.3e-08, 3.4e-08, 2.4e-08, 2.1e-08, 1.9e-08]	[8.4e-06, 2.13e-06, 1.28e-06, 2e-07, 7.7e-08, 3.3e-08, 2.1e-08, 1.3e-08, 1.1e-08, 1.1e-08]	3MZG_A_HA30A		3MZG_A_B,3N06_A_B,3N0P_A_B,3NCB_A_B,3NCC_A_B,1BP3_A_B	2	8
4	3N06	3N06_A	P01236	SUP	['SPR', 'SPR', 'SPR', 'SPR', 'SPR', 'SPR', 'SPR', 'SPR', 'SPR', 'SPR']	[-0.091, -0.091, -0.091, -0.091, -0.091, -0.091, -0.091, -0.091, -0.091, -0.091]	AA27H	AA14H	[8.4e-06, 2.13e-06, 1.28e-06, 2e-07, 7.7e-08, 3.3e-08, 2.1e-08, 1.3e-08, 1.1e-08, 1.1e-08]	[7.2e-06, 1.66e-06, 6.8e-07, 1.43e-07, 5.8e-08, 2.9e-08, 2.6e-08, 1.6e-08, 1.8e-08, 1.9e-08]	3N06_A_AA27H		3MZG_A_B,3N06_A_B,3N0P_A_B,3NCB_A_B,3NCC_A_B,1BP3_A_B	2	8
5	3MZG	3MZG_A	P01236	RIM	['SPR', 'SPR', 'SPR', 'SPR', 'SPR', 'SPR', 'SPR', 'SPR', 'SPR', 'SPR']	[0.091, 0.091, 0.091, 0.091, 0.091, 0.091, 0.091, 0.091, 0.091, 0.091]	HA27A	HA14A	[7.2e-06, 1.66e-06, 6.8e-07, 1.43e-07, 5.8e-08, 2.9e-08, 2.6e-08, 1.6e-08, 1.8e-08, 1.9e-08]	[8.4e-06, 2.13e-06, 1.28e-06, 2e-07, 7.7e-08, 3.3e-08, 2.1e-08, 1.3e-08, 1.1e-08, 1.1e-08]	3MZG_A_HA27A		3MZG_A_B,3N06_A_B,3N0P_A_B,3NCB_A_B,3NCC_A_B,1BP3_A_B	2	8
6	3N0P	3N0P_A	P01236	SUP	['SPR', 'SPR', 'SPR', 'SPR', 'SPR', 'SPR', 'SPR', 'SPR', 'SPR', 'SPR']	[-0.874, -0.874, -0.874, -0.874, -0.874, -0.874, -0.874, -0.874, -0.874, -0.874]	AA30H	AA17H	[8.4e-06, 2.13e-06, 1.28e-06, 2e-07, 7.7e-08, 3.3e-08, 2.1e-08, 1.3e-08, 1.1e-08, 1.1e-08]	[1.92e-06, 1.29e-06, 8.8e-07, 2.33e-07, 1.25e-07, 5.3e-08, 3.4e-08, 2.4e-08, 2.1e-08, 1.9e-08]	3N0P_A_AA30H		3MZG_A_B,3N06_A_B,3N0P_A_B,3NCB_A_B,3NCC_A_B,1BP3_A_B	2	8
7	3MZG	3MZG_B	P16471	COR	['SPR', 'SPR', 'SPR', 'SPR', 'SPR', 'SPR', 'SPR', 'SPR', 'SPR']	[0.447, 0.447, 0.447, 0.447, 0.447, 0.447, 0.447, 0.447, 0.447]	HB188A	HB188A	[9.4e-06, 1e-05, 6.3e-06, 4.43e-06, 3.6e-06, 2.71e-06, 2.2e-06, 2.04e-06, 1.65e-06]	[2e-05, 1.68e-06, 2.03e-07, 1.71e-07, 1.05e-07, 4.39e-08, 4.59e-08, 3.91e-08, 3.7e-08]	3MZG_B_HB188A		3MZG_A_B,3N06_A_B,3N0P_A_B,3NCB_A_B,3NCC_A_B,1BP3_A_B	2	8
8	3NCC	3NCC_B	P16471	COR	['SPR', 'SPR', 'SPR', 'SPR', 'SPR', 'SPR', 'SPR', 'SPR', 'SPR']	[-0.447, -0.447, -0.447, -0.447, -0.447, -0.447, -0.447, -0.447, -0.447]	AB188H	AB188H	[2e-05, 1.68e-06, 2.03e-07, 1.71e-07, 1.05e-07, 4.39e-08, 4.59e-08, 3.91e-08, 3.7e-08]	[9.4e-06, 1e-05, 6.3e-06, 4.43e-06, 3.6e-06, 2.71e-06, 2.2e-06, 2.04e-06, 1.65e-06]	3NCC_B_AB188H		3MZG_A_B,3N06_A_B,3N0P_A_B,3NCB_A_B,3NCC_A_B,1BP3_A_B	2	8
9	1JTG	1JTG_B	P35804	COR	['IASP', 'SPR', 'SPR', 'SPR', 'IASP', 'ITC', 'ITC', 'ITC']	[-2.561, -2.561, -2.561, -2.561, -2.561, -2.561, -2.561, -2.561]	DB49A	DB49A	[8.3e-09, 1.46e-07, 9.82e-08, 8.03e-08, 2e-08, 2.63e-08, 1.96e-08, 1.49e-08]	[1.1e-10, 6.83e-09, 4.77e-09, 4.77e-09, 5e-10, 1.11e-10, 1.11e-10, 1.11e-10]	1JTG_B_DB49A		1XXM_A_C,1S0W_A_C,1JTG_A_B,2G2U_A_B,2G2W_A_B,3N4I_A_B,1JTD_A_B,3QHY_A_B	1	3
10	1JTG	1JTG_B	P35804	COR	['IASP', 'SPR', 'SPR', 'IASP', 'ITC', 'ITC', 'ITC']	[-3.379, -3.379, -3.379, -3.379, -3.379, -3.379, -3.379]	FB142A	FB142A	[3.3e-08, 1.66e-07, 3.29e-07, 1.6e-08, 2.63e-08, 3.85e-08, 2.63e-08]	[1.1e-10, 4.77e-09, 4.77e-09, 5e-10, 1.11e-10, 1.11e-10, 1.11e-10]	1JTG_B_FB142A		1XXM_A_C,1S0W_A_C,1JTG_A_B,2G2U_A_B,2G2W_A_B,3N4I_A_B,1JTD_A_B,3QHY_A_B	1	3
11	3MZG	3MZG_A	P01236	SUP	['SPR', 'SPR', 'SPR', 'SPR', 'SPR', 'SPR']	[-0.125, -0.125, -0.125, -0.125, -0.125, -0.125]	HA173A	HA160A	[2.1e-05, 2.9e-05, 3.26e-06, 5.51e-07, 1.55e-07, 9.04e-08]	[1.7e-05, 4.6e-06, 4.18e-07, 7.17e-08, 2.71e-08, 2.09e-08]	3MZG_A_HA173A		3MZG_A_B,3N06_A_B,3N0P_A_B,3NCB_A_B,3NCC_A_B,1BP3_A_B	2	8
12	3MZG	3MZG_A	P01236	INT	['SPR', 'SPR', 'SPR', 'SPR', 'SPR', 'SPR']	[0.397, 0.397, 0.397, 0.397, 0.397, 0.397]	HA138A	HA125A	[8.7e-06, 2.11e-06, 3.23e-07, 7.9e-08, 3.6e-08, 2.47e-08]	[1.7e-05, 4.6e-06, 4.18e-07, 7.17e-08, 2.71e-08, 2.09e-08]	3MZG_A_HA138A		3MZG_A_B,3N06_A_B,3N0P_A_B,3NCB_A_B,3NCC_A_B,1BP3_A_B	2	8
13	3MZG	3MZG_A	P01236	INT	['SPR', 'SPR', 'SPR', 'SPR', 'SPR', 'SPR']	[-0.034, -0.034, -0.034, -0.034, -0.034, -0.034]	HA59A	HA46A	[1.8e-05, 1.2e-05, 1.08e-06, 1.99e-07, 5.54e-08, 3.24e-08]	[1.7e-05, 4.6e-06, 4.18e-07, 7.17e-08, 2.71e-08, 2.09e-08]	3MZG_A_HA59A		3MZG_A_B,3N06_A_B,3N0P_A_B,3NCB_A_B,3NCC_A_B,1BP3_A_B	2	8
14	1JTG	1JTG_B	P35804	SUP	['SPR', 'SPR', 'IASP', 'ITC', 'ITC', 'ITC']	[-3.56, -3.56, -3.56, -3.56, -3.56, -3.56]	KB74A	KB74A	[1.94e-06, 3.03e-06, 4.6e-08, 9.09e-08, 1.11e-07, 6.25e-08]	[4.77e-09, 4.77e-09, 5e-10, 1.11e-10, 1.11e-10, 1.11e-10]	1JTG_B_KB74A		1XXM_A_C,1S0W_A_C,1JTG_A_B,2G2U_A_B,2G2W_A_B,3N4I_A_B,1JTD_A_B,3QHY_A_B	1	4
15	3MZG	3MZG_A	P01236	INT	['SPR', 'SPR', 'SPR', 'SPR', 'SPR', 'SPR']	[0.062, 0.062, 0.062, 0.062, 0.062, 0.062]	HA97A	HA84A	[1.53e-05, 4.68e-06, 4.42e-07, 9.89e-08, 3.82e-08, 2.48e-08]	[1.7e-05, 4.6e-06, 4.18e-07, 7.17e-08, 2.71e-08, 2.09e-08]	3MZG_A_HA97A		3MZG_A_B,3N06_A_B,3N0P_A_B,3NCB_A_B,3NCC_A_B,1BP3_A_B	2	8
16	3MZG	3MZG_A	P01236	SUR	['SPR', 'SPR', 'SPR', 'SPR', 'SPR', 'SPR']	[-0.204, -0.204, -0.204, -0.204, -0.204, -0.204]	HA46A	HA33A	[2.4e-05, 4.9e-06, 4.94e-07, 9.29e-08, 3.66e-08, 2.77e-08]	[1.7e-05, 4.6e-06, 4.18e-07, 7.17e-08, 2.71e-08, 2.09e-08]	3MZG_A_HA46A		3MZG_A_B,3N06_A_B,3N0P_A_B,3NCB_A_B,3NCC_A_B,1BP3_A_B	2	8
17	1KBH	1KBH_B	P45481	SUP	['SFFL', 'SFFL', 'SFFL', 'SFFL', 'SFFL']	[-0.596, -0.596, -0.596, -0.596, -0.596]	YB98W	YB1172W	[9.3e-08, 9.29e-08, 7.63e-08, 1.24e-08, 8.75e-08]	[3.4e-08, 3.4e-08, 3.4e-08, 3.4e-08, 3.4e-08]	1KBH_B_YB98W		1KBH_A_B	2	4
18	1JTG	1JTG_B	P35804	SUP	['SPR', 'IASP', 'ITC', 'ITC', 'ITC']	[-3.25, -3.25, -3.25, -3.25, -3.25]	HB41A	HB41A	[1.15e-06, 3.4e-08, 3.85e-08, 5.26e-08, 1.25e-07]	[4.77e-09, 5e-10, 1.11e-10, 1.11e-10, 1.11e-10]	1JTG_B_HB41A		1XXM_A_C,1S0W_A_C,1JTG_A_B,2G2U_A_B,2G2W_A_B,3N4I_A_B,1JTD_A_B,3QHY_A_B	1	4
19	1JTG	1JTG_B	P35804	COR	['SPR', 'IASP', 'ITC', 'ITC', 'ITC']	[-3.011, -3.011, -3.011, -3.011, -3.011]	WB112A	WB112A	[7.68e-07, 1.3e-08, 3.57e-08, 2.5e-08, 1.56e-08]	[4.77e-09, 5e-10, 1.11e-10, 1.11e-10, 1.11e-10]	1JTG_B_WB112A		1XXM_A_C,1S0W_A_C,1JTG_A_B,2G2U_A_B,2G2W_A_B,3N4I_A_B,1JTD_A_B,3QHY_A_B	1	4
20	1JTG	1JTG_B	P35804	SUP	['SPR', 'IASP', 'ITC', 'ITC', 'ITC']	[-2.748, -2.748, -2.748, -2.748, -2.748]	HB148A	HB148A	[4.93e-07, 2.1e-08, 6.94e-09, 5e-08, 7.69e-08]	[4.77e-09, 5e-10, 1.11e-10, 1.11e-10, 1.11e-10]	1JTG_B_HB148A		1XXM_A_C,1S0W_A_C,1JTG_A_B,2G2U_A_B,2G2W_A_B,3N4I_A_B,1JTD_A_B,3QHY_A_B	1	4
21	1JTG	1JTG_B	P35804	COR	['SPR', 'IASP', 'ITC', 'ITC', 'ITC']	[-4.254, -4.254, -4.254, -4.254, -4.254]	WB150A	WB150A	[6.26e-06, 1.84e-07, 5e-07, 2.5e-07, 5e-07]	[4.77e-09, 5e-10, 1.11e-10, 1.11e-10, 1.11e-10]	1JTG_B_WB150A		1XXM_A_C,1S0W_A_C,1JTG_A_B,2G2U_A_B,2G2W_A_B,3N4I_A_B,1JTD_A_B,3QHY_A_B	1	4
22	1JTG	1JTG_B	P35804	SUP	['SPR', 'IASP', 'ITC', 'ITC', 'ITC']	[-2.077, -2.077, -2.077, -2.077, -2.077]	YB53A	YB53A	[1.59e-07, 2.1e-08, 2.5e-08, 7.14e-08, 3.45e-08]	[4.77e-09, 5e-10, 1.11e-10, 1.11e-10, 1.11e-10]	1JTG_B_YB53A		1XXM_A_C,1S0W_A_C,1JTG_A_B,2G2U_A_B,2G2W_A_B,3N4I_A_B,1JTD_A_B,3QHY_A_B	1	4
23	1JTG	1JTG_B	P35804	COR	['SPR', 'IASP', 'ITC', 'ITC', 'ITC']	[-3.201, -3.201, -3.201, -3.201, -3.201]	FB36A	FB36A	[1.06e-06, 4e-08, 7.14e-08, 4.76e-08, 1.89e-08]	[4.77e-09, 5e-10, 1.11e-10, 1.11e-10, 1.11e-10]	1JTG_B_FB36A		1XXM_A_C,1S0W_A_C,1JTG_A_B,2G2U_A_B,2G2W_A_B,3N4I_A_B,1JTD_A_B,3QHY_A_B	1	3
24	1JTG	1JTG_B	P35804	RIM	['SPR', 'IASP', 'ITC', 'ITC', 'ITC']	[-2.222, -2.222, -2.222, -2.222, -2.222]	RB160A	RB160A	[2.03e-07, 1.1e-08, 4.76e-08, 2.7e-08, 2.94e-08]	[4.77e-09, 5e-10, 1.11e-10, 1.11e-10, 1.11e-10]	1JTG_B_RB160A		1XXM_A_C,1S0W_A_C,1JTG_A_B,2G2U_A_B,2G2W_A_B,3N4I_A_B,1JTD_A_B,3QHY_A_B	1	4
25	1AO7	1AO7_A	P04439	RIM	['SPR', 'SPR', 'SPR', 'SPR']	[-3.867, -3.867, -3.867, -3.867]	EA166A	EA166A	[0.00194, 0.000207, 4e-06, 1.02e-05]	[2.84e-06, 2.55e-06, 9.1e-07, 8.8e-07]	1AO7_A_EA166A	TCR/pMHC	TCR/pMHC,1JCK_A_B	2	1
26	3S9D	3S9D_A	P01563	COR	['SP', 'SPR', 'SPR', 'SP']	[-3.074, -3.074, -3.074, -3.074]	RA149A	RA120A	[5.38e-07, 3e-07, 5.84e-07, 5.4e-07]	[3e-09, 3e-09, 3.11e-09, 2.5e-09]	3S9D_A_RA149A		3S9D_A_B,3SE3_B_C,3SE4_B_C	2	8
27	1MHP	1MHP_H	Not Mapped	SUR	['KinExA', 'KinExA', 'ELISA', 'ELISA']	[0.0, 0.0, 0.0, 0.0]	FH99W	FH99W	[8.5e-09, 8.5e-09, 8.5e-09, 8.5e-09]	[8.5e-09, 8.5e-09, 8.5e-09, 8.5e-09]	1MHP_H_FH99W	AB/AG	AB/AG	2	4
28	3S9D	3S9D_A	P01563	COR	['SP', 'SP', 'SPR', 'SP']	[-3.682, -3.682, -3.682, -3.682]	LA30A	LA23A	[5e-06, 1.7e-06, 2.31e-06, 1.7e-06]	[1e-08, 3e-09, 3e-09, 2.5e-09]	3S9D_A_LA30A		3S9D_A_B,3SE3_B_C,3SE4_B_C	2	8
29	1AO7	1AO7_A	P04439	RIM	['SPR', 'SPR', 'SPR', 'SPR']	[-3.23, -3.23, -3.23, -3.23]	RA65A	RA65A	[0.00062, 0.000463, 8.4e-05, 0.000181]	[2.66e-06, 2.44e-06, 9.1e-07, 8.8e-07]	1AO7_A_RA65A	TCR/pMHC	TCR/pMHC,1JCK_A_B	2	1
30	1AO7	1AO7_C	P14079	COR	['SPR', 'SPR', 'ITC', 'SPR']	[0.125, 0.125, 0.125, 0.125]	YC5F	YC5F	[2.08e-06, 2.25e-06, 1.2e-06, 2.79e-06]	[2.57e-06, 1.69e-06, 9e-07, 2.23e-06]	1AO7_C_YC5F	TCR/pMHC	TCR/pMHC,1JCK_A_B	2	1
31	3MZG	3MZG_A	P01236	SUR	['SPR', 'SPR', 'SPR', 'SPR']	[0.261, 0.261, 0.261, 0.261]	HA195A	HA182A	[2.69e-07, 1.33e-07, 8.6e-08, 6.7e-08]	[4.18e-07, 7.17e-08, 2.71e-08, 2.09e-08]	3MZG_A_HA195A		3MZG_A_B,3N06_A_B,3N0P_A_B,3NCB_A_B,3NCC_A_B,1BP3_A_B	2	8
32	1LFD	1LFD_A	Q03386	SUR	['ITC', 'SFFL', 'ITC', 'IAFL']	[0.401, 0.401, 0.401, 0.401]	EA57A	EA44A	[5.84e-07, 1.28e-06, 5.84e-07, 1.67e-06]	[1.15e-06, 1.94e-06, 6.91e-07, 1.21e-06]	1LFD_A_EA57A		1LFD_A_B,4G0N_A_B,3KUD_A_B,1K8R_A_B,1HE8_A_B,1GUA_A_B,1C1Y_A_B	1	4
33	1LFD	1LFD_A	Q03386	SUR	['ITC', 'SFFL', 'ITC', 'IAFL']	[-0.297, -0.297, -0.297, -0.297]	KA48A	KA35A	[1.9e-06, 3e-06, 1.15e-06, 3.19e-06]	[1.15e-06, 1.94e-06, 6.91e-07, 1.21e-06]	1LFD_A_KA48A		1LFD_A_B,4G0N_A_B,3KUD_A_B,1K8R_A_B,1HE8_A_B,1GUA_A_B,1C1Y_A_B	1	4
34	1LFD	1LFD_A	Q03386	RIM	['ITC', 'SFFL', 'ITC', 'IAFL']	[0.601, 0.601, 0.601, 0.601]	DA51A	DA38A	[4.17e-07, 7.3e-07, 4.17e-07, 7.41e-07]	[1.15e-06, 1.94e-06, 6.91e-07, 1.21e-06]	1LFD_A_DA51A		1LFD_A_B,4G0N_A_B,3KUD_A_B,1K8R_A_B,1HE8_A_B,1GUA_A_B,1C1Y_A_B	1	4
35	3S9D	3S9D_A	P01563	COR	['SP', 'SP', 'SPR', 'SP']	[-1.01, -1.01, -1.01, -1.01]	LA26A	LA19A	[5.5e-08, 1.69e-08, 1.36e-08, 3.1e-08]	[1e-08, 3e-09, 3e-09, 2.5e-09]	3S9D_A_LA26A		3S9D_A_B,3SE3_B_C,3SE4_B_C	2	8
36	1LFD	1LFD_A	Q03386	COR	['ITC', 'SFFL', 'ITC', 'IAFL']	[-1.8, -1.8, -1.8, -1.8]	KA52A	KA39A	[2.4e-05, 1.42e-05, 3.98e-05, 0.000217]	[1.15e-06, 1.94e-06, 6.91e-07, 1.21e-06]	1LFD_A_KA52A		1LFD_A_B,4G0N_A_B,3KUD_A_B,1K8R_A_B,1HE8_A_B,1GUA_A_B,1C1Y_A_B	1	4
37	1AO7	1AO7_E	P01850	SUP	['SPR', 'SPR', 'SPR', 'SPR']	[-1.149, -1.149, -1.149, -1.149]	PE103A	PE100A	[1.99e-05, 2.05e-05, 1.48e-05, 2.03e-05]	[2.86e-06, 3.07e-06, 1.96e-06, 2.87e-06]	1AO7_E_PE103A	TCR/pMHC	TCR/pMHC,1JCK_A_B	2	1
38	1AO7	1AO7_E	P01850	SUP	['SPR', 'SPR', 'SPR', 'SPR']	[-0.453, -0.453, -0.453, -0.453]	RE95A	RE92A	[4.19e-06, 4.08e-06, 3.82e-06, 3.43e-06]	[1.95e-06, 2.89e-06, 1.69e-06, 1.69e-06]	1AO7_E_RE95A	TCR/pMHC	TCR/pMHC,1JCK_A_B	2	1
39	1AO7	1AO7_A	P04439	COR	['SPR', 'SPR', 'SPR', 'SPR']	[-0.412, -0.412, -0.412, -0.412]	QA155A	QA155A	[5.77e-06, 3.89e-06, 5.84e-06, 1.23e-06]	[2.88e-06, 4.64e-06, 2.87e-06, 8.8e-07]	1AO7_A_QA155A	TCR/pMHC	TCR/pMHC,1JCK_A_B	2	1
40	1BRS	1BRS_A	P00648	COR	['ITC', 'IAFL', 'SFFL', 'SFFL']	[-6.146, -6.146, -6.146, -6.146]	HA102A	HA100A	[3.2e-10, 7e-09, 5e-10, 3.7e-09]	[1e-14, 6e-14, 1.3e-14, 1.3e-13]	1BRS_A_HA102A		1BRS_A_D,1B2U_A_D,1B2S_A_D,1B3S_A_D,1X1W_A_D,1X1X_A_D	1	2
41	1JTG	1JTG_B	P35804	COR	['SPR', 'IASP', 'ITC', 'ITC']	[0.407, 0.407, 0.407, 0.407]	YB50A	YB50A	[2.4e-09, 1.1e-11, 3.33e-12, 3.1e-12]	[4.77e-09, 5e-10, 1.11e-10, 1.11e-10]	1JTG_B_YB50A		1XXM_A_C,1S0W_A_C,1JTG_A_B,2G2U_A_B,2G2W_A_B,3N4I_A_B,1JTD_A_B,3QHY_A_B	1	4
42	1JTG	1JTG_B	P35804	COR	['SPR', 'IASP', 'ITC', 'ITC']	[-0.382, -0.382, -0.382, -0.382]	YB143A	YB143A	[9.09e-09, 6e-10, 5e-10, 1.54e-09]	[4.77e-09, 5e-10, 1.11e-10, 1.11e-10]	1JTG_B_YB143A		1XXM_A_C,1S0W_A_C,1JTG_A_B,2G2U_A_B,2G2W_A_B,3N4I_A_B,1JTD_A_B,3QHY_A_B	1	4
43	1JTG	1JTG_A	P62593	COR	['SPR', 'SPR', 'IASP', 'SFFL']	[-1.553, -1.553, -1.553, -1.553]	EA104A	EA79A	[6.56e-08, 9.43e-08, 7e-08, 2.52e-08]	[4.77e-09, 4.77e-09, 3.2e-09, 2.3e-10]	1JTG_A_EA104A		1XXM_A_C,1S0W_A_C,1JTG_A_B,2G2U_A_B,2G2W_A_B,3N4I_A_B,1JTD_A_B,3QHY_A_B	1	3
44	1LFD	1LFD_A	Q03386	RIM	['ITC', 'SFFL', 'ITC', 'IAFL']	[-1.599, -1.599, -1.599, -1.599]	RA20A	RA7A	[1.71e-05, 1.32e-05, 2.84e-05, 5.92e-05]	[1.15e-06, 1.94e-06, 6.91e-07, 1.21e-06]	1LFD_A_RA20A		1LFD_A_B,4G0N_A_B,3KUD_A_B,1K8R_A_B,1HE8_A_B,1GUA_A_B,1C1Y_A_B	1	4
45	1JTG	1JTG_B	P35804	COR	['IASP', 'ITC', 'ITC', 'ITC']	[0.0, 0.0, 0.0, 0.0]	YB51A	YB51A	[5e-10, 7.63e-10, 6.67e-10, 6.41e-10]	[5e-10, 1.11e-10, 1.11e-10, 1.11e-10]	1JTG_B_YB51A		1XXM_A_C,1S0W_A_C,1JTG_A_B,2G2U_A_B,2G2W_A_B,3N4I_A_B,1JTD_A_B,3QHY_A_B	2	4
46	1BRS	1BRS_A	P00648	COR	['ITC', 'IAFL', 'SFFL', 'SFFL']	[-5.245, -5.245, -5.245, -5.245]	RA59A	RA57A	[7e-11, 1.5e-10, 8.2e-11, 5e-10]	[1e-14, 6e-14, 1.3e-14, 1.3e-13]	1BRS_A_RA59A		1BRS_A_D,1B2U_A_D,1B2S_A_D,1B3S_A_D,1X1W_A_D,1X1X_A_D	1	2
47	1LFD	1LFD_A	Q03386	COR	['ITC', 'SFFL', 'ITC', 'IAFL']	[-1.497, -1.497, -1.497, -1.497]	KA32A	KA19A	[1.44e-05, 1.82e-05, 1.44e-05, 0.000217]	[1.15e-06, 1.94e-06, 6.91e-07, 1.21e-06]	1LFD_A_KA32A		1LFD_A_B,4G0N_A_B,3KUD_A_B,1K8R_A_B,1HE8_A_B,1GUA_A_B,1C1Y_A_B	1	4
48	1A22	1A22_B	P10912	SUP	['SPR', 'IARA', 'RA']	[-2.116, -2.116, -2.116]	RB243A	RB11A	[1.21e-08, 6.4e-10, 3.95e-08]	[3.4e-10, 4e-10, 1e-09]	1A22_B_RB243A		1A22_A_B,1BP3_A_B	1	1
49	1CBW	1CBW_I	P00974	COR	['ITC', 'IASP', 'IASP']	[-2.002, -2.002, -2.002]	KI15A	KI15A	[4.17e-07, 3.3e-07, 4.76e-07]	[1.42e-08, 1.1e-08, 1.14e-08]	1CBW_I_KI15A	Pr/PI	Pr/PI	2	2
50	1A22	1A22_A	P01241	COR	['SPR', 'SPR', 'ITC']	[0.447, 0.447, 0.447]	FA25A	FA25A	[4.23e-10, 1.4e-09, 1.34e-09]	[9e-10, 2.9e-09, 2.6e-09]	1A22_A_FA25A		1A22_A_B,1BP3_A_B	1	1
51	1JTG	1JTG_B	P35804	COR	['SPR', 'IASP', 'ITC']	[0.168, 0.168, 0.168]	SB113A	SB113A	[3.59e-09, 1.1e-10, 4.78e-11]	[4.77e-09, 5e-10, 1.11e-10]	1JTG_B_SB113A		1XXM_A_C,1S0W_A_C,1JTG_A_B,2G2U_A_B,2G2W_A_B,3N4I_A_B,1JTD_A_B,3QHY_A_B	1	4
52	1JTG	1JTG_B	P35804	SUP	['SPR', 'IASP', 'ITC']	[-0.358, -0.358, -0.358]	SB71A	SB71A	[8.73e-09, 2e-10, 3.01e-10]	[4.77e-09, 5e-10, 1.11e-10]	1JTG_B_SB71A		1XXM_A_C,1S0W_A_C,1JTG_A_B,2G2U_A_B,2G2W_A_B,3N4I_A_B,1JTD_A_B,3QHY_A_B	1	4
53	5UFE	5UFE_A	P01116	SUR	['SP', 'BI', 'SP']	[1.221, 1.221, 1.221]	GA12D	GA12D	[6.4e-09, 4e-09, 6.4e-09]	[5.03e-08, 4.1e-08, 5.03e-08]	5UFE_A_GA12D		5UFE_A_B,5UFQ_A_C,1K8R_A_B,1HE8_A_B	2	10
54	4G0N	4G0N_B	P04049	RIM	['ITC', 'IAFL', 'ITC']	[-1.646, -1.646, -1.646]	RB59A	RB6A	[1.29e-06, 1.2e-06, 2.5e-06]	[8.02e-08, 1.18e-08, 8e-08]	4G0N_B_RB59A		4G0N_A_B,3KUD_A_B,1LFD_A_B,1GUA_A_B,1C1Y_A_B,1K8R_A_B,1HE8_A_B,1E96_A_B	2	10
55	3S9D	3S9D_B	P48551	COR	['SP', 'SPR', 'SP']	[-0.631, -0.631, -0.631]	HB76A	HB65A	[2.9e-08, 8.82e-09, 1.9e-08]	[1e-08, 3e-09, 2.5e-09]	3S9D_B_HB76A		3S9D_A_B,3SE3_B_C,3SE4_B_C	2	8
56	1JTG	1JTG_B	P35804	COR	['IASP', 'ITC', 'ITC']	[-0.199, -0.199, -0.199]	GB48A	GB48A	[7e-10, 1e-09, 2.94e-09]	[5e-10, 1.11e-10, 1.11e-10]	1JTG_B_GB48A		1XXM_A_C,1S0W_A_C,1JTG_A_B,2G2U_A_B,2G2W_A_B,3N4I_A_B,1JTD_A_B,3QHY_A_B	2	4
57	3S9D	3S9D_A	P01563	COR	['SP', 'SPR', 'SP']	[-2.077, -2.077, -2.077]	AA145G	AA116G	[1e-07, 1e-07, 9.6e-08]	[3e-09, 3e-09, 2.5e-09]	3S9D_A_AA145G		3S9D_A_B,3SE3_B_C,3SE4_B_C	2	8
58	1BRS	1BRS_A	P00648	COR	['ITC', 'SFFL', 'SFFL']	[-5.381, -5.381, -5.381]	KA27A	KA25A	[8.8e-11, 1.2e-10, 3e-10]	[1e-14, 1.3e-14, 1.3e-13]	1BRS_A_KA27A		1BRS_A_D,1B2U_A_D,1B2S_A_D,1B3S_A_D,1X1W_A_D,1X1X_A_D	1	2
59	3S9D	3S9D_A	P01563	SUP	['SP', 'SPR', 'SP']	[-2.185, -2.185, -2.185]	RA144A	RA115A	[1.2e-07, 1e-07, 9.9e-08]	[3e-09, 3e-09, 2.5e-09]	3S9D_A_RA144A		3S9D_A_B,3SE3_B_C,3SE4_B_C	2	8
60	1A22	1A22_B	P10912	RIM	['SPR', 'IARA', 'RA']	[-0.971, -0.971, -0.971]	EB327A	EB86A	[1.75e-09, 8e-10, 5.21e-09]	[3.4e-10, 4e-10, 1e-09]	1A22_B_EB327A		1A22_A_B,1BP3_A_B	1	1
61	3SE4	3SE4_B	P05000	COR	['SPR', 'SP', 'SPR']	[0.975, 0.975, 0.975]	KB152R	KB134R	[3.86e-10, 5.06e-05, 4.39e-10]	[2e-09, 4e-05, 2e-09]	3SE4_B_KB152R		3SE4_B_C,3S9D_A_B,3SE3_B_C	2	9
62	1A22	1A22_B	P10912	SUP	['SPR', 'IARA', 'RA']	[-0.994, -0.994, -0.994]	DB326A	DB85A	[1.82e-09, 2.1e-09, 5.21e-09]	[3.4e-10, 4e-10, 1e-09]	1A22_B_DB326A		1A22_A_B,1BP3_A_B	1	1
63	1A22	1A22_B	P10912	RIM	['SPR', 'IARA', 'RA']	[0.055, 0.055, 0.055]	SB298A	SB57A	[3.1e-10, 2.3e-10, 8.13e-10]	[3.4e-10, 4e-10, 1e-09]	1A22_B_SB298A		1A22_A_B,1BP3_A_B	1	1
64	1A22	1A22_B	P10912	RIM	['SPR', 'IARA', 'RA']	[0.018, 0.018, 0.018]	WB280A	WB39A	[3.3e-10, 5.3e-10, 1e-09]	[3.4e-10, 4e-10, 1e-09]	1A22_B_WB280A		1A22_A_B,1BP3_A_B	1	1
65	1A22	1A22_B	P10912	RIM	['SPR', 'IARA', 'RA']	[0.094, 0.094, 0.094]	EB275A	EB34A	[2.9e-10, 3.5e-10, 8.13e-10]	[3.4e-10, 4e-10, 1e-09]	1A22_B_EB275A		1A22_A_B,1BP3_A_B	1	1
66	1A22	1A22_B	P10912	COR	['SPR', 'IARA', 'RA']	[-0.514, -0.514, -0.514]	WB276A	WB35A	[8.1e-10, 1e-09, 2.65e-09]	[3.4e-10, 4e-10, 1e-09]	1A22_B_WB276A		1A22_A_B,1BP3_A_B	1	1
67	1A22	1A22_B	P10912	RIM	['SPR', 'IARA', 'RA']	[0.0, 0.0, 0.0]	QB274A	QB33A	[3.4e-10, 1.5e-10, 1e-09]	[3.4e-10, 4e-10, 1e-09]	1A22_B_QB274A		1A22_A_B,1BP3_A_B	1	1
68	1A22	1A22_B	P10912	RIM	['SPR', 'IARA', 'RA']	[-0.111, -0.111, -0.111]	TB273A	TB32A	[4.1e-10, 1.9e-10, 1.14e-09]	[3.4e-10, 4e-10, 1e-09]	1A22_B_TB273A		1A22_A_B,1BP3_A_B	1	1
69	1A22	1A22_B	P10912	SUR	['SPR', 'IARA', 'RA']	[-0.274, -0.274, -0.274]	NB272A	NB31A	[5.4e-10, 1.9e-10, 1.35e-09]	[3.4e-10, 4e-10, 1e-09]	1A22_B_NB272A		1A22_A_B,1BP3_A_B	1	1
70	1A22	1A22_B	P10912	COR	['SPR', 'IARA', 'RA']	[-0.274, -0.274, -0.274]	RB417A	RB172A	[5.4e-10, 7e-10, 1.35e-09]	[3.4e-10, 4e-10, 1e-09]	1A22_B_RB417A		1A22_A_B,1BP3_A_B	1	1
71	3S9D	3S9D_B	P48551	COR	['SPR', 'SP', 'SP']	[-1.496, -1.496, -1.496]	IB103A	IB90A	[3.75e-08, 4e-08, 4.5e-08]	[3e-09, 2.5e-09, 2.5e-09]	3S9D_B_IB103A		3S9D_A_B,3SE3_B_C,3SE4_B_C	2	8
72	1A22	1A22_B	P10912	SUP	['SPR', 'IARA', 'RA']	[0.182, 0.182, 0.182]	SB302A	SB61A	[2.5e-10, 8.8e-10, 6.87e-10]	[3.4e-10, 4e-10, 1e-09]	1A22_B_SB302A		1A22_A_B,1BP3_A_B	1	1
73	1A22	1A22_B	P10912	SUP	['SPR', 'IARA', 'RA']	[-1.608, -1.608, -1.608]	IB303A	IB62A	[5.13e-09, 8.3e-10, 2.01e-08]	[3.4e-10, 4e-10, 1e-09]	1A22_B_IB303A		1A22_A_B,1BP3_A_B	1	1
74	1A22	1A22_B	P10912	SUP	['SPR', 'IARA', 'RA']	[-1.941, -1.941, -1.941]	IB305A	IB64A	[9e-09, 5e-10, 2.82e-08]	[3.4e-10, 4e-10, 1e-09]	1A22_B_IB305A		1A22_A_B,1BP3_A_B	1	1
75	3SE4	3SE4_B	P05000	COR	['SPR', 'SP', 'SPR']	[-1.775, -1.775, -1.775]	KB152A	KB134A	[4e-08, 3.77e-05, 4.19e-08]	[2e-09, 4e-05, 2e-09]	3SE4_B_KB152A		3SE4_B_C,3S9D_A_B,3SE3_B_C	2	9
76	4NKQ	4NKQ_B	P15509	INT	['RA', 'RA', 'IARA']	[-0.423, -0.423, -0.423]	DB281A	DB176A	[1e-09, 8.4e-10, 2.5e-09]	[4.9e-10, 4e-11, 3e-11]	4NKQ_B_DB281A		4NKQ_C_AB,4RS1_A_B	2	10
77	1A22	1A22_B	P10912	RIM	['SPR', 'IARA', 'RA']	[-1.693, -1.693, -1.693]	EB244A	EB12A	[5.92e-09, 1.2e-09, 2.01e-08]	[3.4e-10, 4e-10, 1e-09]	1A22_B_EB244A		1A22_A_B,1BP3_A_B	1	1
78	5UFQ	5UFQ_A	P01116	SUR	['SP', 'BI', 'SP']	[-1.221, -1.221, -1.221]	DA12G	DA12G	[5.03e-08, 4.1e-08, 5.03e-08]	[6.4e-09, 4e-09, 6.4e-09]	5UFQ_A_DA12G		5UFE_A_B,5UFQ_A_C,1K8R_A_B,1HE8_A_B	2	10
79	3S9D	3S9D_A	P01563	SUR	['SP', 'SP', 'SPR']	[0.132, 0.132, 0.132]	EA132A	EA103A	[8e-09, 2.1e-09, 2.27e-09]	[1e-08, 3e-09, 3e-09]	3S9D_A_EA132A		3S9D_A_B,3SE3_B_C,3SE4_B_C	2	8
80	3HFM	3HFM_Y	P00698	COR	['SP', 'IASP', 'IASP']	[-1.028, -1.028, -1.028]	RY21A	RY21A	[1.7e-10, 3e-10, 3e-10]	[3e-11, 7.5e-11, 7e-11]	3HFM_Y_RY21A	AB/AG	AB/AG	1	8
81	3S9D	3S9D_A	P01563	SUP	['SP', 'SPR', 'SP']	[-2.289, -2.289, -2.289]	MA148A	MA119A	[1.43e-07, 1e-07, 1.43e-07]	[3e-09, 3e-09, 2.5e-09]	3S9D_A_MA148A		3S9D_A_B,3SE3_B_C,3SE4_B_C	2	8
82	3S9D	3S9D_A	P01563	COR	['SP', 'SPR', 'SP']	[-0.904, -0.904, -0.904]	SA152A	SA123A	[1.38e-08, 3e-08, 1.6e-08]	[3e-09, 3e-09, 2.5e-09]	3S9D_A_SA152A		3S9D_A_B,3SE3_B_C,3SE4_B_C	2	8
83	1DAN	1DAN_T	P13726	RIM	['ELFA', 'ELISA', 'SPR']	[-1.38, -1.38, -1.38]	DT44A	DT39A	[2.67e-11, 1.98e-07, 2.13e-08]	[2.6e-12, 5.3e-09, 6.16e-09]	1DAN_T_DT44A		1DAN_HL_UT	1	2
84	3S9D	3S9D_B	P48551	COR	['SPR', 'SPR', 'SP']	[-2.412, -2.412, -2.412]	EB77A	EB66A	[1.76e-07, 1.79e-07, 1.52e-07]	[3e-09, 3.11e-09, 2.5e-09]	3S9D_B_EB77A		3S9D_A_B,3SE3_B_C,3SE4_B_C	2	8
85	3S9D	3S9D_A	P01563	COR	['SP', 'SPR', 'SP']	[-1.336, -1.336, -1.336]	LA153A	LA124A	[2.86e-08, 3e-08, 4e-08]	[3e-09, 3e-09, 2.5e-09]	3S9D_A_LA153A		3S9D_A_B,3SE3_B_C,3SE4_B_C	2	8
86	1BRS	1BRS_A	P00648	SUP	['ITC', 'SFFL', 'SFFL']	[-2.348, -2.348, -2.348]	EA73A	EA71A	[5.26e-13, 3.2e-13, 1.5e-11]	[1e-14, 1.3e-14, 1.3e-13]	1BRS_A_EA73A		1BRS_A_D,1B2U_A_D,1B2S_A_D,1B3S_A_D,1X1W_A_D,1X1X_A_D	1	1
87	1AO7	1AO7_A	P04439	COR	['SPR', 'SPR', 'SPR']	[-0.489, -0.489, -0.489]	TA163A	TA163A	[5.39e-06, 3.1e-06, 2.15e-06]	[2.36e-06, 9.1e-07, 8.8e-07]	1AO7_A_TA163A	TCR/pMHC	TCR/pMHC,1JCK_A_B	2	1
88	1BD2	1BD2_C	P0C213	COR	['SPR', 'SPR', 'SPR']	[-0.734, -0.734, -0.734]	YC5F	YC5F	[4.45e-06, 4.45e-06, 6.49e-06]	[1.29e-06, 1.74e-06, 1.35e-06]	1BD2_C_YC5F	TCR/pMHC	TCR/pMHC,1JCK_A_B	2	1
89	1BD2	1BD2_C	P0C213	COR	['SPR', 'SPR', 'SPR']	[-3.408, -3.408, -3.408]	YC5A	YC5A	[0.00045, 0.000449, nan]	[1.43e-06, 1.78e-06, 1.35e-06]	1BD2_C_YC5A	TCR/pMHC	TCR/pMHC,1JCK_A_B	2	1
90	1AO7	1AO7_A	P04439	COR	['SPR', 'SPR', 'SPR']	[-1.182, -1.182, -1.182]	AA69G	AA69G	[3.08e-05, 9.6e-06, 1.15e-05]	[4.19e-06, 9.1e-07, 8.8e-07]	1AO7_A_AA69G	TCR/pMHC	TCR/pMHC,1JCK_A_B	2	1
91	1BD2	1BD2_E	A0A0K0K1A5,A0A5B9	COR	['SPR', 'SPR', 'SPR']	[-0.217, -0.217, -0.217]	YE104A	YE99A	[2.51e-06, 2.65e-06, 2.99e-06]	[1.74e-06, 1.78e-06, 1.35e-06]	1BD2_E_YE104A	TCR/pMHC	TCR/pMHC,1JCK_A_B	2	1
92	2WPT	2WPT_B	P09883	SUP	['RA', 'RA', 'ITC']	[0.094, 0.094, 0.094]	SB84A	SB77A	[1.11e-08, 1.4e-07, 7.09e-07]	[1.3e-08, 1.5e-07, 8.2e-07]	2WPT_B_SB84A		2WPT_A_B,2VLP_A_B,2VLN_A_B,2VLQ_A_B,2VLO_A_B,1EMV_A_B,1FR2_A_B,2GYK_A_B	1	7
93	1AO7	1AO7_D	A0A075B6T6,P01848	SUP	['SPR', 'SPR', 'SPR']	[-1.023, -1.023, -1.023]	SD31A	SD31A	[1.4e-05, 1.35e-05, 5.48e-06]	[2.49e-06, 2.57e-06, 2.23e-06]	1AO7_D_SD31A	TCR/pMHC	TCR/pMHC,1JCK_A_B	2	1
94	1AO7	1AO7_C	P14079	SUP	['SPR', 'SPR', 'SPR']	[-0.701, -0.701, -0.701]	LC1A	LC1A	[8.75e-06, 2.48e-05, 8.63e-06]	[2.68e-06, 2.27e-06, 2.65e-06]	1AO7_C_LC1A	TCR/pMHC	TCR/pMHC,1JCK_A_B	2	1
95	3S9D	3S9D_B	P48551	COR	['SP', 'SPR', 'SP']	[-0.742, -0.742, -0.742]	WB100A	WB87A	[3.5e-08, 1.76e-08, 3.4e-08]	[1e-08, 3e-09, 2.5e-09]	3S9D_B_WB100A		3S9D_A_B,3SE3_B_C,3SE4_B_C	2	9
96	3S9D	3S9D_A	P01563	SUP	['SP', 'SPR', 'SP']	[-1.279, -1.279, -1.279]	LA15A	LA8A	[2.6e-08, 3e-08, 6.9e-08]	[3e-09, 3e-09, 2.5e-09]	3S9D_A_LA15A		3S9D_A_B,3SE3_B_C,3SE4_B_C	2	8
97	3S9D	3S9D_A	P01563	SUR	['SP', 'SP', 'SPR']	[-0.348, -0.348, -0.348]	RA125A	RA96A	[1.8e-08, 3e-09, 4.84e-09]	[1e-08, 3e-09, 3e-09]	3S9D_A_RA125A		3S9D_A_B,3SE3_B_C,3SE4_B_C	2	8
98	2WPT	2WPT_B	P09883	COR	['RA', 'RA', 'ITC']	[-1.17, -1.17, -1.17]	FB86A	FB79A	[9.37e-08, 7.4e-07, 7.41e-05]	[1.3e-08, 1.5e-07, 8.2e-07]	2WPT_B_FB86A		2WPT_A_B,2VLP_A_B,2VLN_A_B,2VLQ_A_B,2VLO_A_B,1EMV_A_B,1FR2_A_B,2GYK_A_B	1	7
99	3S9D	3S9D_A	P01563	SUR	['SP', 'SP', 'SPR']	[-0.278, -0.278, -0.278]	KA131A	KA102A	[1.6e-08, 6.2e-09, 3e-09]	[1e-08, 3e-09, 3e-09]	3S9D_A_KA131A		3S9D_A_B,3SE3_B_C,3SE4_B_C	2	8
100	3HFM	3HFM_Y	P00698	COR	['IASP', 'IASP', 'IASP']	[-1.209, -1.209, -1.209]	DY101A	DY101A	[1e-09, 1e-09, 3.5e-10]	[1.3e-10, 7.5e-11, 7e-11]	3HFM_Y_DY101A	AB/AG	AB/AG	1	8
101	3S9D	3S9D_A	P01563	RIM	['SP', 'SP', 'SPR']	[0.211, 0.211, 0.211]	SA25A	SA18A	[7e-09, 2.6e-09, 3e-09]	[1e-08, 3e-09, 3e-09]	3S9D_A_SA25A		3S9D_A_B,3SE3_B_C,3SE4_B_C	2	8
102	3S9D	3S9D_B	P48551	SUP	['SP', 'SPR', 'SP']	[-1.52, -1.52, -1.52]	TB44A	TB33A	[1.3e-07, 5e-08, 7.4e-08]	[1e-08, 3e-09, 2.5e-09]	3S9D_B_TB44A		3S9D_A_B,3SE3_B_C,3SE4_B_C	2	9
103	3S9D	3S9D_A	P01563	INT	['SP', 'SP', 'SPR']	[-0.38, -0.38, -0.38]	DA32A	DA25A	[1.9e-08, 8.7e-09, 1.43e-08]	[1e-08, 3e-09, 3e-09]	3S9D_A_DA32A		3S9D_A_B,3SE3_B_C,3SE4_B_C	2	8
104	3S9D	3S9D_A	P01563	COR	['SP', 'SP', 'SPR']	[-3.682, -3.682, -3.682]	RA33A	RA26A	[5e-06, 2.81e-05, 0.00012]	[1e-08, 3e-09, 3e-09]	3S9D_A_RA33A		3S9D_A_B,3SE3_B_C,3SE4_B_C	2	8
105	3S9D	3S9D_A	P01563	RIM	['SP', 'SP', 'SPR']	[-0.411, -0.411, -0.411]	HA34A	HA27A	[2e-08, 7.9e-09, 8.82e-09]	[1e-08, 3e-09, 3e-09]	3S9D_A_HA34A		3S9D_A_B,3SE3_B_C,3SE4_B_C	2	8
106	3S9D	3S9D_A	P01563	RIM	['SP', 'SP', 'SPR']	[-0.24, -0.24, -0.24]	DA35A	DA28A	[1.5e-08, 4.6e-09, 6e-09]	[1e-08, 3e-09, 3e-09]	3S9D_A_DA35A		3S9D_A_B,3SE3_B_C,3SE4_B_C	2	8
107	1MHP	1MHP_L	Not Mapped	RIM	['SPR', 'KinExA', 'ELISA']	[0.54, 0.54, 0.54]	SL28Q	SL27Q	[4.3e-09, 2.76e-09, 2e-09]	[1.07e-08, 8.5e-09, 8.5e-09]	1MHP_L_SL28Q	AB/AG	AB/AG	2	4
108	4K71	4K71_A	P02768	INT	['ELISA', 'SPR', 'SPR']	[-2.032, -2.032, -2.032]	AA547V	AA545V	[9.26e-08, 2.3e-07, 1.2e-05]	[3e-09, 8e-09, 6.2e-06]	4K71_A_AA547V		4K71_A_BC	2	10
109	3S9D	3S9D_A	P01563	SUR	['SP', 'SP', 'SPR']	[-0.056, -0.056, -0.056]	KA134A	KA105A	[1.1e-08, 3.8e-09, 4.17e-09]	[1e-08, 3e-09, 3e-09]	3S9D_A_KA134A		3S9D_A_B,3SE3_B_C,3SE4_B_C	2	8
110	3S9D	3S9D_A	P01563	SUR	['SP', 'SP', 'SPR']	[-0.775, -0.775, -0.775]	KA133A	KA104A	[3.7e-08, 2.6e-08, 4.29e-09]	[1e-08, 3e-09, 3e-09]	3S9D_A_KA133A		3S9D_A_B,3SE3_B_C,3SE4_B_C	2	8
111	1AO7	1AO7_A	P04439	SUP	['SPR', 'SPR', 'SPR']	[-2.935, -2.935, -2.935]	KA66A	KA66A	[0.000316, 1.87e-05, 0.000181]	[2.23e-06, 9.1e-07, 8.8e-07]	1AO7_A_KA66A	TCR/pMHC	TCR/pMHC,1JCK_A_B	2	1
112	3S9D	3S9D_A	P01563	RIM	['SP', 'SP', 'SPR']	[-0.519, -0.519, -0.519]	FA27A	FA20A	[2.4e-08, 1.37e-08, 1e-08]	[1e-08, 3e-09, 3e-09]	3S9D_A_FA27A		3S9D_A_B,3SE3_B_C,3SE4_B_C	2	8
113	3S9D	3S9D_A	P01563	SUR	['SP', 'SP', 'SPR']	[-0.493, -0.493, -0.493]	KA31A	KA24A	[2.3e-08, 9e-09, 1e-08]	[1e-08, 3e-09, 3e-09]	3S9D_A_KA31A		3S9D_A_B,3SE3_B_C,3SE4_B_C	2	8
114	4G0N	4G0N_B	P04049	RIM	['ITC', 'IAFL', 'ITC']	[-2.13, -2.13, -2.13]	KB84A	KB31A	[2.92e-06, 5e-06, 2.5e-06]	[8.02e-08, 1.18e-08, 8e-08]	4G0N_B_KB84A		4G0N_A_B,3KUD_A_B,1LFD_A_B,1GUA_A_B,1C1Y_A_B,1K8R_A_B,1HE8_A_B,1E96_A_B	2	9
115	4G0N	4G0N_B	P04049	RIM	['ITC', 'IAFL', 'ITC']	[-1.937, -1.937, -1.937]	RB67A	RB14A	[2.11e-06, 6e-07, 1e-06]	[8.02e-08, 1.18e-08, 8e-08]	4G0N_B_RB67A		4G0N_A_B,3KUD_A_B,1LFD_A_B,1GUA_A_B,1C1Y_A_B,1K8R_A_B,1HE8_A_B,1E96_A_B	2	10
116	4G0N	4G0N_B	P04049	COR	['ITC', 'IAFL', 'ITC']	[-0.968, -0.968, -0.968]	VB69A	VB16A	[4.11e-07, 2.5e-07, 2.56e-07]	[8.02e-08, 1.18e-08, 8e-08]	4G0N_B_VB69A		4G0N_A_B,3KUD_A_B,1LFD_A_B,1GUA_A_B,1C1Y_A_B,1K8R_A_B,1HE8_A_B,1E96_A_B	2	10
117	4G0N	4G0N_B	P04049	RIM	['ITC', 'IAFL', 'ITC']	[-0.097, -0.097, -0.097]	NB64A	NB11A	[9.45e-08, 1.5e-07, 1.67e-07]	[8.02e-08, 1.18e-08, 8e-08]	4G0N_B_NB64A		4G0N_A_B,3KUD_A_B,1LFD_A_B,1GUA_A_B,1C1Y_A_B,1K8R_A_B,1HE8_A_B,1E96_A_B	2	9
118	1YQV	1YQV_Y	P00698	COR	['ITC', 'ITC', 'ITC']	[-2.001, -2.001, -2.001]	RY45K	RY45K	[1.09e-10, 6.81e-10, 2.13e-09]	[3.72e-12, 2.32e-11, 1.35e-10]	1YQV_Y_RY45K	AB/AG	AB/AG,1UUZ_A_D	2	6
119	4G0N	4G0N_A	P01112	INT	['IAFL', 'SFFL']	[-2.629, -2.629]	TA35A	TA35A	[1.1e-05, 7.2e-06]	[1.3e-07, 5e-08]	4G0N_A_TA35A		4G0N_A_B,3KUD_A_B,1LFD_A_B,1GUA_A_B,1C1Y_A_B,1K8R_A_B,1HE8_A_B,1E96_A_B	2	10
120	1JTG	1JTG_A	P62593	COR	['SPR', 'SFFL']	[-0.43, -0.43]	QA99A	QA74A	[9.85e-09, 6.22e-10]	[4.77e-09, 2.3e-10]	1JTG_A_QA99A		1XXM_A_C,1S0W_A_C,1JTG_A_B,2G2U_A_B,2G2W_A_B,3N4I_A_B,1JTD_A_B,3QHY_A_B	1	4
121	1LFD	1LFD_A	Q03386	COR	['ITC', 'IAFL']	[-1.0, -1.0]	YA31F	YA18F	[3.74e-06, 1.9e-05]	[6.91e-07, 1.21e-06]	1LFD_A_YA31F		1LFD_A_B,4G0N_A_B,3KUD_A_B,1K8R_A_B,1HE8_A_B,1GUA_A_B,1C1Y_A_B	2	4
122	1LFD	1LFD_A	Q03386	RIM	['ITC', 'SFFL']	[-0.398, -0.398]	NA27K	NA14K	[2.25e-06, 3.83e-06]	[1.15e-06, 1.94e-06]	1LFD_A_NA27K		1LFD_A_B,4G0N_A_B,3KUD_A_B,1K8R_A_B,1HE8_A_B,1GUA_A_B,1C1Y_A_B	1	4
123	1LFD	1LFD_A	Q03386	RIM	['ITC', 'SFFL']	[0.401, 0.401]	MA30K	MA17K	[5.84e-07, 4.1e-07]	[1.15e-06, 1.94e-06]	1LFD_A_MA30K		1LFD_A_B,4G0N_A_B,3KUD_A_B,1K8R_A_B,1HE8_A_B,1GUA_A_B,1C1Y_A_B	1	4
124	4G0N	4G0N_A	P01112	RIM	['ITC', 'ITC']	[-0.486, -0.486]	EA31A	EA31A	[1.82e-07, 8.33e-07]	[8.02e-08, 8e-08]	4G0N_A_EA31A		4G0N_A_B,3KUD_A_B,1LFD_A_B,1GUA_A_B,1C1Y_A_B,1K8R_A_B,1HE8_A_B,1E96_A_B	2	9
125	3F1S	3F1S_A	Q9UK55	COR	['IAFL', 'IAFL']	[1.804, 1.804]	KA239C	KA201C	[1e-10, 1.1e-09]	[2.1e-09, 1.6e-08]	3F1S_A_KA239C		3F1S_A_B	2	8
126	3F1S	3F1S_A	Q9UK55	COR	['IAFL', 'IAFL']	[1.804, 1.804]	KA239A	KA201A	[1e-10, 3e-10]	[2.1e-09, 1.6e-08]	3F1S_A_KA239A		3F1S_A_B	2	8
127	3F1S	3F1S_A	Q9UK55	COR	['IAFL', 'IAFL']	[-0.411, -0.411]	DA238A	DA200A	[4.2e-09, 5.2e-08]	[2.1e-09, 1.6e-08]	3F1S_A_DA238A		3F1S_A_B	2	8
128	1JTG	1JTG_B	P35804	RIM	['IASP', 'ITC']	[-0.108, -0.108]	RB144A	RB144A	[6e-10, 8.17e-10]	[5e-10, 1.11e-10]	1JTG_B_RB144A		1XXM_A_C,1S0W_A_C,1JTG_A_B,2G2U_A_B,2G2W_A_B,3N4I_A_B,1JTD_A_B,3QHY_A_B	2	4
129	1JTG	1JTG_B	P35804	COR	['IASP', 'ITC']	[-0.759, -0.759]	GB141A	GB141A	[1.8e-09, 2.61e-09]	[5e-10, 1.11e-10]	1JTG_B_GB141A		1XXM_A_C,1S0W_A_C,1JTG_A_B,2G2U_A_B,2G2W_A_B,3N4I_A_B,1JTD_A_B,3QHY_A_B	2	3
130	1JTG	1JTG_B	P35804	COR	['IASP', 'ITC']	[0.132, 0.132]	EB73A	EB73A	[4e-10, 5.86e-10]	[5e-10, 1.11e-10]	1JTG_B_EB73A		1XXM_A_C,1S0W_A_C,1JTG_A_B,2G2U_A_B,2G2W_A_B,3N4I_A_B,1JTD_A_B,3QHY_A_B	2	3
131	1TM1	1TM1_I	Q40059	COR	['IASP', 'IASP']	[-2.925, -2.925]	EI60A	EI41A	[9.75e-11, 5.2e-10]	[7e-13, 3e-12]	1TM1_I_EI60A	Pr/PI	Pr/PI	1	5
132	1LFD	1LFD_A	Q03386	INT	['ITC', 'SFFL']	[0.502, 0.502]	LA23K	LA10K	[4.93e-07, 1.89e-06]	[1.15e-06, 1.94e-06]	1LFD_A_LA23K		1LFD_A_B,4G0N_A_B,3KUD_A_B,1K8R_A_B,1HE8_A_B,1GUA_A_B,1C1Y_A_B	1	4
133	1LFD	1LFD_A	Q03386	INT	['ITC', 'SFFL']	[-0.898, -0.898]	SA22K	SA9K	[5.24e-06, 1.59e-06]	[1.15e-06, 1.94e-06]	1LFD_A_SA22K		1LFD_A_B,4G0N_A_B,3KUD_A_B,1K8R_A_B,1HE8_A_B,1GUA_A_B,1C1Y_A_B	1	4
134	1LFD	1LFD_A	Q03386	SUR	['ITC', 'SFFL']	[0.902, 0.902]	DA94K	DA81K	[2.51e-07, 2.8e-07]	[1.15e-06, 1.94e-06]	1LFD_A_DA94K		1LFD_A_B,4G0N_A_B,3KUD_A_B,1K8R_A_B,1HE8_A_B,1GUA_A_B,1C1Y_A_B	1	4
135	1LFD	1LFD_A	Q03386	SUR	['ITC', 'SFFL']	[-0.199, -0.199]	YA93K	YA80K	[1.61e-06, 2.21e-06]	[1.15e-06, 1.94e-06]	1LFD_A_YA93K		1LFD_A_B,4G0N_A_B,3KUD_A_B,1K8R_A_B,1HE8_A_B,1GUA_A_B,1C1Y_A_B	1	4
136	1LFD	1LFD_A	Q03386	SUR	['ITC', 'SFFL']	[0.401, 0.401]	NA92K	NA79K	[5.84e-07, 7.5e-07]	[1.15e-06, 1.94e-06]	1LFD_A_NA92K		1LFD_A_B,4G0N_A_B,3KUD_A_B,1K8R_A_B,1HE8_A_B,1GUA_A_B,1C1Y_A_B	1	4
137	1LFD	1LFD_A	Q03386	SUR	['ITC', 'SFFL']	[0.502, 0.502]	DA58K	DA45K	[4.93e-07, 4.2e-07]	[1.15e-06, 1.94e-06]	1LFD_A_DA58K		1LFD_A_B,4G0N_A_B,3KUD_A_B,1K8R_A_B,1HE8_A_B,1GUA_A_B,1C1Y_A_B	1	4
138	1JTG	1JTG_A	P62593	COR	['SPR', 'SFFL']	[0.407, 0.407]	VA216A	VA190A	[2.4e-09, 8.6e-11]	[4.77e-09, 2.3e-10]	1JTG_A_VA216A		1XXM_A_C,1S0W_A_C,1JTG_A_B,2G2U_A_B,2G2W_A_B,3N4I_A_B,1JTD_A_B,3QHY_A_B	1	4
139	1JTG	1JTG_A	P62593	COR	['SPR', 'SFFL']	[-0.739, -0.739]	MA129A	MA104A	[1.66e-08, 2.94e-09]	[4.77e-09, 2.3e-10]	1JTG_A_MA129A		1XXM_A_C,1S0W_A_C,1JTG_A_B,2G2U_A_B,2G2W_A_B,3N4I_A_B,1JTD_A_B,3QHY_A_B	1	4
140	1JTG	1JTG_A	P62593	COR	['SPR', 'SFFL']	[-4.062, -4.062]	EA110A	EA85A	[4.53e-06, 2.5e-11]	[4.77e-09, 2.3e-10]	1JTG_A_EA110A		1XXM_A_C,1S0W_A_C,1JTG_A_B,2G2U_A_B,2G2W_A_B,3N4I_A_B,1JTD_A_B,3QHY_A_B	1	3
141	4I77	4I77_H	Not Mapped	COR	['SPR', 'SPR']	[-1.692, -1.692]	YH100A	YH103A	[1.74e-10, 8.05e-10]	[1e-11, 1e-11]	4I77_H_YH100A	AB/AG	AB/AG	2	10
142	4I77	4I77_H	Not Mapped	COR	['SPR', 'SPR']	[0.0, 0.0]	YH100F	YH103F	[1e-11, 2.9e-11]	[1e-11, 1e-11]	4I77_H_YH100F	AB/AG	AB/AG	2	10
143	4I77	4I77_H	Not Mapped	COR	['SPR', 'SPR']	[-0.942, -0.942]	YH98A	YH101A	[4.9e-11, 4.66e-10]	[1e-11, 1e-11]	4I77_H_YH98A	AB/AG	AB/AG	2	10
144	1JCK	1JCK_B	P0A0L5	COR	['SPR', 'SE']	[-2.077, -2.077]	NB23A	NB23A	[nan, 0.00015]	[3e-06, 4.5e-06]	1JCK_B_NB23A		1JCK_A_B,1SBB_A_B,3QDJ_ABC_DE,3QDG_ABC_DE,4L3E_ABC_DE,4JFF_ABC_DE,4JFD_ABC_DE,4JFE_ABC_DE,2P5E_ABC_DE,2PYE_ABC_DE,2BNR_ABC_DE,2BNQ_ABC_DE,1AO7_ABC_DE,4FTV_ABC_DE,3D3V_ABC_DE,3QFJ_ABC_DE,3QIB_ABP_CD,1QSE_ABC_DE,1QRN_ABC_DE,1QSF_ABC_DE,3H9S_ABC_DE,3PWP_ABC_DE,1LP9_ABC_EF,2UWE_ABC_EF,2JCC_ABC_EF,2J8U_ABC_EF,4OZG_ABJ_GH,1MI5_ABC_DE,3HG1_ABC_DE,4P23_CD_AB,4P5T_CD_AB,1BD2_ABC_DE,2AK4_ABC_DE,2VLR_ABC_DE,1OGA_ABC_DE,2E7L_EQ_AD,3C60_CD_AB,2OI9_AQ_BC	2	3
145	1JCK	1JCK_B	P0A0L5	COR	['SPR', 'SE']	[-1.655, -1.655]	TB20A	TB20A	[4.9e-05, 4.2e-05]	[3e-06, 4.5e-06]	1JCK_B_TB20A		1JCK_A_B,1SBB_A_B,3QDJ_ABC_DE,3QDG_ABC_DE,4L3E_ABC_DE,4JFF_ABC_DE,4JFD_ABC_DE,4JFE_ABC_DE,2P5E_ABC_DE,2PYE_ABC_DE,2BNR_ABC_DE,2BNQ_ABC_DE,1AO7_ABC_DE,4FTV_ABC_DE,3D3V_ABC_DE,3QFJ_ABC_DE,3QIB_ABP_CD,1QSE_ABC_DE,1QRN_ABC_DE,1QSF_ABC_DE,3H9S_ABC_DE,3PWP_ABC_DE,1LP9_ABC_EF,2UWE_ABC_EF,2JCC_ABC_EF,2J8U_ABC_EF,4OZG_ABJ_GH,1MI5_ABC_DE,3HG1_ABC_DE,4P23_CD_AB,4P5T_CD_AB,1BD2_ABC_DE,2AK4_ABC_DE,2VLR_ABC_DE,1OGA_ABC_DE,2E7L_EQ_AD,3C60_CD_AB,2OI9_AQ_BC	1	3
146	1SBB	1SBB_B	P01552	RIM	['SPR', 'SE']	[-0.079, -0.079]	YB91V	YB91V	[0.00016, 0.00014]	[0.00014, 0.00012]	1SBB_B_YB91V		1SBB_A_B,1JCK_A_B	1	5
147	1SBB	1SBB_B	P01552	RIM	['SPR', 'SE']	[1.456, 1.456]	VB26Y	VB26Y	[1.2e-05, 2.6e-05]	[0.00014, 0.00012]	1SBB_B_VB26Y		1SBB_A_B,1JCK_A_B	1	5
148	1SBB	1SBB_B	P01552	COR	['SPR', 'SE']	[0.091, 0.091]	LB20T	LB20T	[0.00012, 0.0001]	[0.00014, 0.00012]	1SBB_B_LB20T		1SBB_A_B,1JCK_A_B	1	5
149	2B2X	2B2X_H	P01868	SUP	['KinExA', 'ELISA']	[-0.09, -0.09]	VH50T	VH50T	[1.7e-09, 1.36e-09]	[1.46e-09, 1.46e-09]	2B2X_H_VH50T	AB/AG	AB/AG	2	6
150	2B2X	2B2X_H	P01868	SUR	['KinExA', 'ELISA']	[0.157, 0.157]	EH64K	EH64K	[1.12e-09, 1.7e-09]	[1.46e-09, 1.46e-09]	2B2X_H_EH64K	AB/AG	AB/AG	2	6
151	1MHP	1MHP_H	Not Mapped	SUR	['ELISA', 'ELISA']	[-0.755, -0.755]	FH99Y	FH99Y	[3.04e-08, 3.04e-08]	[8.5e-09, 8.5e-09]	1MHP_H_FH99Y	AB/AG	AB/AG	2	4
152	1MHP	1MHP_H	Not Mapped	RIM	['KinExA', 'ELISA']	[0.0, 0.0]	GH54Y	GH54Y	[8.5e-09, 8.5e-09]	[8.5e-09, 8.5e-09]	1MHP_H_GH54Y	AB/AG	AB/AG	2	4
153	1MHP	1MHP_H	Not Mapped	RIM	['KinExA', 'ELISA']	[-0.574, -0.574]	GH100F	GH100F	[2.24e-08, 1.2e-08]	[8.5e-09, 8.5e-09]	1MHP_H_GH100F	AB/AG	AB/AG	2	4
154	1MHP	1MHP_L	Not Mapped	SUR	['KinExA', 'ELISA']	[0.177, 0.177]	NL52E	NL51E	[6.3e-09, 8.5e-09]	[8.5e-09, 8.5e-09]	1MHP_L_NL52E	AB/AG	AB/AG	2	4
155	1MHP	1MHP_L	Not Mapped	SUR	['KinExA', 'ELISA']	[0.067, 0.067]	SL24R	SL23R	[7.59e-09, 4.6e-09]	[8.5e-09, 8.5e-09]	1MHP_L_SL24R	AB/AG	AB/AG	2	4
156	1MHP	1MHP_H	Not Mapped	RIM	['KinExA', 'ELISA']	[-0.102, -0.102]	GH100M	GH100M	[1.01e-08, 1.01e-08]	[8.5e-09, 8.5e-09]	1MHP_H_GH100M	AB/AG	AB/AG	2	4
157	1FSS	1FSS_B	P0C1Z0	RIM	['IASP', 'IASP']	[-0.315, -0.315]	RB11K	RB11K	[6.3e-10, 5.3e-10]	[3.7e-10, 3.1e-10]	1FSS_B_RB11K		1FSS_A_B,1B41_A_B,1MAH_A_F	2	3
158	1FSS	1FSS_B	P0C1Z0	COR	['IASP', 'IASP']	[-1.199, -1.199]	TB9N	TB9N	[2.8e-09, 2.8e-09]	[3.7e-10, 3.1e-10]	1FSS_B_TB9N		1FSS_A_B,1B41_A_B,1MAH_A_F	2	3
159	1FSS	1FSS_B	P0C1Z0	COR	['IASP', 'IASP']	[-0.369, -0.369]	TB8V	TB8V	[6.9e-10, 1.25e-10]	[3.7e-10, 3.1e-10]	1FSS_B_TB8V		1FSS_A_B,1B41_A_B,1MAH_A_F	2	3
160	1AO7	1AO7_A	P04439	SUP	['SPR', 'SPR']	[-1.2, -1.2]	WA167A	WA167A	[6.9e-06, 9.77e-06]	[9.1e-07, 8.8e-07]	1AO7_A_WA167A	TCR/pMHC	TCR/pMHC,1JCK_A_B	2	1
161	1MHP	1MHP_H	Not Mapped	SUR	['KinExA', 'ELISA']	[0.123, 0.123]	KH64D	KH64D	[6.91e-09, 5.86e-09]	[8.5e-09, 8.5e-09]	1MHP_H_KH64D	AB/AG	AB/AG	2	4
162	1MHP	1MHP_H	Not Mapped	SUR	['KinExA', 'ELISA']	[0.155, 0.155]	KH64Q	KH64Q	[6.54e-09, 8.5e-09]	[8.5e-09, 8.5e-09]	1MHP_H_KH64Q	AB/AG	AB/AG	2	4
163	1MHP	1MHP_H	Not Mapped	SUR	['KinExA', 'ELISA']	[0.155, 0.155]	KH64E	KH64E	[6.54e-09, 8.5e-09]	[8.5e-09, 8.5e-09]	1MHP_H_KH64E	AB/AG	AB/AG	2	4
164	1MHP	1MHP_H	Not Mapped	INT	['KinExA', 'ELISA']	[0.123, 0.123]	LH60D	LH60D	[6.91e-09, 8.5e-09]	[8.5e-09, 8.5e-09]	1MHP_H_LH60D	AB/AG	AB/AG	2	4
165	1MHP	1MHP_H	Not Mapped	SUP	['KinExA', 'ELISA']	[0.263, 0.263]	TH50V	TH50V	[5.45e-09, 8.5e-09]	[8.5e-09, 8.5e-09]	1MHP_H_TH50V	AB/AG	AB/AG	2	4
166	1MHP	1MHP_L	Not Mapped	SUP	['KinExA', 'ELISA']	[-0.925, -0.925]	LL49K	LL48K	[4.05e-08, 3.27e-08]	[8.5e-09, 8.5e-09]	1MHP_L_LL49K	AB/AG	AB/AG	2	4
167	4I77	4I77_L	Not Mapped	SUP	['SPR', 'SPR']	[-1.722, -1.722]	NL91A	NL95A	[1.83e-10, 5.4e-11]	[1e-11, 1e-11]	4I77_L_NL91A	AB/AG	AB/AG	2	10
168	4I77	4I77_L	Not Mapped	RIM	['SPR', 'SPR']	[0.0, 0.0]	YL28A	YL32A	[1e-11, 1.41e-10]	[1e-11, 1e-11]	4I77_L_YL28A	AB/AG	AB/AG	2	10
169	4I77	4I77_L	Not Mapped	RIM	['SPR', 'SPR']	[0.0, 0.0]	YL28F	YL32F	[1e-11, 1e-11]	[1e-11, 1e-11]	4I77_L_YL28F	AB/AG	AB/AG	2	10
170	4I77	4I77_H	Not Mapped	SUP	['SPR', 'SPR']	[-2.115, -2.115]	WH52A	WH52A	[3.55e-10, 1.36e-09]	[1e-11, 1e-11]	4I77_H_WH52A	AB/AG	AB/AG	2	10
171	4I77	4I77_H	Not Mapped	SUP	['SPR', 'SPR']	[-2.1, -2.1]	WH52F	WH52F	[3.46e-10, 1.17e-09]	[1e-11, 1e-11]	4I77_H_WH52F	AB/AG	AB/AG	2	10
172	4I77	4I77_H	Not Mapped	RIM	['SPR', 'SPR']	[-2.125, -2.125]	DH54A	DH54A	[3.61e-10, 1.57e-09]	[1e-11, 1e-11]	4I77_H_DH54A	AB/AG	AB/AG	2	10
173	1DVF	1DVF_A	P01635	COR	['SPR', 'SPR']	[-2.031, -2.031]	YA32A	YA32A	[3.33e-07, 3.33e-07]	[1.08e-08, 1.08e-08]	1DVF_A_YA32A	AB/AG	AB/AG	1	3
174	1AO7	1AO7_A	P04439	RIM	['SPR', 'SPR']	[-0.357, -0.357]	QA72A	QA72A	[5.24e-06, 9.06e-07]	[2.87e-06, 8.8e-07]	1AO7_A_QA72A	TCR/pMHC	TCR/pMHC,1JCK_A_B	2	1
175	3D3V	3D3V_C	Not Mapped	COR	['SPR', 'SPR']	[-3.414, -3.414]	YC8A	YC8A	[0.000275, 0.000275]	[8.65e-07, 8.65e-07]	3D3V_C_YC8A	TCR/pMHC	TCR/pMHC,1JCK_A_B	2	7
176	3D3V	3D3V_E	P01850	RIM	['SPR', 'SPR']	[-2.115, -2.115]	EE30A	EE30A	[3.07e-05, 0.000467]	[8.65e-07, 2e-06]	3D3V_E_EE30A	TCR/pMHC	TCR/pMHC,1JCK_A_B	2	7
177	1AO7	1AO7_C	P14079	COR	['SPR', 'SPR']	[-3.168, -3.168]	YC8A	YC8A	[0.000638, nan]	[3.04e-06, 9.1e-07]	1AO7_C_YC8A	TCR/pMHC	TCR/pMHC,1JCK_A_B	2	1
178	4I77	4I77_H	Not Mapped	COR	['SPR', 'SPR']	[0.0, 0.0]	YH98F	YH101F	[1e-11, 1e-11]	[1e-11, 1e-11]	4I77_H_YH98F	AB/AG	AB/AG	2	10
179	4I77	4I77_H	Not Mapped	RIM	['SPR', 'SPR']	[0.0, 0.0]	YH97A	YH100A	[1e-11, 1e-11]	[1e-11, 1e-11]	4I77_H_YH97A	AB/AG	AB/AG	2	10
180	4I77	4I77_H	Not Mapped	RIM	['SPR', 'SPR']	[0.0, 0.0]	YH97F	YH100F	[1e-11, 1e-11]	[1e-11, 1e-11]	4I77_H_YH97F	AB/AG	AB/AG	2	10
181	3N85	3N85_H	Not Mapped	COR	['SPR', 'SPR']	[0.015, 0.015]	WH96F	WH100F	[7.7e-10, 7.7e-10]	[7.9e-10, 7.9e-10]	3N85_H_WH96F	AB/AG	AB/AG,3MZW_A_B	2	8
182	3BT1	3BT1_U	Q03405	INT	['SPR', 'SPR']	[-0.42, -0.42]	RU145A	RU143A	[1.85e-09, 2.17e-09]	[9.1e-10, 4.6e-10]	3BT1_U_RU145A		3BT1_A_U	1	7
183	3BT1	3BT1_U	Q03405	INT	['SPR', 'SPR']	[-0.662, -0.662]	HU143A	HU141A	[2.78e-09, 1.35e-09]	[9.1e-10, 4.6e-10]	3BT1_U_HU143A		3BT1_A_U	1	7
184	3BT1	3BT1_U	Q03405	SUR	['SPR', 'SPR']	[-0.363, -0.363]	RU142A	RU140A	[1.68e-09, 1.79e-09]	[9.1e-10, 4.6e-10]	3BT1_U_RU142A		3BT1_A_U	1	7
185	3BT1	3BT1_U	Q03405	RIM	['SPR', 'SPR']	[-0.674, -0.674]	KU139A	KU137A	[2.84e-09, 1.31e-09]	[9.1e-10, 4.6e-10]	3BT1_U_KU139A		3BT1_A_U	1	7
186	3BT1	3BT1_U	Q03405	INT	['SPR', 'SPR']	[0.288, 0.288]	RU137A	RU135A	[5.6e-10, 7e-10]	[9.1e-10, 4.6e-10]	3BT1_U_RU137A		3BT1_A_U	1	7
187	1FSS	1FSS_B	P0C1Z0	RIM	['IASP', 'IASP']	[-1.083, -1.083]	KB32R	KB32R	[2.3e-09, 2.3e-09]	[3.7e-10, 3.1e-10]	1FSS_B_KB32R		1FSS_A_B,1B41_A_B,1MAH_A_F	2	3
188	1FSS	1FSS_B	P0C1Z0	RIM	['IASP', 'IASP']	[1.488, 1.488]	HB29R	HB29R	[3e-11, 5.2e-11]	[3.7e-10, 3.1e-10]	1FSS_B_HB29R		1FSS_A_B,1B41_A_B,1MAH_A_F	2	3
189	1DVF	1DVF_B	P01820	COR	['SPR', 'SPR']	[-1.163, -1.163]	NB56A	NB56A	[7.69e-08, 7.69e-08]	[1.08e-08, 1.08e-08]	1DVF_B_NB56A	AB/AG	AB/AG	1	3
190	1DVF	1DVF_B	P01820	RIM	['SPR', 'SPR']	[-4.283, -4.283]	DB54A	DB54A	[1.49e-05, 1.49e-05]	[1.08e-08, 1.08e-08]	1DVF_B_DB54A	AB/AG	AB/AG	1	3
191	1DVF	1DVF_B	P01820	COR	['SPR', 'SPR']	[-4.135, -4.135]	WB52A	WB52A	[1.16e-05, 1.16e-05]	[1.08e-08, 1.08e-08]	1DVF_B_WB52A	AB/AG	AB/AG	1	3
192	1JCK	1JCK_B	P0A0L5	SUP	['SPR', 'SE']	[-2.077, -2.077]	QB210A	QB210A	[nan, 0.00015]	[3e-06, 4.5e-06]	1JCK_B_QB210A		1JCK_A_B,1SBB_A_B,3QDJ_ABC_DE,3QDG_ABC_DE,4L3E_ABC_DE,4JFF_ABC_DE,4JFD_ABC_DE,4JFE_ABC_DE,2P5E_ABC_DE,2PYE_ABC_DE,2BNR_ABC_DE,2BNQ_ABC_DE,1AO7_ABC_DE,4FTV_ABC_DE,3D3V_ABC_DE,3QFJ_ABC_DE,3QIB_ABP_CD,1QSE_ABC_DE,1QRN_ABC_DE,1QSF_ABC_DE,3H9S_ABC_DE,3PWP_ABC_DE,1LP9_ABC_EF,2UWE_ABC_EF,2JCC_ABC_EF,2J8U_ABC_EF,4OZG_ABJ_GH,1MI5_ABC_DE,3HG1_ABC_DE,4P23_CD_AB,4P5T_CD_AB,1BD2_ABC_DE,2AK4_ABC_DE,2VLR_ABC_DE,1OGA_ABC_DE,2E7L_EQ_AD,3C60_CD_AB,2OI9_AQ_BC	2	3
193	1JCK	1JCK_B	P0A0L5	RIM	['SPR', 'SE']	[-2.134, -2.134]	FB176A	FB176A	[0.00011, 9.2e-05]	[3e-06, 4.5e-06]	1JCK_B_FB176A		1JCK_A_B,1SBB_A_B,3QDJ_ABC_DE,3QDG_ABC_DE,4L3E_ABC_DE,4JFF_ABC_DE,4JFD_ABC_DE,4JFE_ABC_DE,2P5E_ABC_DE,2PYE_ABC_DE,2BNR_ABC_DE,2BNQ_ABC_DE,1AO7_ABC_DE,4FTV_ABC_DE,3D3V_ABC_DE,3QFJ_ABC_DE,3QIB_ABP_CD,1QSE_ABC_DE,1QRN_ABC_DE,1QSF_ABC_DE,3H9S_ABC_DE,3PWP_ABC_DE,1LP9_ABC_EF,2UWE_ABC_EF,2JCC_ABC_EF,2J8U_ABC_EF,4OZG_ABJ_GH,1MI5_ABC_DE,3HG1_ABC_DE,4P23_CD_AB,4P5T_CD_AB,1BD2_ABC_DE,2AK4_ABC_DE,2VLR_ABC_DE,1OGA_ABC_DE,2E7L_EQ_AD,3C60_CD_AB,2OI9_AQ_BC	1	3
194	1JCK	1JCK_B	P0A0L5	INT	['SPR', 'SE']	[-0.677, -0.677]	KB103A	KB103A	[9.4e-06, 5.6e-06]	[3e-06, 4.5e-06]	1JCK_B_KB103A		1JCK_A_B,1SBB_A_B,3QDJ_ABC_DE,3QDG_ABC_DE,4L3E_ABC_DE,4JFF_ABC_DE,4JFD_ABC_DE,4JFE_ABC_DE,2P5E_ABC_DE,2PYE_ABC_DE,2BNR_ABC_DE,2BNQ_ABC_DE,1AO7_ABC_DE,4FTV_ABC_DE,3D3V_ABC_DE,3QFJ_ABC_DE,3QIB_ABP_CD,1QSE_ABC_DE,1QRN_ABC_DE,1QSF_ABC_DE,3H9S_ABC_DE,3PWP_ABC_DE,1LP9_ABC_EF,2UWE_ABC_EF,2JCC_ABC_EF,2J8U_ABC_EF,4OZG_ABJ_GH,1MI5_ABC_DE,3HG1_ABC_DE,4P23_CD_AB,4P5T_CD_AB,1BD2_ABC_DE,2AK4_ABC_DE,2VLR_ABC_DE,1OGA_ABC_DE,2E7L_EQ_AD,3C60_CD_AB,2OI9_AQ_BC	1	3
195	1JCK	1JCK_B	P0A0L5	COR	['SPR', 'SE']	[-2.233, -2.233]	VB91A	VB91A	[0.00013, 0.000117]	[3e-06, 4.5e-06]	1JCK_B_VB91A		1JCK_A_B,1SBB_A_B,3QDJ_ABC_DE,3QDG_ABC_DE,4L3E_ABC_DE,4JFF_ABC_DE,4JFD_ABC_DE,4JFE_ABC_DE,2P5E_ABC_DE,2PYE_ABC_DE,2BNR_ABC_DE,2BNQ_ABC_DE,1AO7_ABC_DE,4FTV_ABC_DE,3D3V_ABC_DE,3QFJ_ABC_DE,3QIB_ABP_CD,1QSE_ABC_DE,1QRN_ABC_DE,1QSF_ABC_DE,3H9S_ABC_DE,3PWP_ABC_DE,1LP9_ABC_EF,2UWE_ABC_EF,2JCC_ABC_EF,2J8U_ABC_EF,4OZG_ABJ_GH,1MI5_ABC_DE,3HG1_ABC_DE,4P23_CD_AB,4P5T_CD_AB,1BD2_ABC_DE,2AK4_ABC_DE,2VLR_ABC_DE,1OGA_ABC_DE,2E7L_EQ_AD,3C60_CD_AB,2OI9_AQ_BC	1	3
196	1JCK	1JCK_B	P0A0L5	COR	['SPR', 'SE']	[-2.596, -2.596]	YB90A	YB90A	[0.00024, 0.00015]	[3e-06, 4.5e-06]	1JCK_B_YB90A		1JCK_A_B,1SBB_A_B,3QDJ_ABC_DE,3QDG_ABC_DE,4L3E_ABC_DE,4JFF_ABC_DE,4JFD_ABC_DE,4JFE_ABC_DE,2P5E_ABC_DE,2PYE_ABC_DE,2BNR_ABC_DE,2BNQ_ABC_DE,1AO7_ABC_DE,4FTV_ABC_DE,3D3V_ABC_DE,3QFJ_ABC_DE,3QIB_ABP_CD,1QSE_ABC_DE,1QRN_ABC_DE,1QSF_ABC_DE,3H9S_ABC_DE,3PWP_ABC_DE,1LP9_ABC_EF,2UWE_ABC_EF,2JCC_ABC_EF,2J8U_ABC_EF,4OZG_ABJ_GH,1MI5_ABC_DE,3HG1_ABC_DE,4P23_CD_AB,4P5T_CD_AB,1BD2_ABC_DE,2AK4_ABC_DE,2VLR_ABC_DE,1OGA_ABC_DE,2E7L_EQ_AD,3C60_CD_AB,2OI9_AQ_BC	1	3
197	1JCK	1JCK_B	P0A0L5	RIM	['SPR', 'SE']	[-1.643, -1.643]	NB60A	NB60A	[4.8e-05, 2.5e-05]	[3e-06, 4.5e-06]	1JCK_B_NB60A		1JCK_A_B,1SBB_A_B,3QDJ_ABC_DE,3QDG_ABC_DE,4L3E_ABC_DE,4JFF_ABC_DE,4JFD_ABC_DE,4JFE_ABC_DE,2P5E_ABC_DE,2PYE_ABC_DE,2BNR_ABC_DE,2BNQ_ABC_DE,1AO7_ABC_DE,4FTV_ABC_DE,3D3V_ABC_DE,3QFJ_ABC_DE,3QIB_ABP_CD,1QSE_ABC_DE,1QRN_ABC_DE,1QSF_ABC_DE,3H9S_ABC_DE,3PWP_ABC_DE,1LP9_ABC_EF,2UWE_ABC_EF,2JCC_ABC_EF,2J8U_ABC_EF,4OZG_ABJ_GH,1MI5_ABC_DE,3HG1_ABC_DE,4P23_CD_AB,4P5T_CD_AB,1BD2_ABC_DE,2AK4_ABC_DE,2VLR_ABC_DE,1OGA_ABC_DE,2E7L_EQ_AD,3C60_CD_AB,2OI9_AQ_BC	1	3
198	1JCK	1JCK_B	P0A0L5	COR	['SPR', 'SE']	[-1.775, -1.775]	YB26A	YB26A	[6e-05, 8.6e-05]	[3e-06, 4.5e-06]	1JCK_B_YB26A		1JCK_A_B,1SBB_A_B,3QDJ_ABC_DE,3QDG_ABC_DE,4L3E_ABC_DE,4JFF_ABC_DE,4JFD_ABC_DE,4JFE_ABC_DE,2P5E_ABC_DE,2PYE_ABC_DE,2BNR_ABC_DE,2BNQ_ABC_DE,1AO7_ABC_DE,4FTV_ABC_DE,3D3V_ABC_DE,3QFJ_ABC_DE,3QIB_ABP_CD,1QSE_ABC_DE,1QRN_ABC_DE,1QSF_ABC_DE,3H9S_ABC_DE,3PWP_ABC_DE,1LP9_ABC_EF,2UWE_ABC_EF,2JCC_ABC_EF,2J8U_ABC_EF,4OZG_ABJ_GH,1MI5_ABC_DE,3HG1_ABC_DE,4P23_CD_AB,4P5T_CD_AB,1BD2_ABC_DE,2AK4_ABC_DE,2VLR_ABC_DE,1OGA_ABC_DE,2E7L_EQ_AD,3C60_CD_AB,2OI9_AQ_BC	1	3
199	3S9D	3S9D_B	P48551	SUR	['SP', 'SPR']	[-0.38, -0.38]	KB53A	KB42A	[1.9e-08, 8.11e-09]	[1e-08, 3e-09]	3S9D_B_KB53A		3S9D_A_B,3SE3_B_C,3SE4_B_C	2	8
200	3S9D	3S9D_B	P48551	RIM	['SP', 'SPR']	[-0.199, -0.199]	EB50A	EB39A	[1.4e-08, 4.29e-09]	[1e-08, 3e-09]	3S9D_B_EB50A		3S9D_A_B,3SE3_B_C,3SE4_B_C	2	8
201	3S9D	3S9D_B	P48551	RIM	['SP', 'SPR']	[-0.314, -0.314]	KB48A	KB37A	[1.7e-08, 9.68e-09]	[1e-08, 3e-09]	3S9D_B_KB48A		3S9D_A_B,3SE3_B_C,3SE4_B_C	2	8
202	3S9D	3S9D_B	P48551	COR	['SP', 'SPR']	[-0.467, -0.467]	SB47A	SB36A	[2.2e-08, 7.5e-09]	[1e-08, 3e-09]	3S9D_B_SB47A		3S9D_A_B,3SE3_B_C,3SE4_B_C	2	8
203	3S9D	3S9D_B	P48551	COR	['SP', 'SPR']	[-3.682, -3.682]	MB46A	MB35A	[5e-06, 1.5e-07]	[1e-08, 3e-09]	3S9D_B_MB46A		3S9D_A_B,3SE3_B_C,3SE4_B_C	2	8
204	1DVF	1DVF_A	P01635	SUP	['SPR', 'SPR']	[-1.629, -1.629]	YA49A	YA49A	[1.69e-07, 2e-07]	[1.08e-08, 1.08e-08]	1DVF_A_YA49A	AB/AG	AB/AG	1	3
205	1VFB	1VFB_B	P01820	RIM	['SPR', 'SPR']	[-0.639, -0.639]	DB54A	DB54A	[5.88e-08, 6.67e-08]	[2e-08, 1.25e-08]	1VFB_B_DB54A	AB/AG	AB/AG	1	5
206	1VFB	1VFB_B	P01820	COR	['SPR', 'SPR']	[-0.364, -0.364]	WB52A	WB52A	[3.7e-08, 5.88e-08]	[2e-08, 1.25e-08]	1VFB_B_WB52A	AB/AG	AB/AG	1	5
207	1VFB	1VFB_B	P01820	COR	['SPR', 'SPR']	[-0.46, -0.46]	YB32A	YB32A	[4.35e-08, 8.33e-08]	[2e-08, 1.25e-08]	1VFB_B_YB32A	AB/AG	AB/AG	1	5
208	1AO7	1AO7_D	A0A075B6T6,P01848	COR	['SPR', 'SPR']	[0.475, 0.475]	SD100A	SD94A	[1.26e-06, 2.1e-06]	[2.81e-06, 2.1e-06]	1AO7_D_SD100A	TCR/pMHC	TCR/pMHC,1JCK_A_B	2	1
209	4FTV	4FTV_A	P04439	RIM	['SPR', 'SPR']	[-3.827, -3.827]	RA65A	RA65A	[0.00136, 0.000624]	[2.13e-06, 2.87e-06]	4FTV_A_RA65A	TCR/pMHC	TCR/pMHC,1JCK_A_B	2	9
210	4FTV	4FTV_D	Not Mapped	COR	['SPR', 'SPR']	[-1.014, -1.014]	DD99A	DD93A	[1.18e-05, 1.07e-05]	[2.13e-06, 2.87e-06]	4FTV_D_DD99A	TCR/pMHC	TCR/pMHC,1JCK_A_B	2	9
211	1VFB	1VFB_A	P01635	COR	['SPR', 'SPR']	[-1.34, -1.34]	YA32A	YA32A	[1.92e-07, 2.27e-07]	[2e-08, 1.25e-08]	1VFB_A_YA32A	AB/AG	AB/AG	1	5
212	1DVF	1DVF_B	P01820	RIM	['SPR', 'SPR']	[-2.791, -2.791]	DB100A	DB100A	[1.2e-06, 1.2e-06]	[1.08e-08, 1.08e-08]	1DVF_B_DB100A	AB/AG	AB/AG	1	3
213	1DVF	1DVF_B	P01820	SUP	['SPR', 'SPR']	[-4.189, -4.189]	EB98A	EB98A	[1.27e-05, 1.27e-05]	[1.08e-08, 1.08e-08]	1DVF_B_EB98A	AB/AG	AB/AG	1	3
214	1DVF	1DVF_B	P01820	COR	['SPR', 'SPR']	[-1.601, -1.601]	DB58A	DB58A	[1.61e-07, 1.61e-07]	[1.08e-08, 1.08e-08]	1DVF_B_DB58A	AB/AG	AB/AG	1	3
215	1AO7	1AO7_D	A0A075B6T6,P01848	COR	['SPR', 'SPR']	[-1.292, -1.292]	KD68A	KD66A	[2.09e-05, 1.72e-05]	[2.36e-06, 2.55e-06]	1AO7_D_KD68A	TCR/pMHC	TCR/pMHC,1JCK_A_B	2	1
216	1AO7	1AO7_D	A0A075B6T6,P01848	COR	['SPR', 'SPR']	[-0.498, -0.498]	YD50A	YD50A	[6.68e-06, 1.05e-05]	[2.88e-06, 4.64e-06]	1AO7_D_YD50A	TCR/pMHC	TCR/pMHC,1JCK_A_B	2	1
217	2J8U	2J8U_A	P04439	SUP	['SPR', 'ITC']	[0.728, 0.728]	AA66K	AA66K	[9.3e-06, 1e-06]	[3.18e-05, 7e-06]	2J8U_A_AA66K	TCR/pMHC	TCR/pMHC,1JCK_A_B	2	6
218	1LP9	1LP9_A	P04439	SUP	['SPR', 'ITC']	[-0.728, -0.728]	KA66A	KA66A	[3.18e-05, 7e-06]	[9.3e-06, 1e-06]	1LP9_A_KA66A	TCR/pMHC	TCR/pMHC,1JCK_A_B	2	4
219	1AO7	1AO7_E	P01850	COR	['SPR', 'SPR']	[0.341, 0.341]	GE100S	GE97S	[1.8e-06, 1.24e-06]	[3.2e-06, 2.1e-06]	1AO7_E_GE100S	TCR/pMHC	TCR/pMHC,1JCK_A_B	2	1
220	1AO7	1AO7_E	P01850	RIM	['SPR', 'SPR']	[0.309, 0.309]	AE99M	AE96M	[1.9e-06, 1.24e-06]	[3.2e-06, 2.1e-06]	1AO7_E_AE99M	TCR/pMHC	TCR/pMHC,1JCK_A_B	2	1
221	1OGA	1OGA_E	P01850	COR	['SPR', 'ITC']	[-0.495, -0.495]	QE58A	QE54A	[1.2e-05, 1.22e-05]	[5.2e-06, 5.24e-06]	1OGA_E_QE58A	TCR/pMHC	TCR/pMHC,1JCK_A_B	1	4
222	1OGA	1OGA_E	P01850	COR	['SPR', 'ITC']	[-0.132, -0.132]	DE56A	DE52A	[6.5e-06, 6.21e-06]	[5.2e-06, 5.24e-06]	1OGA_E_DE56A	TCR/pMHC	TCR/pMHC,1JCK_A_B	1	4
223	1OGA	1OGA_E	P01850	RIM	['SPR', 'ITC']	[-1.13, -1.13]	NE55A	NE51A	[3.5e-05, 3.36e-05]	[5.2e-06, 5.24e-06]	1OGA_E_NE55A	TCR/pMHC	TCR/pMHC,1JCK_A_B	1	4
224	1OGA	1OGA_E	P01850	COR	['SPR', 'ITC']	[-0.201, -0.201]	IE53V	IE49V	[7.3e-06, 7.35e-06]	[5.2e-06, 5.24e-06]	1OGA_E_IE53V	TCR/pMHC	TCR/pMHC,1JCK_A_B	1	4
225	2VLR	2VLR_E	P01850	SUP	['SPR', 'ITC']	[-0.035, -0.035]	AE99S	AE95S	[5.2e-06, 5.24e-06]	[4.9e-06, 5.24e-06]	2VLR_E_AE99S	TCR/pMHC	TCR/pMHC,1JCK_A_B	1	7
226	3SGB	3SGB_I	P68390	COR	['FL', 'FL']	[-2.728, -2.728]	GI32V	GI26V	[1.79e-09, 2.5e-09]	[1.79e-11, 1.79e-11]	3SGB_I_GI32V	Pr/PI	Pr/PI	1	9
227	3SGB	3SGB_I	P68390	COR	['FL', 'FL']	[-1.223, -1.223]	GI32A	GI26A	[1.41e-10, 1.79e-10]	[1.79e-11, 1.79e-11]	3SGB_I_GI32A	Pr/PI	Pr/PI	1	9
228	1R0R	1R0R_I	P68390	SUP	['FL', 'FL']	[-1.934, -1.934]	GI32V	GI27V	[7.69e-10, 8.33e-10]	[2.94e-11, 2.94e-11]	1R0R_I_GI32V	Pr/PI	Pr/PI	1	5
229	1AO7	1AO7_D	A0A075B6T6,P01848	COR	['SPR', 'SPR']	[0.167, 0.167]	QD30V	QD30V	[2e-06, 2e-06]	[2.65e-06, 2.06e-06]	1AO7_D_QD30V	TCR/pMHC	TCR/pMHC,1JCK_A_B	2	1
230	1AO7	1AO7_D	A0A075B6T6,P01848	COR	['SPR', 'SPR']	[-1.834, -1.834]	QD30L	QD30L	[5.92e-05, 3.04e-05]	[2.68e-06, 2.27e-06]	1AO7_D_QD30L	TCR/pMHC	TCR/pMHC,1JCK_A_B	2	1
231	1AO7	1AO7_A	P04439	RIM	['SPR', 'SPR']	[0.264, 0.264]	RA170A	RA170A	[1.41e-06, 1.06e-06]	[2.2e-06, 8.8e-07]	1AO7_A_RA170A	TCR/pMHC	TCR/pMHC,1JCK_A_B	2	1
232	1AO7	1AO7_D	A0A075B6T6,P01848	RIM	['SPR', 'SPR']	[-0.547, -0.547]	RD27A	RD27A	[4.88e-06, 4.58e-06]	[1.94e-06, 2.2e-06]	1AO7_D_RD27A	TCR/pMHC	TCR/pMHC,1JCK_A_B	2	1
233	1AO7	1AO7_A	P04439	RIM	['SPR', 'SPR']	[0.72, 0.72]	EA58A	EA58A	[1.08e-06, 5.72e-07]	[3.64e-06, 8.8e-07]	1AO7_A_EA58A	TCR/pMHC	TCR/pMHC,1JCK_A_B	2	1
234	1BD2	1BD2_D	P01848,P04437	COR	['SPR', 'SPR']	[-1.919, -1.919]	DD30N	DD30N	[3.65e-05, 3.5e-05]	[1.43e-06, 1.29e-06]	1BD2_D_DD30N	TCR/pMHC	TCR/pMHC,1JCK_A_B	2	1
235	1VFB	1VFB_B	P01820	COR	['SPR', 'SPR']	[-0.954, -0.954]	YB101F	YB101F	[1e-07, 1.82e-07]	[2e-08, 1.25e-08]	1VFB_B_YB101F	AB/AG	AB/AG	1	5
236	1VFB	1VFB_B	P01820	COR	['SPR', 'SPR']	[-3.072, -3.072]	DB100A	DB100A	[3.57e-06, 1.79e-06]	[2e-08, 1.25e-08]	1VFB_B_DB100A	AB/AG	AB/AG	1	5
237	2GOX	2GOX_B	P68799	COR	['SPR', 'ITC']	[-2.247, -2.247]	RB131A	RB31A	[6.21e-08, 2.6e-08]	[1.4e-09, 2e-09]	2GOX_B_RB131A		2GOX_A_B,3D5S_A_C,3D5R_A_C,2NOJ_A_B	1	6
238	3SGB	3SGB_I	P68390	COR	['FL', 'FL']	[-1.714, -1.714]	YI20H	YI14H	[3.23e-10, 1.92e-10]	[1.79e-11, 1.79e-11]	3SGB_I_YI20H	Pr/PI	Pr/PI	1	9
239	3SGB	3SGB_I	P68390	COR	['FL', 'FL']	[-2.912, -2.912]	YI20D	YI14D	[2.44e-09, 2.08e-09]	[1.79e-11, 1.79e-11]	3SGB_I_YI20D	Pr/PI	Pr/PI	1	9
240	1R0R	1R0R_I	P68390	COR	['FL', 'FL']	[-3.471, -3.471]	YI20H	YI15H	[1.03e-08, 5e-09]	[2.94e-11, 2.94e-11]	1R0R_I_YI20H	Pr/PI	Pr/PI	1	5
241	1R0R	1R0R_I	P68390	COR	['FL', 'FL']	[-5.771, -5.771]	YI20D	YI15D	[5e-07, 3.03e-07]	[2.94e-11, 2.94e-11]	1R0R_I_YI20D	Pr/PI	Pr/PI	1	5
242	1PPF	1PPF_I	P68390	COR	['FL', 'FL']	[-2.379, -2.379]	YI20H	YI20H	[9.09e-09, 1.03e-08]	[1.64e-10, 1.64e-10]	1PPF_I_YI20H	Pr/PI	Pr/PI	1	5
243	1CHO	1CHO_I	P68390	COR	['FL', 'FL']	[-1.589, -1.589]	YI20H	YI17H	[7.69e-11, 5.88e-11]	[5.26e-12, 5.26e-12]	1CHO_I_YI20H	Pr/PI	Pr/PI	1	2
244	1CHO	1CHO_I	P68390	COR	['FL', 'FL']	[-6.296, -6.296]	YI20D	YI17D	[2.17e-07, 1.59e-07]	[5.26e-12, 5.26e-12]	1CHO_I_YI20D	Pr/PI	Pr/PI	1	2
245	1VFB	1VFB_A	P01635	COR	['SPR', 'SPR']	[-2.728, -2.728]	WA92A	WA92A	[2e-06, 3.57e-06]	[2e-08, 1.25e-08]	1VFB_A_WA92A	AB/AG	AB/AG	1	5
246	1VFB	1VFB_A	P01635	COR	['SPR', 'SPR']	[-0.388, -0.388]	YA50A	YA50A	[3.85e-08, 3.03e-08]	[2e-08, 1.25e-08]	1VFB_A_YA50A	AB/AG	AB/AG	1	5
247	1OGA	1OGA_D	P01848	INT	['SPR', 'ITC']	[-0.976, -0.976]	QD34A	QD32A	[2.7e-05, 2.84e-05]	[5.2e-06, 5.24e-06]	1OGA_D_QD34A	TCR/pMHC	TCR/pMHC,1JCK_A_B	1	4
248	1OGA	1OGA_D	P01848	SUP	['SPR', 'ITC']	[-1.038, -1.038]	SD32A	SD30A	[3e-05, 2.84e-05]	[5.2e-06, 5.24e-06]	1OGA_D_SD32A	TCR/pMHC	TCR/pMHC,1JCK_A_B	1	4
249	1OGA	1OGA_E	P01850	COR	['SPR', 'ITC']	[-0.495, -0.495]	YE101F	YE97F	[1.2e-05, 1.22e-05]	[5.2e-06, 5.24e-06]	1OGA_E_YE101F	TCR/pMHC	TCR/pMHC,1JCK_A_B	1	4
250	1OGA	1OGA_E	P01850	COR	['SPR', 'ITC']	[-0.233, -0.233]	YE101A	YE97A	[7.7e-06, 7.35e-06]	[5.2e-06, 5.24e-06]	1OGA_E_YE101A	TCR/pMHC	TCR/pMHC,1JCK_A_B	1	4
251	1OGA	1OGA_E	P01850	SUP	['SPR', 'ITC']	[0.035, 0.035]	SE99A	SE95A	[4.9e-06, 5.24e-06]	[5.2e-06, 5.24e-06]	1OGA_E_SE99A	TCR/pMHC	TCR/pMHC,1JCK_A_B	1	4
252	1OGA	1OGA_E	P01850	COR	['SPR', 'ITC']	[0.0, 0.0]	QE58E	QE54E	[5.2e-06, 5.24e-06]	[5.2e-06, 5.24e-06]	1OGA_E_QE58E	TCR/pMHC	TCR/pMHC,1JCK_A_B	1	4
253	1R0R	1R0R_I	P68390	COR	['FL', 'FL']	[-0.89, -0.89]	TI17S	TI12S	[1.32e-10, 1.19e-10]	[2.94e-11, 2.94e-11]	1R0R_I_TI17S	Pr/PI	Pr/PI	1	5
254	1R0R	1R0R_I	P68390	COR	['FL', 'FL']	[-1.173, -1.173]	TI17A	TI12A	[2.13e-10, 1.11e-10]	[2.94e-11, 2.94e-11]	1R0R_I_TI17A	Pr/PI	Pr/PI	1	5
255	1PPF	1PPF_I	P68390	COR	['FL', 'FL']	[-3.041, -3.041]	TI17E	TI17E	[2.78e-08, 2.94e-08]	[1.64e-10, 1.64e-10]	1PPF_I_TI17E	Pr/PI	Pr/PI	1	5
256	1PPF	1PPF_I	P68390	COR	['FL', 'FL']	[-1.482, -1.482]	TI17V	TI17V	[2e-09, 2.22e-09]	[1.64e-10, 1.64e-10]	1PPF_I_TI17V	Pr/PI	Pr/PI	1	5
257	1PPF	1PPF_I	P68390	COR	['FL', 'FL']	[-1.505, -1.505]	TI17S	TI17S	[2.08e-09, 2.27e-09]	[1.64e-10, 1.64e-10]	1PPF_I_TI17S	Pr/PI	Pr/PI	1	5
258	1PPF	1PPF_I	P68390	COR	['FL', 'FL']	[-3.485, -3.485]	TI17A	TI17A	[5.88e-08, 2.17e-08]	[1.64e-10, 1.64e-10]	1PPF_I_TI17A	Pr/PI	Pr/PI	1	5
259	1CHO	1CHO_I	P68390	COR	['FL', 'FL']	[-6.426, -6.426]	TI17E	TI14E	[2.7e-07, 2.04e-08]	[5.26e-12, 5.26e-12]	1CHO_I_TI17E	Pr/PI	Pr/PI	1	2
260	1CHO	1CHO_I	P68390	COR	['FL', 'FL']	[-3.581, -3.581]	TI17V	TI14V	[2.22e-09, 1.32e-09]	[5.26e-12, 5.26e-12]	1CHO_I_TI17V	Pr/PI	Pr/PI	1	2
261	1R0R	1R0R_I	P68390	SUP	['FL', 'FL']	[-1.298, -1.298]	GI32A	GI27A	[2.63e-10, 2.78e-10]	[2.94e-11, 2.94e-11]	1R0R_I_GI32A	Pr/PI	Pr/PI	1	5
262	1PPF	1PPF_I	P68390	COR	['FL', 'FL']	[-2.553, -2.553]	GI32V	GI32V	[1.22e-08, 1.2e-08]	[1.64e-10, 1.64e-10]	1PPF_I_GI32V	Pr/PI	Pr/PI	1	4
263	1PPF	1PPF_I	P68390	COR	['FL', 'FL']	[-0.235, -0.235]	GI32A	GI32A	[2.44e-10, 2.63e-10]	[1.64e-10, 1.64e-10]	1PPF_I_GI32A	Pr/PI	Pr/PI	1	4
264	1CHO	1CHO_I	P68390	SUP	['FL', 'FL']	[-0.702, -0.702]	GI32V	GI29V	[1.72e-11, 1.43e-11]	[5.26e-12, 5.26e-12]	1CHO_I_GI32V	Pr/PI	Pr/PI	1	2
265	1CHO	1CHO_I	P68390	SUP	['FL', 'FL']	[1.092, 1.092]	GI32A	GI29A	[8.33e-13, 1.43e-12]	[5.26e-12, 5.26e-12]	1CHO_I_GI32A	Pr/PI	Pr/PI	1	2
266	3D5R	3D5R_C	A6QG59	COR	['SPR', 'ITC']	[1.57, 1.57]	AC48N	AC38N	[1.4e-09, 2e-09]	[1.98e-08, 1.9e-08]	3D5R_C_AC48N		2GOX_A_B,3D5S_A_C,3D5R_A_C,2NOJ_A_B	1	7
267	3D5S	3D5S_C	A6QG59	COR	['SPR', 'ITC']	[2.247, 2.247]	AC41R	AC31R	[1.4e-09, 2e-09]	[6.21e-08, 2.6e-08]	3D5S_C_AC41R		2GOX_A_B,3D5S_A_C,3D5R_A_C,2NOJ_A_B	1	7
268	2GOX	2GOX_B	P68799	COR	['SPR', 'ITC']	[-1.57, -1.57]	NB138A	NB38A	[1.98e-08, 1.9e-08]	[1.4e-09, 2e-09]	2GOX_B_NB138A		2GOX_A_B,3D5S_A_C,3D5R_A_C,2NOJ_A_B	1	6
269	2WPT	2WPT_B	P09883	SUP	['RA', 'RA']	[-0.9, -0.9]	QB92A	QB85A	[5.94e-08, 1.2e-07]	[1.3e-08, 1.5e-07]	2WPT_B_QB92A		2WPT_A_B,2VLP_A_B,2VLN_A_B,2VLQ_A_B,2VLO_A_B,1EMV_A_B,1FR2_A_B,2GYK_A_B	1	7
270	2WPT	2WPT_B	P09883	SUP	['RA', 'RA']	[-0.526, -0.526]	TB87A	TB80A	[3.16e-08, 2.2e-07]	[1.3e-08, 1.5e-07]	2WPT_B_TB87A		2WPT_A_B,2VLP_A_B,2VLN_A_B,2VLQ_A_B,2VLO_A_B,1EMV_A_B,1FR2_A_B,2GYK_A_B	1	7
271	2WPT	2WPT_B	P09883	SUP	['RA', 'RA']	[0.15, 0.15]	SB78A	SB71A	[1.01e-08, 1.4e-07]	[1.3e-08, 1.5e-07]	2WPT_B_SB78A		2WPT_A_B,2VLP_A_B,2VLN_A_B,2VLQ_A_B,2VLO_A_B,1EMV_A_B,1FR2_A_B,2GYK_A_B	1	7
272	2WPT	2WPT_B	P09883	COR	['RA', 'RA']	[0.612, 0.612]	SB77A	SB70A	[4.63e-09, 9e-08]	[1.3e-08, 1.5e-07]	2WPT_B_SB77A		2WPT_A_B,2VLP_A_B,2VLN_A_B,2VLQ_A_B,2VLO_A_B,1EMV_A_B,1FR2_A_B,2GYK_A_B	1	7
273	2WPT	2WPT_B	P09883	SUP	['RA', 'RA']	[-1.238, -1.238]	NB75A	NB68A	[1.05e-07, 1.27e-06]	[1.3e-08, 1.5e-07]	2WPT_B_NB75A		2WPT_A_B,2VLP_A_B,2VLN_A_B,2VLQ_A_B,2VLO_A_B,1EMV_A_B,1FR2_A_B,2GYK_A_B	1	7
274	2WPT	2WPT_B	P09883	COR	['RA', 'RA']	[0.849, 0.849]	SB74A	SB67A	[3.1e-09, 4e-07]	[1.3e-08, 1.5e-07]	2WPT_B_SB74A		2WPT_A_B,2VLP_A_B,2VLN_A_B,2VLQ_A_B,2VLO_A_B,1EMV_A_B,1FR2_A_B,2GYK_A_B	1	7
275	2WPT	2WPT_B	P09883	COR	['RA', 'RA']	[-0.918, -0.918]	NB72A	NB65A	[6.12e-08, 3.4e-07]	[1.3e-08, 1.5e-07]	2WPT_B_NB72A		2WPT_A_B,2VLP_A_B,2VLN_A_B,2VLQ_A_B,2VLO_A_B,1EMV_A_B,1FR2_A_B,2GYK_A_B	1	7
276	2WPT	2WPT_B	P09883	COR	['RA', 'RA']	[-1.134, -1.134]	RB54A	RB47A	[8.82e-08, 4.2e-07]	[1.3e-08, 1.5e-07]	2WPT_B_RB54A		2WPT_A_B,2VLP_A_B,2VLN_A_B,2VLQ_A_B,2VLO_A_B,1EMV_A_B,1FR2_A_B,2GYK_A_B	1	7
277	3SGB	3SGB_I	P68390	COR	['FL', 'FL']	[-4.797, -4.797]	TI17E	TI11E	[5.88e-08, 3.33e-08]	[1.79e-11, 1.79e-11]	3SGB_I_TI17E	Pr/PI	Pr/PI	1	9
278	3SGB	3SGB_I	P68390	COR	['FL', 'FL']	[-2.548, -2.548]	TI17V	TI11V	[1.32e-09, 5e-10]	[1.79e-11, 1.79e-11]	3SGB_I_TI17V	Pr/PI	Pr/PI	1	9
279	3SGB	3SGB_I	P68390	COR	['FL', 'FL']	[-2.466, -2.466]	TI17S	TI11S	[1.15e-09, 1.3e-09]	[1.79e-11, 1.79e-11]	3SGB_I_TI17S	Pr/PI	Pr/PI	1	9
280	3SGB	3SGB_I	P68390	COR	['FL', 'FL']	[-3.592, -3.592]	TI17A	TI11A	[7.69e-09, 4.17e-09]	[1.79e-11, 1.79e-11]	3SGB_I_TI17A	Pr/PI	Pr/PI	1	9
281	2WPT	2WPT_A	P04482	COR	['SFFL', 'ITC']	[0.38, 0.38]	NA34A	NA31A	[7.9e-09, 6.49e-07]	[1.5e-08, 8.2e-07]	2WPT_A_NA34A		2WPT_A_B,2VLP_A_B,2VLN_A_B,2VLQ_A_B,2VLO_A_B,1EMV_A_B,1FR2_A_B,2GYK_A_B	1	7
282	2WPT	2WPT_A	P04482	SUP	['SFFL', 'ITC']	[0.132, 0.132]	DA33A	DA30A	[1.2e-08, 7.46e-08]	[1.5e-08, 8.2e-07]	2WPT_A_DA33A		2WPT_A_B,2VLP_A_B,2VLN_A_B,2VLQ_A_B,2VLO_A_B,1EMV_A_B,1FR2_A_B,2GYK_A_B	1	7
283	1R0R	1R0R_I	P68390	COR	['FL', 'FL']	[-3.214, -3.214]	TI17E	TI12E	[6.67e-09, 3.45e-09]	[2.94e-11, 2.94e-11]	1R0R_I_TI17E	Pr/PI	Pr/PI	1	5
284	1R0R	1R0R_I	P68390	COR	['FL', 'FL']	[-0.937, -0.937]	TI17V	TI12V	[1.43e-10, 1.82e-10]	[2.94e-11, 2.94e-11]	1R0R_I_TI17V	Pr/PI	Pr/PI	1	5
285	1R0R	1R0R_I	P68390	COR	['FL', 'FL']	[-2.177, -2.177]	LI18E	LI13E	[1.16e-09, 1.06e-09]	[2.94e-11, 2.94e-11]	1R0R_I_LI18E	Pr/PI	Pr/PI	1	5
286	1R0R	1R0R_I	P68390	COR	['FL', 'FL']	[-0.57, -0.57]	LI18Q	LI13Q	[7.69e-11, 8.33e-11]	[2.94e-11, 2.94e-11]	1R0R_I_LI18Q	Pr/PI	Pr/PI	1	5
287	1R0R	1R0R_I	P68390	COR	['FL', 'FL']	[-3.345, -3.345]	LI18K	LI13K	[8.33e-09, 3.57e-09]	[2.94e-11, 2.94e-11]	1R0R_I_LI18K	Pr/PI	Pr/PI	1	5
288	1R0R	1R0R_I	P68390	COR	['FL', 'FL']	[0.516, 0.516]	LI18M	LI13M	[1.23e-11, 1.23e-11]	[2.94e-11, 2.94e-11]	1R0R_I_LI18M	Pr/PI	Pr/PI	1	5
289	1R0R	1R0R_I	P68390	COR	['FL', 'FL']	[-0.315, -0.315]	LI18A	LI13A	[5e-11, 7.14e-11]	[2.94e-11, 2.94e-11]	1R0R_I_LI18A	Pr/PI	Pr/PI	1	5
290	1PPF	1PPF_I	P68390	COR	['FL', 'FL']	[-7.056, -7.056]	LI18E	LI18E	[2.44e-05, 2.5e-05]	[1.64e-10, 1.64e-10]	1PPF_I_LI18E	Pr/PI	Pr/PI	1	4
291	1PPF	1PPF_I	P68390	COR	['FL', 'FL']	[-3.306, -3.306]	LI18Q	LI18Q	[4.35e-08, 5e-08]	[1.64e-10, 1.64e-10]	1PPF_I_LI18Q	Pr/PI	Pr/PI	1	5
292	1PPF	1PPF_I	P68390	COR	['FL', 'FL']	[-5.736, -5.736]	LI18K	LI18K	[2.63e-06, 2.27e-06]	[1.64e-10, 1.64e-10]	1PPF_I_LI18K	Pr/PI	Pr/PI	1	5
293	1PPF	1PPF_I	P68390	COR	['FL', 'FL']	[-1.258, -1.258]	LI18M	LI18M	[1.37e-09, 1.3e-09]	[1.64e-10, 1.64e-10]	1PPF_I_LI18M	Pr/PI	Pr/PI	1	5
294	1PPF	1PPF_I	P68390	COR	['FL', 'FL']	[-1.071, -1.071]	LI18A	LI18A	[1e-09, 8.33e-10]	[1.64e-10, 1.64e-10]	1PPF_I_LI18A	Pr/PI	Pr/PI	1	4
295	1CHO	1CHO_I	P68390	COR	['FL', 'FL']	[-2.351, -2.351]	TI17S	TI14S	[2.78e-10, 2.78e-10]	[5.26e-12, 5.26e-12]	1CHO_I_TI17S	Pr/PI	Pr/PI	1	2
296	1CHO	1CHO_I	P68390	COR	['FL', 'FL']	[-4.159, -4.159]	TI17A	TI14A	[5.88e-09, 7.69e-09]	[5.26e-12, 5.26e-12]	1CHO_I_TI17A	Pr/PI	Pr/PI	1	2
297	3SGB	3SGB_I	P68390	COR	['FL', 'FL']	[0.785, 0.785]	AI15V	AI9V	[4.76e-12, 5.88e-12]	[1.79e-11, 1.79e-11]	3SGB_I_AI15V	Pr/PI	Pr/PI	1	9
298	1R0R	1R0R_I	P68390	COR	['FL', 'FL']	[0.954, 0.954]	AI15V	AI10V	[5.88e-12, 5.56e-12]	[2.94e-11, 2.94e-11]	1R0R_I_AI15V	Pr/PI	Pr/PI	1	5
299	2WPT	2WPT_B	P09883	SUP	['RA', 'RA']	[-0.119, -0.119]	VB98A	VB91A	[1.59e-08, 3e-07]	[1.3e-08, 1.5e-07]	2WPT_B_VB98A		2WPT_A_B,2VLP_A_B,2VLN_A_B,2VLQ_A_B,2VLO_A_B,1EMV_A_B,1FR2_A_B,2GYK_A_B	1	7
300	2WPT	2WPT_B	P09883	COR	['RA', 'RA']	[-0.497, -0.497]	KB97A	KB90A	[3.01e-08, 5.8e-07]	[1.3e-08, 1.5e-07]	2WPT_B_KB97A		2WPT_A_B,2VLP_A_B,2VLN_A_B,2VLQ_A_B,2VLO_A_B,1EMV_A_B,1FR2_A_B,2GYK_A_B	1	7
301	3HFM	3HFM_Y	P00698	RIM	['IASP', 'IASP']	[-0.24, -0.24]	GY102V	GY102V	[1.95e-10, 1.9e-10]	[1.3e-10, 7.5e-11]	3HFM_Y_GY102V	AB/AG	AB/AG	1	8
302	3HFM	3HFM_Y	P00698	COR	['IASP', 'IASP']	[-1.619, -1.619]	RY21K	RY21K	[2e-09, 1.9e-09]	[1.3e-10, 7.5e-11]	3HFM_Y_RY21K	AB/AG	AB/AG	1	8
303	3HFM	3HFM_Y	P00698	COR	['IASP', 'IASP']	[-2.015, -2.015]	RY21H	RY21H	[3.9e-09, 3.8e-09]	[1.3e-10, 7.5e-11]	3HFM_Y_RY21H	AB/AG	AB/AG	1	8
304	3HFM	3HFM_Y	P00698	COR	['IASP', 'IASP']	[-2.17, -2.17]	RY21N	RY21N	[5.07e-09, 5e-09]	[1.3e-10, 7.5e-11]	3HFM_Y_RY21N	AB/AG	AB/AG	1	8
305	3HFM	3HFM_Y	P00698	COR	['IASP', 'IASP']	[-2.27, -2.27]	RY21G	RY21G	[6e-09, 5.8e-09]	[1.3e-10, 7.5e-11]	3HFM_Y_RY21G	AB/AG	AB/AG	1	8
306	3HFM	3HFM_Y	P00698	COR	['IASP', 'IASP']	[-2.293, -2.293]	RY21E	RY21E	[6.24e-09, 6.2e-09]	[1.3e-10, 7.5e-11]	3HFM_Y_RY21E	AB/AG	AB/AG	1	8
307	3HFM	3HFM_Y	P00698	COR	['IASP', 'IASP']	[-2.242, -2.242]	RY21Q	RY21Q	[5.72e-09, 5.6e-09]	[1.3e-10, 7.5e-11]	3HFM_Y_RY21Q	AB/AG	AB/AG	1	8
308	3HFM	3HFM_Y	P00698	COR	['IASP', 'IASP']	[-1.974, -1.974]	RY21W	RY21W	[3.64e-09, 3.6e-09]	[1.3e-10, 7.5e-11]	3HFM_Y_RY21W	AB/AG	AB/AG	1	8
309	3HFM	3HFM_Y	P00698	COR	['IASP', 'IASP']	[-1.974, -1.974]	DY101K	DY101K	[3.64e-09, 3.5e-09]	[1.3e-10, 7.5e-11]	3HFM_Y_DY101K	AB/AG	AB/AG	1	8
310	3HFM	3HFM_Y	P00698	COR	['IASP', 'IASP']	[-2.17, -2.17]	DY101F	DY101F	[5.07e-09, 5e-09]	[1.3e-10, 7.5e-11]	3HFM_Y_DY101F	AB/AG	AB/AG	1	8
311	1PPF	1PPF_I	P68390	COR	['FL', 'FL']	[-0.208, -0.208]	AI15V	AI15V	[2.33e-10, 2.27e-10]	[1.64e-10, 1.64e-10]	1PPF_I_AI15V	Pr/PI	Pr/PI	1	4
312	1CHO	1CHO_I	P68390	COR	['FL', 'FL']	[-0.954, -0.954]	AI15V	AI12V	[2.63e-11, 2.5e-11]	[5.26e-12, 5.26e-12]	1CHO_I_AI15V	Pr/PI	Pr/PI	1	2
313	3SGB	3SGB_I	P68390	COR	['FL', 'FL']	[-5.983, -5.983]	LI18E	LI12E	[4.35e-07, 8.33e-07]	[1.79e-11, 1.79e-11]	3SGB_I_LI18E	Pr/PI	Pr/PI	1	9
314	3SGB	3SGB_I	P68390	COR	['FL', 'FL']	[-2.604, -2.604]	LI18Q	LI12Q	[1.45e-09, 1.19e-09]	[1.79e-11, 1.79e-11]	3SGB_I_LI18Q	Pr/PI	Pr/PI	1	9
315	3SGB	3SGB_I	P68390	COR	['FL', 'FL']	[-0.43, -0.43]	LI18M	LI12M	[3.7e-11, 4e-11]	[1.79e-11, 1.79e-11]	3SGB_I_LI18M	Pr/PI	Pr/PI	1	9
316	3SGB	3SGB_I	P68390	COR	['FL', 'FL']	[-2.989, -2.989]	LI18A	LI12A	[2.78e-09, 2.63e-09]	[1.79e-11, 1.79e-11]	3SGB_I_LI18A	Pr/PI	Pr/PI	1	9
317	3S9D	3S9D_A	P01563	RIM	['SP', 'SPR']	[-0.124, -0.124]	MA16A	MA9A	[3.7e-09, 3e-09]	[3e-09, 3e-09]	3S9D_A_MA16A		3S9D_A_B,3SE3_B_C,3SE4_B_C	2	8
318	3S9D	3S9D_B	P48551	RIM	['SP', 'SPR']	[0.062, 0.062]	DB138R	DB121R	[9e-09, 2.54e-09]	[1e-08, 3e-09]	3S9D_B_DB138R		3S9D_A_B,3SE3_B_C,3SE4_B_C	2	8
319	3HFM	3HFM_Y	P00698	COR	['SP', 'IASP']	[-1.094, -1.094]	KY97M	KY97M	[1.9e-10, 2.9e-10]	[3e-11, 7.5e-11]	3HFM_Y_KY97M	AB/AG	AB/AG	1	8
320	3HFM	3HFM_Y	P00698	COR	['SP', 'IASP']	[-6.17, -6.17]	KY97A	KY97A	[1e-06, 8.9e-07]	[3e-11, 7.5e-11]	3HFM_Y_KY97A	AB/AG	AB/AG	1	8
321	3HFM	3HFM_Y	P00698	SUP	['SP', 'IASP']	[-6.991, -6.991]	KY96A	KY96A	[4e-06, 4e-06]	[3e-11, 7e-11]	3HFM_Y_KY96A	AB/AG	AB/AG	1	8
322	3HFM	3HFM_Y	P00698	COR	['SP', 'IASP']	[-4.878, -4.878]	YY20A	YY20A	[1.13e-07, 9.5e-08]	[3e-11, 7e-11]	3HFM_Y_YY20A	AB/AG	AB/AG	1	8
323	1DAN	1DAN_U	P13726	COR	['ELISA', 'SPR']	[-1.57, -1.57]	VU207A	VU113A	[7.5e-08, 4.48e-09]	[5.3e-09, 6.16e-09]	1DAN_U_VU207A		1DAN_HL_UT	1	2
324	1DAN	1DAN_U	P13726	COR	['ELISA', 'SPR']	[-2.215, -2.215]	FU140A	FU50A	[2.23e-07, 5.36e-08]	[5.3e-09, 6.16e-09]	1DAN_U_FU140A		1DAN_HL_UT	1	2
325	1DAN	1DAN_U	P13726	RIM	['ELISA', 'SPR']	[-0.986, -0.986]	RU135A	RU45A	[2.8e-08, 1.48e-08]	[5.3e-09, 6.16e-09]	1DAN_U_RU135A		1DAN_HL_UT	1	2
326	1DAN	1DAN_T	P13726	COR	['ELISA', 'SPR']	[-0.895, -0.895]	KT46A	KT41A	[2.4e-08, 9.11e-09]	[5.3e-09, 6.16e-09]	1DAN_T_KT46A		1DAN_HL_UT	1	2
327	1CHO	1CHO_I	P68390	COR	['FL', 'FL']	[-6.659, -6.659]	LI18E	LI15E	[4e-07, 5.56e-07]	[5.26e-12, 5.26e-12]	1CHO_I_LI18E	Pr/PI	Pr/PI	1	2
328	1CHO	1CHO_I	P68390	COR	['FL', 'FL']	[-2.953, -2.953]	LI18Q	LI15Q	[7.69e-10, 2.13e-09]	[5.26e-12, 5.26e-12]	1CHO_I_LI18Q	Pr/PI	Pr/PI	1	2
329	1CHO	1CHO_I	P68390	COR	['FL', 'FL']	[-4.473, -4.473]	LI18K	LI15K	[1e-08, 7.14e-09]	[5.26e-12, 5.26e-12]	1CHO_I_LI18K	Pr/PI	Pr/PI	1	2
330	1CHO	1CHO_I	P68390	COR	['FL', 'FL']	[-0.381, -0.381]	LI18M	LI15M	[1e-11, 9.09e-12]	[5.26e-12, 5.26e-12]	1CHO_I_LI18M	Pr/PI	Pr/PI	1	2
331	1CHO	1CHO_I	P68390	COR	['FL', 'FL']	[-4.766, -4.766]	LI18A	LI15A	[1.64e-08, 2.17e-08]	[5.26e-12, 5.26e-12]	1CHO_I_LI18A	Pr/PI	Pr/PI	1	2
332	3HFM	3HFM_Y	P00698	COR	['IASP', 'IASP']	[0.505, 0.505]	YY20F	YY20F	[3.2e-11, 3.2e-11]	[7.5e-11, 7e-11]	3HFM_Y_YY20F	AB/AG	AB/AG	1	8
333	1JRH	1JRH_I	P15260	RIM	['SPR', 'ELISA']	[0.435, 0.435]	EI55A	EI45A	[6.91e-09, 7.4e-10]	[1.44e-08, 2.4e-09]	1JRH_I_EI55A	AB/AG	AB/AG	1	3
334	3HFM	3HFM_Y	P00698	COR	['IASP', 'IASP']	[-1.974, -1.974]	DY101E	DY101E	[3.64e-09, 3.6e-09]	[1.3e-10, 7.5e-11]	3HFM_Y_DY101E	AB/AG	AB/AG	1	8
335	3HFM	3HFM_Y	P00698	COR	['IASP', 'IASP']	[-2.123, -2.123]	DY101R	DY101R	[4.68e-09, 4.6e-09]	[1.3e-10, 7.5e-11]	3HFM_Y_DY101R	AB/AG	AB/AG	1	8
336	3HFM	3HFM_Y	P00698	COR	['IASP', 'IASP']	[-1.93, -1.93]	DY101Q	DY101Q	[3.38e-09, 3.3e-09]	[1.3e-10, 7.5e-11]	3HFM_Y_DY101Q	AB/AG	AB/AG	1	8
337	3HFM	3HFM_Y	P00698	COR	['IASP', 'IASP']	[-1.712, -1.712]	DY101S	DY101S	[2.34e-09, 2.3e-09]	[1.3e-10, 7.5e-11]	3HFM_Y_DY101S	AB/AG	AB/AG	1	8
338	3HFM	3HFM_Y	P00698	COR	['IASP', 'IASP']	[-1.341, -1.341]	DY101N	DY101N	[1.25e-09, 1.2e-09]	[1.3e-10, 7.5e-11]	3HFM_Y_DY101N	AB/AG	AB/AG	1	8
339	3HFM	3HFM_Y	P00698	COR	['IASP', 'IASP']	[-0.199, -0.199]	DY101G	DY101G	[1.82e-10, 1.8e-10]	[1.3e-10, 7.5e-11]	3HFM_Y_DY101G	AB/AG	AB/AG	1	8
340	3S9D	3S9D_A	P01563	SUR	['SP', 'SPR']	[-0.108, -0.108]	KA121A	KA92A	[1.2e-08, 2.63e-09]	[1e-08, 3e-09]	3S9D_A_KA121A		3S9D_A_B,3SE3_B_C,3SE4_B_C	2	8
341	1BRS	1BRS_A	P00648	RIM	['SFFL', 'SFFL']	[0.326, 0.326]	EA60A	EA58A	[7.5e-15, 3.1e-13]	[1.3e-14, 1.3e-13]	1BRS_A_EA60A		1BRS_A_D,1B2U_A_D,1B2S_A_D,1B3S_A_D,1X1W_A_D,1X1X_A_D	1	1
342	1BRS	1BRS_A	P00648	SUP	['SFFL', 'SFFL']	[-3.066, -3.066]	NA58A	NA56A	[2.3e-12, 2.5e-11]	[1.3e-14, 1.3e-13]	1BRS_A_NA58A		1BRS_A_D,1B2U_A_D,1B2S_A_D,1B3S_A_D,1X1W_A_D,1X1X_A_D	1	2
343	1BRS	1BRS_A	P00648	INT	['SFFL', 'SFFL']	[0.889, 0.889]	DA54A	DA52A	[2.9e-15, 9.8e-14]	[1.3e-14, 1.3e-13]	1BRS_A_DA54A		1BRS_A_D,1B2U_A_D,1B2S_A_D,1B3S_A_D,1X1W_A_D,1X1X_A_D	1	1
344	1BRS	1BRS_A	P00648	SUP	['SFFL', 'SFFL']	[-1.408, -1.408]	WA35F	WA33F	[1.4e-13, 8.5e-13]	[1.3e-14, 1.3e-13]	1BRS_A_WA35F		1BRS_A_D,1B2U_A_D,1B2S_A_D,1B3S_A_D,1X1W_A_D,1X1X_A_D	1	2
345	3S9D	3S9D_A	P01563	COR	['SP', 'SPR']	[-2.641, -2.641]	LA30V	LA23V	[2.59e-07, 1.3e-07]	[3e-09, 3e-09]	3S9D_A_LA30V		3S9D_A_B,3SE3_B_C,3SE4_B_C	2	8
346	3S9D	3S9D_A	P01563	SUR	['SP', 'SPR']	[0.132, 0.132]	IA24A	IA17A	[2.4e-09, 2.61e-09]	[3e-09, 3e-09]	3S9D_A_IA24A		3S9D_A_B,3SE3_B_C,3SE4_B_C	2	8
347	3S9D	3S9D_A	P01563	SUR	['SP', 'SPR']	[-0.359, -0.359]	RA23A	RA16A	[5.5e-09, 3.53e-09]	[3e-09, 3e-09]	3S9D_A_RA23A		3S9D_A_B,3SE3_B_C,3SE4_B_C	2	8
348	3S9D	3S9D_A	P01563	RIM	['SP', 'SPR']	[-0.17, -0.17]	RA22A	RA15A	[4e-09, 4.35e-09]	[3e-09, 3e-09]	3S9D_A_RA22A		3S9D_A_B,3SE3_B_C,3SE4_B_C	2	8
349	1JRH	1JRH_I	P15260	SUP	['SPR', 'ELISA']	[0.293, 0.293]	NI48A	NI38A	[8.78e-09, 7e-09]	[1.44e-08, 2.4e-09]	1JRH_I_NI48A	AB/AG	AB/AG	1	3
350	1JRH	1JRH_I	P15260	SUP	['SPR', 'ELISA']	[-3.579, -3.579]	KI47A	KI37A	[6.05e-06, 1.6e-06]	[1.44e-08, 2.4e-09]	1JRH_I_KI47A	AB/AG	AB/AG	1	3
351	1DAN	1DAN_T	P13726	COR	['ELISA', 'SPR']	[-2.439, -2.439]	KT20A	KT15A	[3.25e-07, 4.86e-07]	[5.3e-09, 6.16e-09]	1DAN_T_KT20A		1DAN_HL_UT	1	2
352	1DAN	1DAN_T	P13726	SUP	['ELFA', 'SPR']	[-0.921, -0.921]	KT48A	KT43A	[1.23e-11, 1.24e-08]	[2.6e-12, 6.16e-09]	1DAN_T_KT48A		1DAN_HL_UT	1	2
353	1DAN	1DAN_T	P13726	SUP	['ELFA', 'SPR']	[-0.729, -0.729]	QT37A	QT32A	[8.9e-12, 1.55e-08]	[2.6e-12, 6.16e-09]	1DAN_T_QT37A		1DAN_HL_UT	1	2
354	1DAN	1DAN_U	P13726	COR	['ELFA', 'SPR']	[-0.312, -0.312]	YU94A	YU4A	[4.4e-12, 3.47e-08]	[2.6e-12, 6.16e-09]	1DAN_U_YU94A		1DAN_HL_UT	1	2
355	1DAN	1DAN_T	P13726	COR	['ELFA', 'SPR']	[0.127, 0.127]	ST47A	ST42A	[2.1e-12, 6.63e-09]	[2.6e-12, 6.16e-09]	1DAN_T_ST47A		1DAN_HL_UT	1	2
356	1DAN	1DAN_T	P13726	COR	['ELFA', 'ELISA']	[-1.5, -1.5]	WT45A	WT40A	[3.27e-11, 2.9e-07]	[2.6e-12, 5.3e-09]	1DAN_T_WT45A		1DAN_HL_UT	1	2
357	1JRH	1JRH_I	P15260	RIM	['SPR', 'ELISA']	[0.043, 0.043]	KI98A	KI88A	[1.34e-08, 7.4e-09]	[1.44e-08, 2.4e-09]	1JRH_I_KI98A	AB/AG	AB/AG	1	3
358	1JRH	1JRH_I	P15260	SUP	['SPR', 'ELISA']	[0.246, 0.246]	RI84A	RI74A	[9.5e-09, 1.37e-08]	[1.44e-08, 2.4e-09]	1JRH_I_RI84A	AB/AG	AB/AG	1	3
359	1JRH	1JRH_I	P15260	COR	['SPR', 'ELISA']	[-1.136, -1.136]	WI82Y	WI72Y	[9.79e-08, 1.95e-08]	[1.44e-08, 2.4e-09]	1JRH_I_WI82Y	AB/AG	AB/AG	1	3
360	1JRH	1JRH_I	P15260	COR	['SPR', 'ELISA']	[-1.109, -1.109]	WI82F	WI72F	[9.36e-08, 1.53e-08]	[1.44e-08, 2.4e-09]	1JRH_I_WI82F	AB/AG	AB/AG	1	3
361	1JRH	1JRH_I	P15260	COR	['SPR', 'ELISA']	[-4.529, -4.529]	WI82A	WI72A	[3.01e-05, 3.6e-06]	[1.44e-08, 2.4e-09]	1JRH_I_WI82A	AB/AG	AB/AG	1	3
362	1JRH	1JRH_I	P15260	INT	['SPR', 'ELISA']	[0.399, 0.399]	NI79A	NI69A	[7.34e-09, 2.4e-09]	[1.44e-08, 2.4e-09]	1JRH_I_NI79A	AB/AG	AB/AG	1	3
363	1JRH	1JRH_I	P15260	COR	['SPR', 'ELISA']	[-0.016, -0.016]	WI56Y	WI46Y	[1.48e-08, 6.4e-09]	[1.44e-08, 2.4e-09]	1JRH_I_WI56Y	AB/AG	AB/AG	1	3
364	1JRH	1JRH_I	P15260	COR	['SPR', 'ELISA']	[0.657, 0.657]	WI56F	WI46F	[4.75e-09, 3.1e-09]	[1.44e-08, 2.4e-09]	1JRH_I_WI56F	AB/AG	AB/AG	1	3
365	1BP3	1BP3_A	P01241	SUP	['RA', 'RA']	[-1.911, -1.911]	FA176A	FA172A	[8.3e-10, 7.2e-06]	[3.3e-11, 2.7e-07]	1BP3_A_FA176A		1BP3_A_B,3MZG_A_B,3N06_A_B,3N0P_A_B,3NCB_A_B,3NCC_A_B,1A22_A_B	2	1
366	1BP3	1BP3_A	P01241	COR	['RA', 'RA']	[-3.493, -3.493]	EA174A	EA170A	[1.2e-08, 3.6e-07]	[3.3e-11, 2.7e-07]	1BP3_A_EA174A		1BP3_A_B,3MZG_A_B,3N06_A_B,3N0P_A_B,3NCB_A_B,3NCC_A_B,1A22_A_B	2	1
367	1BP3	1BP3_A	P01241	SUP	['RA', 'RA']	[-3.191, -3.191]	KA172A	KA168A	[7.2e-09, 8.2e-06]	[3.3e-11, 2.7e-07]	1BP3_A_KA172A		1BP3_A_B,3MZG_A_B,3N06_A_B,3N0P_A_B,3NCB_A_B,3NCC_A_B,1A22_A_B	2	1
368	1BP3	1BP3_A	P01241	COR	['RA', 'RA']	[-3.928, -3.928]	RA167A	RA163A	[2.5e-08, 9.7e-06]	[3.3e-11, 2.7e-07]	1BP3_A_RA167A		1BP3_A_B,3MZG_A_B,3N06_A_B,3N0P_A_B,3NCB_A_B,3NCC_A_B,1A22_A_B	2	1
369	1BP3	1BP3_A	P01241	INT	['RA', 'RA']	[-1.729, -1.729]	IA58A	IA58A	[6.11e-10, 5.5e-06]	[3.3e-11, 2.7e-07]	1BP3_A_IA58A		1BP3_A_B,3MZG_A_B,3N06_A_B,3N0P_A_B,3NCB_A_B,3NCC_A_B,1A22_A_B	2	1
370	1BP3	1BP3_A	P01241	SUP	['RA', 'RA']	[-2.672, -2.672]	HA21A	HA21A	[3e-09, 2e-07]	[3.3e-11, 2.7e-07]	1BP3_A_HA21A		1BP3_A_B,3MZG_A_B,3N06_A_B,3N0P_A_B,3NCB_A_B,3NCC_A_B,1A22_A_B	2	1
371	1BP3	1BP3_A	P01241	RIM	['RA', 'RA']	[-2.912, -2.912]	HA18A	HA18A	[4.5e-09, 3.7e-07]	[3.3e-11, 2.7e-07]	1BP3_A_HA18A		1BP3_A_B,3MZG_A_B,3N06_A_B,3N0P_A_B,3NCB_A_B,3NCC_A_B,1A22_A_B	2	1
372	1A22	1A22_B	P10912	INT	['SPR', 'IARA']	[-0.785, -0.785]	KB415A	KB170A	[1.28e-09, 9.3e-10]	[3.4e-10, 4e-10]	1A22_B_KB415A		1A22_A_B,1BP3_A_B	1	1
373	1JRH	1JRH_I	P15260	COR	['SPR', 'ELISA']	[-0.298, -0.298]	SI54A	SI44A	[2.38e-08, 5.2e-09]	[1.44e-08, 2.4e-09]	1JRH_I_SI54A	AB/AG	AB/AG	1	3
374	1JRH	1JRH_I	P15260	COR	['SPR', 'ELISA']	[-3.894, -3.894]	NI53A	NI43A	[1.03e-05, 6.8e-06]	[1.44e-08, 2.4e-09]	1JRH_I_NI53A	AB/AG	AB/AG	1	3
375	1JRH	1JRH_I	P15260	COR	['SPR', 'ELISA']	[-2.985, -2.985]	KI52A	KI42A	[2.22e-06, 1.44e-06]	[1.44e-08, 2.4e-09]	1JRH_I_KI52A	AB/AG	AB/AG	1	3
376	1JRH	1JRH_I	P15260	COR	['SPR', 'ELISA']	[-1.884, -1.884]	VI51A	VI41A	[3.46e-07, 2.9e-08]	[1.44e-08, 2.4e-09]	1JRH_I_VI51A	AB/AG	AB/AG	1	3
377	1JRH	1JRH_I	P15260	COR	['SPR', 'ELISA']	[-4.527, -4.527]	GI50A	GI40A	[3e-05, 3.88e-06]	[1.44e-08, 2.4e-09]	1JRH_I_GI50A	AB/AG	AB/AG	1	3
378	1JRH	1JRH_I	P15260	COR	['SPR', 'ELISA']	[-0.791, -0.791]	YI49F	YI39F	[5.47e-08, 1.36e-08]	[1.44e-08, 2.4e-09]	1JRH_I_YI49F	AB/AG	AB/AG	1	3
379	1JRH	1JRH_I	P15260	COR	['SPR', 'ELISA']	[-3.401, -3.401]	YI49A	YI39A	[4.48e-06, 1.15e-06]	[1.44e-08, 2.4e-09]	1JRH_I_YI49A	AB/AG	AB/AG	1	3
380	1JRH	1JRH_I	P15260	SUP	['SPR', 'ELISA']	[-0.364, -0.364]	NI48Q	NI38Q	[2.66e-08, 7.9e-09]	[1.44e-08, 2.4e-09]	1JRH_I_NI48Q	AB/AG	AB/AG	1	3
381	1A22	1A22_B	P10912	SUP	['SPR', 'RA']	[-0.891, -0.891]	QB416A	QB171A	[1.53e-09, 4.4e-09]	[3.4e-10, 1e-09]	1A22_B_QB416A		1A22_A_B,1BP3_A_B	1	1
382	1A22	1A22_B	P10912	RIM	['SPR', 'RA']	[0.094, 0.094]	TB395A	TB150A	[2.9e-10, 8.13e-10]	[3.4e-10, 1e-09]	1A22_B_TB395A		1A22_A_B,1BP3_A_B	1	1
383	1A22	1A22_B	P10912	COR	['SPR', 'RA']	[0.617, 0.617]	VB371A	VB126A	[1.2e-10, 2.95e-10]	[3.4e-10, 1e-09]	1A22_B_VB371A		1A22_A_B,1BP3_A_B	1	1
384	1A22	1A22_B	P10912	RIM	['SPR', 'RA']	[0.018, 0.018]	KB367A	KB122A	[3.3e-10, 1e-09]	[3.4e-10, 1e-09]	1A22_B_KB367A		1A22_A_B,1BP3_A_B	1	1
385	1A22	1A22_B	P10912	RIM	['SPR', 'RA']	[-0.017, -0.017]	QB366A	QB121A	[3.5e-10, 1e-09]	[3.4e-10, 1e-09]	1A22_B_QB366A		1A22_A_B,1BP3_A_B	1	1
386	1A22	1A22_B	P10912	COR	['SPR', 'RA']	[-2.131, -2.131]	IB365A	IB120A	[1.24e-08, 3.95e-08]	[3.4e-10, 1e-09]	1A22_B_IB365A		1A22_A_B,1BP3_A_B	1	1
387	1A22	1A22_B	P10912	SUP	['SPR', 'RA']	[-1.487, -1.487]	DB364A	DB119A	[4.18e-09, 1.43e-08]	[3.4e-10, 1e-09]	1A22_B_DB364A		1A22_A_B,1BP3_A_B	1	1
388	3S9D	3S9D_B	P48551	COR	['SP', 'SPR']	[0.211, 0.211]	NB98A	NB85A	[7e-09, 2.4e-09]	[1e-08, 3e-09]	3S9D_B_NB98A		3S9D_A_B,3SE3_B_C,3SE4_B_C	2	8
389	3S9D	3S9D_B	P48551	SUR	['SP', 'SPR']	[-0.314, -0.314]	SB74A	SB63A	[1.7e-08, 4.76e-09]	[1e-08, 3e-09]	3S9D_B_SB74A		3S9D_A_B,3SE3_B_C,3SE4_B_C	2	8
390	1BRS	1BRS_D	P11540	SUR	['SFFL', 'SPR']	[-0.543, -0.543]	ED80A	ED78A	[2.5e-14, 2.64e-10]	[1e-14, 1.32e-10]	1BRS_D_ED80A		1BRS_A_D,1B2U_A_D,1B2S_A_D,1B3S_A_D,1X1W_A_D,1X1X_A_D	1	1
391	1BRS	1BRS_D	P11540	RIM	['ITC', 'SPR']	[-1.364, -1.364]	ED76A	ED74A	[1e-13, 5.3e-10]	[1e-14, 1.32e-10]	1BRS_D_ED76A		1BRS_A_D,1B2U_A_D,1B2S_A_D,1B3S_A_D,1X1W_A_D,1X1X_A_D	1	1
392	1BRS	1BRS_D	P11540	COR	['ITC', 'SPR']	[-7.651, -7.651]	DD39A	DD39A	[4.06e-09, 2.96e-06]	[1e-14, 1.32e-10]	1BRS_D_DD39A		1BRS_A_D,1B2U_A_D,1B2S_A_D,1B3S_A_D,1X1W_A_D,1X1X_A_D	1	1
393	1BRS	1BRS_D	P11540	COR	['ITC', 'SPR']	[-4.503, -4.503]	DD35A	DD35A	[2e-11, 1.27e-07]	[1e-14, 1.32e-10]	1BRS_D_DD35A		1BRS_A_D,1B2U_A_D,1B2S_A_D,1B3S_A_D,1X1W_A_D,1X1X_A_D	1	1
394	3S9D	3S9D_B	P48551	COR	['SPR', 'SP']	[-1.824, -1.824]	MB46V	MB35V	[6.52e-08, 3.49e-07]	[3e-09, 2.5e-09]	3S9D_B_MB46V		3S9D_A_B,3SE3_B_C,3SE4_B_C	2	8
395	3S9D	3S9D_B	P48551	SUP	['SPR', 'SP']	[-1.775, -1.775]	IB45A	IB34A	[6e-08, 6.5e-08]	[3e-09, 2.5e-09]	3S9D_B_IB45A		3S9D_A_B,3SE3_B_C,3SE4_B_C	2	8
396	3S9D	3S9D_A	P01563	RIM	['SP', 'SPR']	[0.085, 0.085]	NA156A	NA127A	[2.6e-09, 3e-09]	[3e-09, 3e-09]	3S9D_A_NA156A		3S9D_A_B,3SE3_B_C,3SE4_B_C	2	8
397	1A22	1A22_B	P10912	COR	['SPR', 'IARA']	[-0.536, -0.536]	RB271A	RB30A	[8.4e-10, 1.1e-09]	[3.4e-10, 4e-10]	1A22_B_RB271A		1A22_A_B,1BP3_A_B	1	1
398	1A22	1A22_B	P10912	SUR	['SPR', 'RA']	[-0.204, -0.204]	TB394A	TB149A	[4.8e-10, 1.35e-09]	[3.4e-10, 1e-09]	1A22_B_TB394A		1A22_A_B,1BP3_A_B	1	1
399	1A22	1A22_B	P10912	SUP	['SPR', 'IARA']	[-1.762, -1.762]	TB301A	TB60A	[6.65e-09, 2.5e-09]	[3.4e-10, 4e-10]	1A22_B_TB301A		1A22_A_B,1BP3_A_B	1	1
400	1A22	1A22_B	P10912	INT	['SPR', 'IARA']	[-0.05, -0.05]	FB296S	FB55S	[3.7e-10, 3.2e-10]	[3.4e-10, 4e-10]	1A22_B_FB296S		1A22_A_B,1BP3_A_B	1	1
401	1A22	1A22_B	P10912	SUR	['SPR', 'IARA']	[-0.204, -0.204]	TB277A	TB36A	[4.8e-10, 2.6e-10]	[3.4e-10, 4e-10]	1A22_B_TB277A		1A22_A_B,1BP3_A_B	1	1
402	1A22	1A22_B	P10912	INT	['SPR', 'IARA']	[-0.179, -0.179]	EB242A	EB10A	[4.6e-10, 3.2e-09]	[3.4e-10, 4e-10]	1A22_B_EB242A		1A22_A_B,1BP3_A_B	1	1
403	1A22	1A22_B	P10912	COR	['SPR', 'RA']	[-0.296, -0.296]	NB418A	NB173A	[5.6e-10, 1.6e-09]	[3.4e-10, 1e-09]	1A22_B_NB418A		1A22_A_B,1BP3_A_B	1	1
404	3S9D	3S9D_A	P01563	COR	['SP', 'SPR']	[-1.058, -1.058]	AA145M	AA116M	[1.79e-08, 1.88e-08]	[3e-09, 3e-09]	3S9D_A_AA145M		3S9D_A_B,3SE3_B_C,3SE4_B_C	2	8
405	1BRS	1BRS_A	P00648	SUP	['ITC', 'SFFL']	[-5.565, -5.565]	RA87A	RA85A	[1.2e-10, 3e-10]	[1e-14, 1.3e-14]	1BRS_A_RA87A		1BRS_A_D,1B2U_A_D,1B2S_A_D,1B3S_A_D,1X1W_A_D,1X1X_A_D	1	2
406	3S9D	3S9D_A	P01563	COR	['SP', 'SPR']	[-4.674, -4.674]	RA33K	RA26K	[8e-06, 6e-06]	[3e-09, 3e-09]	3S9D_A_RA33K		3S9D_A_B,3SE3_B_C,3SE4_B_C	2	8
407	1JTG	1JTG_B	P35804	SUP	['IASP', 'ITC']	[0.303, 0.303]	SB39A	SB39A	[3e-10, 2.01e-10]	[5e-10, 1.11e-10]	1JTG_B_SB39A		1XXM_A_C,1S0W_A_C,1JTG_A_B,2G2U_A_B,2G2W_A_B,3N4I_A_B,1JTD_A_B,3QHY_A_B	2	4
408	1E50	1E50_B	Q13951	COR	['ESMA', 'ESMA']	[-0.91, -0.91]	NB63A	NB62A	[6.5e-08, 1.46e-07]	[1.4e-08, 2.61e-08]	1E50_B_NB63A		1E50_A_B,1H9D_A_B	2	1
409	1E50	1E50_A	Q01196	COR	['ESMA', 'ESMA']	[-1.513, -1.513]	TA149A	TA91A	[1.8e-07, 1.52e-07]	[1.4e-08, 2.61e-08]	1E50_A_TA149A		1E50_A_B,1H9D_A_B	2	1
410	1E50	1E50_A	Q01196	COR	['ESMA', 'ESMA']	[-0.945, -0.945]	YA113A	YA55A	[6.9e-08, 1.16e-07]	[1.4e-08, 2.61e-08]	1E50_A_YA113A		1E50_A_B,1H9D_A_B	2	1
411	1E50	1E50_A	Q01196	SUP	['ESMA', 'ESMA']	[-2.433, -2.433]	NA109A	NA51A	[8.5e-07, 2.81e-07]	[1.4e-08, 2.61e-08]	1E50_A_NA109A		1E50_A_B,1H9D_A_B	2	1
412	1E50	1E50_A	Q01196	RIM	['ESMA', 'ESMA']	[0.402, 0.402]	DA66A	DA8A	[7.1e-09, 1.77e-08]	[1.4e-08, 2.61e-08]	1E50_A_DA66A		1E50_A_B,1H9D_A_B	2	1
413	4NKQ	4NKQ_B	P15509	INT	['RA', 'IARA']	[-2.119, -2.119]	DB281N	DB176N	[1.43e-09, 5.9e-10]	[4e-11, 3e-11]	4NKQ_B_DB281N		4NKQ_C_AB,4RS1_A_B	2	10
414	4NKQ	4NKQ_B	P15509	COR	['RA', 'IARA']	[-1.864, -1.864]	RB283M	RB178M	[9.3e-10, 3e-09]	[4e-11, 3e-11]	4NKQ_B_RB283M		4NKQ_C_AB,4RS1_A_B	2	10
415	4RS1	4RS1_A	P04141	COR	['IARA', 'IARA']	[-3.26, -3.26]	DA112K	DA92K	[4.66e-07, 1.4e-06]	[1.9e-09, 1.7e-09]	4RS1_A_DA112K		4RS1_A_B,4NKQ_C_AB	2	10
416	1A22	1A22_A	P01241	SUP	['SPR', 'RA']	[-2.015, -2.015]	KA172A	KA161A	[2.7e-08, 4.6e-09]	[9e-10, 3.4e-10]	1A22_A_KA172A		1A22_A_B,1BP3_A_B	1	1
417	1A22	1A22_A	P01241	COR	['SPR', 'RA']	[-0.791, -0.791]	DA171A	DA160A	[3.42e-09, 2.4e-09]	[9e-10, 3.4e-10]	1A22_A_DA171A		1A22_A_B,1BP3_A_B	1	1
418	1A22	1A22_A	P01241	COR	['SPR', 'RA']	[0.155, 0.155]	KA168A	KA157A	[6.93e-10, 3.7e-10]	[9e-10, 3.4e-10]	1A22_A_KA168A		1A22_A_B,1BP3_A_B	1	1
419	1A22	1A22_A	P01241	COR	['SPR', 'RA']	[-0.278, -0.278]	RA167A	RA156A	[1.44e-09, 2.6e-10]	[9e-10, 3.4e-10]	1A22_A_RA167A		1A22_A_B,1BP3_A_B	1	1
420	1A22	1A22_A	P01241	RIM	['SPR', 'RA']	[-0.588, -0.588]	QA68A	QA68A	[2.43e-09, 1.8e-09]	[9e-10, 3.4e-10]	1A22_A_QA68A		1A22_A_B,1BP3_A_B	1	1
421	1A22	1A22_A	P01241	RIM	['SPR', 'RA']	[0.473, 0.473]	EA65A	EA65A	[4.05e-10, 2e-10]	[9e-10, 3.4e-10]	1A22_A_EA65A		1A22_A_B,1BP3_A_B	1	1
422	1A22	1A22_A	P01241	COR	['SPR', 'RA']	[-1.643, -1.643]	RA64A	RA64A	[1.44e-08, 7.11e-09]	[9e-10, 3.4e-10]	1A22_A_RA64A		1A22_A_B,1BP3_A_B	1	1
423	1A22	1A22_A	P01241	COR	['SPR', 'RA']	[-0.314, -0.314]	NA63A	NA63A	[1.53e-09, 1.12e-09]	[9e-10, 3.4e-10]	1A22_A_NA63A		1A22_A_B,1BP3_A_B	1	1
424	1A22	1A22_B	P10912	SUP	['SPR', 'RA']	[-0.274, -0.274]	SB324A	SB83A	[5.4e-10, 1.35e-09]	[3.4e-10, 1e-09]	1A22_B_SB324A		1A22_A_B,1BP3_A_B	1	1
425	1A22	1A22_B	P10912	COR	['SPR', 'RA']	[-0.081, -0.081]	KB321A	KB80A	[3.9e-10, 1.14e-09]	[3.4e-10, 1e-09]	1A22_B_KB321A		1A22_A_B,1BP3_A_B	1	1
426	1A22	1A22_B	P10912	RIM	['SPR', 'RA']	[0.182, 0.182]	EB320A	EB79A	[2.5e-10, 6.87e-10]	[3.4e-10, 1e-09]	1A22_B_EB320A		1A22_A_B,1BP3_A_B	1	1
427	1A22	1A22_B	P10912	SUP	['SPR', 'IARA']	[-3.306, -3.306]	PB306A	PB65A	[9.01e-08, 3.37e-08]	[3.4e-10, 4e-10]	1A22_B_PB306A		1A22_A_B,1BP3_A_B	1	1
428	1A22	1A22_B	P10912	COR	['SPR', 'IARA']	[-4.732, -4.732]	WB304A	WB63A	[1e-06, 1e-06]	[3.4e-10, 4e-10]	1A22_B_WB304A		1A22_A_B,1BP3_A_B	2	1
429	1A22	1A22_B	P10912	SUP	['SPR', 'IARA']	[-0.69, -0.69]	RB270A	RB29A	[1.09e-09, 8.1e-10]	[3.4e-10, 4e-10]	1A22_B_RB270A		1A22_A_B,1BP3_A_B	1	1
430	1A22	1A22_A	P01241	SUR	['SPR', 'RA']	[0.012, 0.012]	EA186A	EA175A	[8.82e-10, 2.7e-10]	[9e-10, 3.4e-10]	1A22_A_EA186A		1A22_A_B,1BP3_A_B	1	1
431	1A22	1A22_A	P01241	RIM	['SPR', 'RA']	[-0.543, -0.543]	RA183A	RA172A	[2.25e-09, 7.1e-10]	[9e-10, 3.4e-10]	1A22_A_RA183A		1A22_A_B,1BP3_A_B	1	1
432	1A22	1A22_A	P01241	SUP	['SPR', 'RA']	[-0.806, -0.806]	IA179A	IA168A	[3.51e-09, 9.2e-10]	[9e-10, 3.4e-10]	1A22_A_IA179A		1A22_A_B,1BP3_A_B	1	1
433	1A22	1A22_A	P01241	SUP	['SPR', 'RA']	[-0.411, -0.411]	FA176A	FA165A	[1.8e-09, 5.4e-09]	[9e-10, 3.4e-10]	1A22_A_FA176A		1A22_A_B,1BP3_A_B	1	1
434	1A22	1A22_A	P01241	COR	['SPR', 'RA']	[0.925, 0.925]	EA174A	EA163A	[1.89e-10, 7.5e-11]	[9e-10, 3.4e-10]	1A22_A_EA174A		1A22_A_B,1BP3_A_B	1	1
435	3SE4	3SE4_B	P05000	COR	['SPR', 'SP']	[-0.573, -0.573]	MB148A	MB130A	[5.26e-09, 4.17e-05]	[2e-09, 4e-05]	3SE4_B_MB148A		3SE4_B_C,3S9D_A_B,3SE3_B_C	2	9
436	3SE4	3SE4_B	P05000	COR	['SPR', 'SP']	[-2.728, -2.728]	LB32A	LB31A	[2e-07, 3.92e-05]	[2e-09, 4e-05]	3SE4_B_LB32A		3SE4_B_C,3S9D_A_B,3SE3_B_C	2	9
437	3SE4	3SE4_B	P05000	COR	['SPR', 'SP']	[-0.924, -0.924]	PB28L	PB27L	[9.52e-09, 4.76e-05]	[2e-09, 4e-05]	3SE4_B_PB28L		3SE4_B_C,3S9D_A_B,3SE3_B_C	2	9
438	3SE4	3SE4_B	P05000	COR	['SPR', 'SP']	[0.17, 0.17]	PB28A	PB27A	[1.5e-09, 4.35e-05]	[2e-09, 4e-05]	3SE4_B_PB28A		3SE4_B_C,3S9D_A_B,3SE3_B_C	2	9
439	3SE4	3SE4_C	P48551	COR	['SPR', 'SPR']	[-1.364, -1.364]	EC77A	EC69A	[2e-08, 2.13e-08]	[2e-09, 2e-09]	3SE4_C_EC77A		3SE4_B_C,3S9D_A_B,3SE3_B_C	2	9
440	3S9D	3S9D_B	P48551	SUR	['SPR', 'SP']	[-1.048, -1.048]	DB104A	DB91A	[1.76e-08, 3.9e-08]	[3e-09, 2.5e-09]	3S9D_B_DB104A		3S9D_A_B,3SE3_B_C,3SE4_B_C	2	8
441	1LFD	1LFD_A	Q03386	COR	['ITC', 'IAFL']	[-0.302, -0.302]	NA29A	NA16A	[1.15e-06, 3.75e-06]	[6.91e-07, 1.21e-06]	1LFD_A_NA29A		1LFD_A_B,4G0N_A_B,3KUD_A_B,1K8R_A_B,1HE8_A_B,1GUA_A_B,1C1Y_A_B	2	4
442	1LFD	1LFD_A	Q03386	RIM	['ITC', 'IAFL']	[-1.0, -1.0]	NA27A	NA14A	[3.74e-06, 5.19e-06]	[6.91e-07, 1.21e-06]	1LFD_A_NA27A		1LFD_A_B,4G0N_A_B,3KUD_A_B,1K8R_A_B,1HE8_A_B,1GUA_A_B,1C1Y_A_B	2	4
443	1LFD	1LFD_A	Q03386	RIM	['ITC', 'IAFL']	[-1.0, -1.0]	IA18A	IA5A	[3.74e-06, 2.63e-05]	[6.91e-07, 1.21e-06]	1LFD_A_IA18A		1LFD_A_B,4G0N_A_B,3KUD_A_B,1K8R_A_B,1HE8_A_B,1GUA_A_B,1C1Y_A_B	2	4
444	4NKQ	4NKQ_B	P15509	INT	['RA', 'IARA']	[-0.332, -0.332]	RB261Q	RB156Q	[7e-11, 1.2e-10]	[4e-11, 3e-11]	4NKQ_B_RB261Q		4NKQ_C_AB,4RS1_A_B	2	10
445	1FC2	1FC2_C	P38507	RIM	['SPR', 'IARA']	[-0.606, -0.606]	NC147A	NC24A	[4.67e-08, 1.67e-07]	[1.68e-08, 6.25e-08]	1FC2_C_NC147A		1FC2_C_D,1FCC_A_C,3MZW_A_B	1	3
446	1FC2	1FC2_C	P38507	COR	['SPR', 'IARA']	[-1.434, -1.434]	LC136D	LC13D	[1.89e-07, 2.5e-07]	[1.68e-08, 6.25e-08]	1FC2_C_LC136D		1FC2_C_D,1FCC_A_C,3MZW_A_B	1	3
447	1A22	1A22_A	P01241	COR	['SPR', 'RA']	[-0.155, -0.155]	SA62A	SA62A	[1.17e-09, 1e-09]	[9e-10, 3.4e-10]	1A22_A_SA62A		1A22_A_B,1BP3_A_B	1	1
448	1A22	1A22_A	P01241	RIM	['SPR', 'RA']	[-0.411, -0.411]	EA56A	EA56A	[1.8e-09, 1.4e-09]	[9e-10, 3.4e-10]	1A22_A_EA56A		1A22_A_B,1BP3_A_B	1	1
449	1A22	1A22_A	P01241	COR	['SPR', 'RA']	[0.486, 0.486]	HA18A	HA18A	[3.96e-10, 2.4e-10]	[9e-10, 3.4e-10]	1A22_A_HA18A		1A22_A_B,1BP3_A_B	1	1
450	1A22	1A22_A	P01241	INT	['SPR', 'RA']	[0.0, 0.0]	MA14A	MA14A	[9e-10, 7.5e-10]	[9e-10, 3.4e-10]	1A22_A_MA14A		1A22_A_B,1BP3_A_B	1	1
451	2AJF	2AJF_E	P59594	COR	['SPR', 'SPR']	[-1.824, -1.824]	TE487S	TE159S	[3.52e-07, nan]	[1.62e-08, 2.08e-08]	2AJF_E_TE487S		2AJF_A_E	1	6
452	1CBW	1CBW_I	P00974	SUR	['ITC', 'IASP']	[-0.1, -0.1]	KI46A	KI46A	[1.68e-08, 1.4e-08]	[1.42e-08, 1.1e-08]	1CBW_I_KI46A	Pr/PI	Pr/PI	2	2
453	1CBW	1CBW_I	P00974	RIM	['ITC', 'IASP']	[-0.2, -0.2]	RI39A	RI39A	[1.99e-08, 1.6e-08]	[1.42e-08, 1.1e-08]	1CBW_I_RI39A	Pr/PI	Pr/PI	2	2
454	1CBW	1CBW_I	P00974	COR	['ITC', 'IASP']	[-0.801, -0.801]	GI37A	GI37A	[5.49e-08, 4.4e-08]	[1.42e-08, 1.1e-08]	1CBW_I_GI37A	Pr/PI	Pr/PI	2	2
455	1CBW	1CBW_I	P00974	SUP	['ITC', 'IASP']	[-0.901, -0.901]	GI36A	GI36A	[6.5e-08, 5.6e-08]	[1.42e-08, 1.1e-08]	1CBW_I_GI36A	Pr/PI	Pr/PI	2	2
456	1CBW	1CBW_I	P00974	INT	['ITC', 'IASP']	[-0.801, -0.801]	YI35A	YI35A	[5.49e-08, 4.9e-08]	[1.42e-08, 1.1e-08]	1CBW_I_YI35A	Pr/PI	Pr/PI	2	2
457	1CBW	1CBW_I	P00974	RIM	['ITC', 'IASP']	[0.0, 0.0]	VI34A	VI34A	[1.42e-08, 1.2e-08]	[1.42e-08, 1.1e-08]	1CBW_I_VI34A	Pr/PI	Pr/PI	2	2
458	1CBW	1CBW_I	P00974	INT	['ITC', 'IASP']	[-0.301, -0.301]	RI20A	RI20A	[2.36e-08, 2e-08]	[1.42e-08, 1.1e-08]	1CBW_I_RI20A	Pr/PI	Pr/PI	2	2
459	1CBW	1CBW_I	P00974	RIM	['ITC', 'IASP']	[-0.1, -0.1]	II19A	II19A	[1.68e-08, 1.4e-08]	[1.42e-08, 1.1e-08]	1CBW_I_II19A	Pr/PI	Pr/PI	2	2
460	1CBW	1CBW_I	P00974	COR	['ITC', 'IASP']	[-0.501, -0.501]	RI17A	RI17A	[3.31e-08, 2.8e-08]	[1.42e-08, 1.1e-08]	1CBW_I_RI17A	Pr/PI	Pr/PI	2	2
461	1JTG	1JTG_A	P62593	COR	['SPR', 'SFFL']	[0.383, 0.383]	PA107A	PA82A	[2.5e-09, 3.43e-10]	[4.77e-09, 2.3e-10]	1JTG_A_PA107A		1XXM_A_C,1S0W_A_C,1JTG_A_B,2G2U_A_B,2G2W_A_B,3N4I_A_B,1JTD_A_B,3QHY_A_B	1	4
462	1JTG	1JTG_A	P62593	RIM	['SPR', 'SFFL']	[0.456, 0.456]	NA100A	NA75A	[2.21e-09, 1.9e-11]	[4.77e-09, 2.3e-10]	1JTG_A_NA100A		1XXM_A_C,1S0W_A_C,1JTG_A_B,2G2U_A_B,2G2W_A_B,3N4I_A_B,1JTD_A_B,3QHY_A_B	1	4
463	1CBW	1CBW_I	P00974	COR	['ITC', 'IASP']	[0.1, 0.1]	PI13A	PI13A	[1.2e-08, 1e-08]	[1.42e-08, 1.1e-08]	1CBW_I_PI13A	Pr/PI	Pr/PI	2	2
464	1CBW	1CBW_I	P00974	SUP	['ITC', 'IASP']	[-0.602, -0.602]	GI12A	GI12A	[3.92e-08, 3.5e-08]	[1.42e-08, 1.1e-08]	1CBW_I_GI12A	Pr/PI	Pr/PI	2	2
465	1CBW	1CBW_I	P00974	COR	['ITC', 'IASP']	[-0.2, -0.2]	TI11A	TI11A	[1.99e-08, 1.6e-08]	[1.42e-08, 1.1e-08]	1CBW_I_TI11A	Pr/PI	Pr/PI	2	2
466	2FTL	2FTL_I	P00974	COR	['IASP', 'IASP']	[-10.159, -10.159]	KI15A	KI15A	[1.4e-06, 3.7e-06]	[5e-14, 5.88e-14]	2FTL_I_KI15A	Pr/PI	Pr/PI	1	6
467	2G2U	2G2U_A	P0AD64	COR	['IASP', 'IASP']	[0.453, 0.453]	DA104K	DA79K	[5.82e-07, 5.8e-07]	[1.25e-06, 1.8e-06]	2G2U_A_DA104K		2G2U_A_B,2G2W_A_B,3N4I_A_B,1XXM_A_C,1S0W_A_C,1JTG_A_B,1JTD_A_B,3QHY_A_B	1	6
468	2G2U	2G2U_B	P35804	COR	['IASP', 'IASP']	[3.536, 3.536]	EB73M	EB73M	[4.4e-09, 2.8e-08]	[1.72e-06, 1.8e-06]	2G2U_B_EB73M		2G2U_A_B,2G2W_A_B,3N4I_A_B,1XXM_A_C,1S0W_A_C,1JTG_A_B,1JTD_A_B,3QHY_A_B	1	6
469	1DQJ	1DQJ_C	P00698	COR	['SPR', 'SPR']	[-1.453, -1.453]	DC101A	DC101A	[3.23e-08, 2.5e-08]	[2.78e-09, 2.78e-09]	1DQJ_C_DC101A	AB/AG	AB/AG	1	2
470	1DQJ	1DQJ_C	P00698	COR	['SPR', 'SPR']	[-3.521, -3.521]	KC97A	KC97A	[1.06e-06, 1.06e-06]	[2.78e-09, 2.78e-09]	1DQJ_C_KC97A	AB/AG	AB/AG	1	2
471	1DQJ	1DQJ_C	P00698	SUP	['SPR', 'SPR']	[-1.347, -1.347]	WC63A	WC63A	[2.7e-08, 2.7e-08]	[2.78e-09, 2.78e-09]	1DQJ_C_WC63A	AB/AG	AB/AG	1	3
472	1DQJ	1DQJ_C	P00698	COR	['SPR', 'SPR']	[-1.169, -1.169]	RC21A	RC21A	[2e-08, 2.33e-08]	[2.78e-09, 2.78e-09]	1DQJ_C_RC21A	AB/AG	AB/AG	1	2
473	1DQJ	1DQJ_C	P00698	COR	['SPR', 'SPR']	[-3.287, -3.287]	YC20A	YC20A	[7.14e-07, 7.14e-07]	[2.78e-09, 2.78e-09]	1DQJ_C_YC20A	AB/AG	AB/AG	1	3
474	1FC2	1FC2_C	P38507	RIM	['SPR', 'IARA']	[-1.527, -1.527]	KC154A	KC31A	[2.21e-07, 5e-07]	[1.68e-08, 6.25e-08]	1FC2_C_KC154A		1FC2_C_D,1FCC_A_C,3MZW_A_B	1	3
475	1FC2	1FC2_C	P38507	SUP	['SPR', 'IARA']	[-5.277, -5.277]	IC150A	IC27A	[0.000124, 2.5e-06]	[1.68e-08, 6.25e-08]	1FC2_C_IC150A		1FC2_C_D,1FCC_A_C,3MZW_A_B	1	3
476	1FC2	1FC2_C	P38507	INT	['SPR', 'IARA']	[-0.063, -0.063]	FC149A	FC26A	[1.87e-08, 5.88e-08]	[1.68e-08, 6.25e-08]	1FC2_C_FC149A		1FC2_C_D,1FCC_A_C,3MZW_A_B	1	3
477	1KBH	1KBH_A	Q9Y6Q9	INT	['SFFL', 'SFFL']	[-0.851, -0.851]	LA37W	LA930W	[1.43e-07, 9.32e-08]	[3.4e-08, 3.4e-08]	1KBH_A_LA37W		1KBH_A_B	2	4
478	1JTG	1JTG_A	P62593	COR	['SPR', 'SFFL']	[0.168, 0.168]	YA105A	YA80A	[3.59e-09, 1.96e-10]	[4.77e-09, 2.3e-10]	1JTG_A_YA105A		1XXM_A_C,1S0W_A_C,1JTG_A_B,2G2U_A_B,2G2W_A_B,3N4I_A_B,1JTD_A_B,3QHY_A_B	1	4
479	4G0N	4G0N_A	P01112	COR	['ITC', 'ITC']	[0.581, 0.581]	RA41A	RA41A	[3.01e-08, 6.67e-08]	[8.02e-08, 8e-08]	4G0N_A_RA41A		4G0N_A_B,3KUD_A_B,1LFD_A_B,1GUA_A_B,1C1Y_A_B,1K8R_A_B,1HE8_A_B,1E96_A_B	2	10
480	4G0N	4G0N_A	P01112	COR	['ITC', 'IAFL']	[-3.194, -3.194]	DA38A	DA38A	[1.76e-05, 1.3e-06]	[8.02e-08, 1.8e-08]	4G0N_A_DA38A		4G0N_A_B,3KUD_A_B,1LFD_A_B,1GUA_A_B,1C1Y_A_B,1K8R_A_B,1HE8_A_B,1E96_A_B	2	9
481	4G0N	4G0N_A	P01112	RIM	['ITC', 'ITC']	[-1.065, -1.065]	DA33A	DA33A	[4.84e-07, 2.56e-07]	[8.02e-08, 8e-08]	4G0N_A_DA33A		4G0N_A_B,3KUD_A_B,1LFD_A_B,1GUA_A_B,1C1Y_A_B,1K8R_A_B,1HE8_A_B,1E96_A_B	2	9
482	1JTG	1JTG_A	P62593	INT	['SPR', 'SPR']	[-1.417, -1.417]	KA234A	KA208A	[7.47e-08, 2.7e-08]	[6.83e-09, 4.77e-09]	1JTG_A_KA234A		1XXM_A_C,1S0W_A_C,1JTG_A_B,2G2U_A_B,2G2W_A_B,3N4I_A_B,1JTD_A_B,3QHY_A_B	1	4
483	1JTG	1JTG_A	P62593	SUP	['SPR', 'SPR']	[-1.339, -1.339]	RA243A	RA217A	[6.55e-08, 4.04e-08]	[6.83e-09, 4.77e-09]	1JTG_A_RA243A		1XXM_A_C,1S0W_A_C,1JTG_A_B,2G2U_A_B,2G2W_A_B,3N4I_A_B,1JTD_A_B,3QHY_A_B	1	4
484	1JTG	1JTG_A	P62593	SUP	['SPR', 'SPR']	[-0.792, -0.792]	SA130A	SA105A	[2.6e-08, 8.38e-09]	[6.83e-09, 4.77e-09]	1JTG_A_SA130A		1XXM_A_C,1S0W_A_C,1JTG_A_B,2G2U_A_B,2G2W_A_B,3N4I_A_B,1JTD_A_B,3QHY_A_B	1	4
485	1LFD	1LFD_B	P01112	COR	['IAFL', 'IAFL']	[-3.747, -3.747]	DB238A	DB38A	[0.000675, 0.0001]	[1.21e-06, 1e-06]	1LFD_B_DB238A		1LFD_A_B,4G0N_A_B,3KUD_A_B,1K8R_A_B,1HE8_A_B,1GUA_A_B,1C1Y_A_B	2	4
486	1LFD	1LFD_B	P01112	RIM	['ITC', 'IAFL']	[-0.901, -0.901]	RB241A	RB41A	[3.16e-06, 4.41e-06]	[6.91e-07, 1.21e-06]	1LFD_B_RB241A		1LFD_A_B,4G0N_A_B,3KUD_A_B,1K8R_A_B,1HE8_A_B,1GUA_A_B,1C1Y_A_B	2	4
487	1LFD	1LFD_B	P01112	SUP	['ITC', 'IAFL']	[-2.301, -2.301]	YB240F	YB40F	[3.36e-05, 3.09e-05]	[6.91e-07, 1.21e-06]	1LFD_B_YB240F		1LFD_A_B,4G0N_A_B,3KUD_A_B,1K8R_A_B,1HE8_A_B,1GUA_A_B,1C1Y_A_B	2	4
488	1LFD	1LFD_B	P01112	COR	['ITC', 'IAFL']	[0.6, 0.6]	SB239A	SB39A	[2.51e-07, 2.8e-07]	[6.91e-07, 1.21e-06]	1LFD_B_SB239A		1LFD_A_B,4G0N_A_B,3KUD_A_B,1K8R_A_B,1HE8_A_B,1GUA_A_B,1C1Y_A_B	2	4
489	1LFD	1LFD_A	Q03386	INT	['ITC', 'IAFL']	[-1.0, -1.0]	HA53A	HA40A	[3.74e-06, 3.09e-05]	[6.91e-07, 1.21e-06]	1LFD_A_HA53A		1LFD_A_B,4G0N_A_B,3KUD_A_B,1K8R_A_B,1HE8_A_B,1GUA_A_B,1C1Y_A_B	2	4
490	1LFD	1LFD_A	Q03386	COR	['ITC', 'IAFL']	[-0.801, -0.801]	SA33A	SA20A	[2.67e-06, 7.18e-06]	[6.91e-07, 1.21e-06]	1LFD_A_SA33A		1LFD_A_B,4G0N_A_B,3KUD_A_B,1K8R_A_B,1HE8_A_B,1GUA_A_B,1C1Y_A_B	2	4
491	1JTG	1JTG_B	P35804	COR	['SPR', 'IASP']	[-2.341, -2.341]	WB162A	WB162A	[2.48e-07, 2e-08]	[4.77e-09, 5e-10]	1JTG_B_WB162A		1XXM_A_C,1S0W_A_C,1JTG_A_B,2G2U_A_B,2G2W_A_B,3N4I_A_B,1JTD_A_B,3QHY_A_B	1	4
492	4RS1	4RS1_A	P04141	COR	['IARA', 'IARA']	[-2.133, -2.133]	DA112A	DA92A	[6.96e-08, 3.1e-08]	[1.9e-09, 1.7e-09]	4RS1_A_DA112A		4RS1_A_B,4NKQ_C_AB	2	10
493	1MHP	1MHP_L	Not Mapped	SUR	['KinExA', 'ELISA']	[0.103, 0.103]	NL52Y	NL51Y	[7.14e-09, 8.5e-09]	[8.5e-09, 8.5e-09]	1MHP_L_NL52Y	AB/AG	AB/AG	2	4
494	1MHP	1MHP_H	Not Mapped	SUR	['KinExA', 'ELISA']	[0.073, 0.073]	KH64N	KH64N	[7.52e-09, 8.5e-09]	[8.5e-09, 8.5e-09]	1MHP_H_KH64N	AB/AG	AB/AG	2	4
495	1JTG	1JTG_A	P62593	COR	['IASP', 'IASP']	[-4.235, -4.235]	EA104K	EA79K	[1.4e-07, 1.4e-07]	[1.1e-10, 3.2e-09]	1JTG_A_EA104K		1XXM_A_C,1S0W_A_C,1JTG_A_B,2G2U_A_B,2G2W_A_B,3N4I_A_B,1JTD_A_B,3QHY_A_B	1	3
496	1LFD	1LFD_A	Q03386	RIM	['ITC', 'SFFL']	[0.902, 0.902]	DA51K	DA38K	[2.51e-07, 3.1e-07]	[1.15e-06, 1.94e-06]	1LFD_A_DA51K		1LFD_A_B,4G0N_A_B,3KUD_A_B,1K8R_A_B,1HE8_A_B,1GUA_A_B,1C1Y_A_B	1	4
497	1TM1	1TM1_I	Q40059	COR	['IASP', 'IASP']	[-2.572, -2.572]	TI58A	TI39A	[5.38e-11, 3e-10]	[7e-13, 3e-12]	1TM1_I_TI58A	Pr/PI	Pr/PI	1	5
498	1TM1	1TM1_I	Q40059	SUP	['SFFL', 'IASP']	[-2.923, -2.923]	RI67A	RI48A	[2.78e-10, 5.6e-10]	[2e-12, 3e-12]	1TM1_I_RI67A	Pr/PI	Pr/PI	1	5
499	4G0N	4G0N_B	P04049	COR	['ITC', 'ITC']	[-0.097, -0.097]	VB88A	VB35A	[9.45e-08, 6.67e-08]	[8.02e-08, 8e-08]	4G0N_B_VB88A		4G0N_A_B,3KUD_A_B,1LFD_A_B,1GUA_A_B,1C1Y_A_B,1K8R_A_B,1HE8_A_B,1E96_A_B	2	10
500	4G0N	4G0N_B	P04049	SUP	['ITC', 'IAFL']	[-1.453, -1.453]	TB68A	TB15A	[9.31e-07, 4.5e-07]	[8.02e-08, 1.18e-08]	4G0N_B_TB68A		4G0N_A_B,3KUD_A_B,1LFD_A_B,1GUA_A_B,1C1Y_A_B,1K8R_A_B,1HE8_A_B,1E96_A_B	2	10
501	4G0N	4G0N_B	P04049	COR	['ITC', 'IAFL']	[-1.646, -1.646]	QB66A	QB13A	[1.29e-06, 1.3e-06]	[8.02e-08, 1.18e-08]	4G0N_B_QB66A		4G0N_A_B,3KUD_A_B,1LFD_A_B,1GUA_A_B,1C1Y_A_B,1K8R_A_B,1HE8_A_B,1E96_A_B	2	10
502	1LFD	1LFD_A	Q03386	SUR	['ITC', 'SFFL']	[0.101, 0.101]	EA57K	EA44K	[9.69e-07, 1.2e-06]	[1.15e-06, 1.94e-06]	1LFD_A_EA57K		1LFD_A_B,4G0N_A_B,3KUD_A_B,1K8R_A_B,1HE8_A_B,1GUA_A_B,1C1Y_A_B	1	4
503	1LFD	1LFD_A	Q03386	RIM	['ITC', 'SFFL']	[0.401, 0.401]	DA56A	DA43A	[5.84e-07, 1.21e-06]	[1.15e-06, 1.94e-06]	1LFD_A_DA56A		1LFD_A_B,4G0N_A_B,3KUD_A_B,1K8R_A_B,1HE8_A_B,1GUA_A_B,1C1Y_A_B	1	4
504	1LFD	1LFD_A	Q03386	INT	['ITC', 'SFFL']	[0.0, 0.0]	LA55K	LA42K	[1.15e-06, 7.4e-07]	[1.15e-06, 1.94e-06]	1LFD_A_LA55K		1LFD_A_B,4G0N_A_B,3KUD_A_B,1K8R_A_B,1HE8_A_B,1GUA_A_B,1C1Y_A_B	1	4
505	1LFD	1LFD_A	Q03386	RIM	['ITC', 'SFFL']	[0.101, 0.101]	NA54K	NA41K	[9.69e-07, 2.7e-07]	[1.15e-06, 1.94e-06]	1LFD_A_NA54K		1LFD_A_B,4G0N_A_B,3KUD_A_B,1K8R_A_B,1HE8_A_B,1GUA_A_B,1C1Y_A_B	1	4
506	1TM1	1TM1_I	Q40059	COR	['SFFL', 'IASP']	[-2.18, -2.18]	YI61A	YI42A	[7.92e-11, 4.6e-10]	[2e-12, 3e-12]	1TM1_I_YI61A	Pr/PI	Pr/PI	1	5
507	1TM1	1TM1_I	Q40059	INT	['SFFL', 'IASP']	[-3.08, -3.08]	RI65A	RI46A	[3.62e-10, 1.7e-09]	[2e-12, 3e-12]	1TM1_I_RI65A	Pr/PI	Pr/PI	1	5
508	1KBH	1KBH_A	Q9Y6Q9	SUP	['SFFL', 'SFFL']	[-0.138, -0.138]	QA3W	QA896W	[4.29e-08, 2.96e-08]	[3.4e-08, 3.4e-08]	1KBH_A_QA3W		1KBH_A_B	2	4
509	1ACB	1ACB_I	P01051	COR	['IASP']	[-6.949]	LI45P	LI38P	[1.85e-07]	[1.49e-12]	1ACB_I_LI45P	Pr/PI	Pr/PI	1	1
510	1Y33	1Y33_I	Q40059	COR	['IASP']	[3.756]	PI58T	PI39T	[3e-12]	[1.7e-09]	1Y33_I_PI58T	Pr/PI	Pr/PI	1	6
511	3QIB	3QIB_B	P04230	SUR	['SPR']	[0.0]	EB59A	EB57A	[5.5e-06]	[5.5e-06]	3QIB_B_EB59A	TCR/pMHC	TCR/pMHC,1JCK_A_B	2	8
512	3QIB	3QIB_A	P04224	SUR	['SPR']	[0.0]	EA75A	EA75A	[5.5e-06]	[5.5e-06]	3QIB_A_EA75A	TCR/pMHC	TCR/pMHC,1JCK_A_B	2	8
513	1ACB	1ACB_I	P01051	COR	['IASP']	[-4.29]	LI45I	LI38I	[2.08e-09]	[1.49e-12]	1ACB_I_LI45I	Pr/PI	Pr/PI	1	1
514	3QIB	3QIB_P	P00039	COR	['SPR']	[-1.224]	TP12N	TP11N	[4.34e-05]	[5.5e-06]	3QIB_P_TP12N	TCR/pMHC	TCR/pMHC,1JCK_A_B	2	8
515	1CSE	1CSE_I	P01051	COR	['IASP']	[-2.281]	LI45G	LI38G	[5.26e-11]	[1.12e-12]	1CSE_I_LI45G	Pr/PI	Pr/PI	1	2
516	1CSE	1CSE_I	P01051	COR	['IASP']	[-1.189]	LI45S	LI38S	[8.33e-12]	[1.12e-12]	1CSE_I_LI45S	Pr/PI	Pr/PI	1	2
517	1CSE	1CSE_I	P01051	COR	['IASP']	[-6.765]	LI45P	LI38P	[1.02e-07]	[1.12e-12]	1CSE_I_LI45P	Pr/PI	Pr/PI	1	2
518	1ACB	1ACB_I	P01051	COR	['IASP']	[-5.021]	LI45S	LI38S	[7.14e-09]	[1.49e-12]	1ACB_I_LI45S	Pr/PI	Pr/PI	1	1
519	1ACB	1ACB_I	P01051	COR	['IASP']	[-6.867]	LI45D	LI38D	[1.61e-07]	[1.49e-12]	1ACB_I_LI45D	Pr/PI	Pr/PI	1	1
520	1ACB	1ACB_I	P01051	COR	['IASP']	[-6.646]	LI45E	LI38E	[1.11e-07]	[1.49e-12]	1ACB_I_LI45E	Pr/PI	Pr/PI	1	1
521	4L0P	4L0P_A	P29320	SUP	['ELISA']	[-1.472]	TA102Q	TA76Q	[1.08e-07]	[9e-09]	4L0P_A_TA102Q		4L0P_A_B,2HLE_A_B	2	10
522	4L0P	4L0P_A	P29320	INT	['ELISA']	[-0.314]	NA85S	NA59S	[1.53e-08]	[9e-09]	4L0P_A_NA85S		4L0P_A_B,2HLE_A_B	2	10
523	4L0P	4L0P_A	P29320	COR	['ELISA']	[-2.666]	EA53K	EA27K	[8.1e-07]	[9e-09]	4L0P_A_EA53K		4L0P_A_B,2HLE_A_B	2	10
524	4L0P	4L0P_A	P29320	SUR	['ELISA']	[-0.056]	SA46F	SA20F	[9.9e-09]	[9e-09]	4L0P_A_SA46F		4L0P_A_B,2HLE_A_B	2	10
525	4L0P	4L0P_A	P29320	SUR	['ELISA']	[0.0]	TA37K	TA11K	[9e-09]	[9e-09]	4L0P_A_TA37K		4L0P_A_B,2HLE_A_B	2	10
526	5TAR	5TAR_B	O43924	INT	['ITC']	[-0.249]	FB133A	FB131A	[3.5e-06]	[2.3e-06]	5TAR_B_FB133A		5TAR_A_B,5XCO_A_B,1HE8_A_B	2	10
527	1TM1	1TM1_I	Q40059	COR	['IASP']	[-2.748]	EI60S	EI41S	[3.1e-10]	[3e-12]	1TM1_I_EI60S	Pr/PI	Pr/PI	1	5
528	1TM1	1TM1_I	Q40059	COR	['IASP']	[-3.756]	TI58P	TI39P	[1.7e-09]	[3e-12]	1TM1_I_TI58P	Pr/PI	Pr/PI	1	5
529	1Y3D	1Y3D_I	Q40059	INT	['IASP']	[3.098]	AI67R	AI48R	[3e-12]	[5.6e-10]	1Y3D_I_AI67R	Pr/PI	Pr/PI	1	6
530	1Y48	1Y48_I	Q40059	INT	['IASP']	[3.756]	AI65R	AI46R	[3e-12]	[1.7e-09]	1Y48_I_AI65R	Pr/PI	Pr/PI	1	6
531	1Y3C	1Y3C_I	Q40059	INT	['IASP']	[1.256]	AI62R	AI43R	[3e-12]	[2.5e-11]	1Y3C_I_AI62R	Pr/PI	Pr/PI	1	6
532	1Y3B	1Y3B_I	Q40059	COR	['IASP']	[2.748]	SI60E	SI41E	[3e-12]	[3.1e-10]	1Y3B_I_SI60E	Pr/PI	Pr/PI	1	6
533	1Y34	1Y34_I	Q40059	COR	['IASP']	[3.054]	AI60E	AI41E	[3e-12]	[5.2e-10]	1Y34_I_AI60E	Pr/PI	Pr/PI	1	6
534	1CSE	1CSE_I	P01051	COR	['IASP']	[-4.412]	LI45D	LI38D	[1.92e-09]	[1.12e-12]	1CSE_I_LI45D	Pr/PI	Pr/PI	1	2
535	1Y1K	1Y1K_I	Q40059	COR	['IASP']	[2.728]	AI58T	AI39T	[3e-12]	[3e-10]	1Y1K_I_AI58T	Pr/PI	Pr/PI	1	6
536	1TM1	1TM1_I	Q40059	INT	['IASP']	[-0.025]	VI70A	VI51A	[7.3e-13]	[7e-13]	1TM1_I_VI70A	Pr/PI	Pr/PI	1	5
537	1KTZ	1KTZ_B	P37173	COR	['SPR']	[-1.627]	EB119Q	EB95Q	[1.06e-05]	[6.8e-07]	1KTZ_B_EB119Q		1KTZ_A_B,1REW_AB_C,2QJ9_AB_C,2QJA_AB_C,2QJB_AB_C,3B4V_AB_C	1	4
538	1KTZ	1KTZ_B	P37173	COR	['SPR']	[-1.494]	EB119A	EB95A	[8.47e-06]	[6.8e-07]	1KTZ_B_EB119A		1KTZ_A_B,1REW_AB_C,2QJ9_AB_C,2QJA_AB_C,2QJB_AB_C,3B4V_AB_C	1	4
539	1KTZ	1KTZ_B	P37173	RIM	['SPR']	[-0.815]	DB118A	DB94A	[2.69e-06]	[6.8e-07]	1KTZ_B_DB118A		1KTZ_A_B,1REW_AB_C,2QJ9_AB_C,2QJA_AB_C,2QJB_AB_C,3B4V_AB_C	1	4
540	1KTZ	1KTZ_B	P37173	SUP	['SPR']	[-0.415]	VB77A	VB53A	[1.37e-06]	[6.8e-07]	1KTZ_B_VB77A		1KTZ_A_B,1REW_AB_C,2QJ9_AB_C,2QJA_AB_C,2QJB_AB_C,3B4V_AB_C	1	4
541	1KTZ	1KTZ_B	P37173	RIM	['SPR']	[-1.217]	EB55A	EB31A	[5.3e-06]	[6.8e-07]	1KTZ_B_EB55A		1KTZ_A_B,1REW_AB_C,2QJ9_AB_C,2QJA_AB_C,2QJB_AB_C,3B4V_AB_C	1	4
542	1KTZ	1KTZ_B	P37173	COR	['SPR']	[-1.37]	IB53A	IB29A	[6.87e-06]	[6.8e-07]	1KTZ_B_IB53A		1KTZ_A_B,1REW_AB_C,2QJ9_AB_C,2QJA_AB_C,2QJB_AB_C,3B4V_AB_C	1	4
543	1KTZ	1KTZ_B	P37173	SUP	['SPR']	[-4.038]	SB52L	SB28L	[0.00062]	[6.8e-07]	1KTZ_B_SB52L		1KTZ_A_B,1REW_AB_C,2QJ9_AB_C,2QJA_AB_C,2QJB_AB_C,3B4V_AB_C	1	4
544	1KTZ	1KTZ_B	P37173	SUP	['SPR']	[-0.217]	SB52A	SB28A	[9.8e-07]	[6.8e-07]	1KTZ_B_SB52A		1KTZ_A_B,1REW_AB_C,2QJ9_AB_C,2QJA_AB_C,2QJB_AB_C,3B4V_AB_C	1	4
545	1KTZ	1KTZ_B	P37173	COR	['SPR']	[-1.514]	TB51A	TB27A	[8.75e-06]	[6.8e-07]	1KTZ_B_TB51A		1KTZ_A_B,1REW_AB_C,2QJ9_AB_C,2QJA_AB_C,2QJB_AB_C,3B4V_AB_C	1	4
546	1KTZ	1KTZ_B	P37173	COR	['SPR']	[-1.896]	IB50A	IB26A	[1.67e-05]	[6.8e-07]	1KTZ_B_IB50A		1KTZ_A_B,1REW_AB_C,2QJ9_AB_C,2QJA_AB_C,2QJB_AB_C,3B4V_AB_C	1	4
547	1KTZ	1KTZ_B	P37173	RIM	['SPR']	[-0.327]	SB49A	SB25A	[1.18e-06]	[6.8e-07]	1KTZ_B_SB49A		1KTZ_A_B,1REW_AB_C,2QJ9_AB_C,2QJA_AB_C,2QJB_AB_C,3B4V_AB_C	1	4
548	1KTZ	1KTZ_B	P37173	RIM	['SPR']	[-2.0]	DB32N	DB8N	[1.99e-05]	[6.8e-07]	1KTZ_B_DB32N		1KTZ_A_B,1REW_AB_C,2QJ9_AB_C,2QJA_AB_C,2QJB_AB_C,3B4V_AB_C	1	4
549	1KTZ	1KTZ_B	P37173	RIM	['SPR']	[-1.522]	DB32A	DB8A	[8.87e-06]	[6.8e-07]	1KTZ_B_DB32A		1KTZ_A_B,1REW_AB_C,2QJ9_AB_C,2QJA_AB_C,2QJB_AB_C,3B4V_AB_C	1	4
550	1KTZ	1KTZ_B	P37173	COR	['SPR']	[-2.98]	FB30A	FB6A	[0.000104]	[6.8e-07]	1KTZ_B_FB30A		1KTZ_A_B,1REW_AB_C,2QJ9_AB_C,2QJA_AB_C,2QJB_AB_C,3B4V_AB_C	1	4
551	3QIB	3QIB_B	P04230	COR	['SPR']	[-0.863]	DB76A	DB74A	[2.36e-05]	[5.5e-06]	3QIB_B_DB76A	TCR/pMHC	TCR/pMHC,1JCK_A_B	2	8
552	3QIB	3QIB_B	P04230	COR	['SPR']	[-2.204]	AB73G	AB71G	[0.000227]	[5.5e-06]	3QIB_B_AB73G	TCR/pMHC	TCR/pMHC,1JCK_A_B	2	8
553	3BK3	3BK3_C	Q5D734	COR	['SPR']	[-0.424]	IC18R	IC19R	[4.5e-08]	[2.2e-08]	3BK3_C_IC18R		3BK3_A_C,3B4V_AB_C,2B0U_AB_C,3SEK_B_C,3HH2_AB_C	1	7
554	3BK3	3BK3_C	Q5D734	COR	['SPR']	[-0.486]	IC18A	IC19A	[5e-08]	[2.2e-08]	3BK3_C_IC18A		3BK3_A_C,3B4V_AB_C,2B0U_AB_C,3SEK_B_C,3HH2_AB_C	1	7
555	3BK3	3BK3_C	Q5D734	RIM	['SPR']	[-1.743]	TC5P	TC6P	[4.17e-07]	[2.2e-08]	3BK3_C_TC5P		3BK3_A_C,3B4V_AB_C,2B0U_AB_C,3SEK_B_C,3HH2_AB_C	1	7
556	3BK3	3BK3_C	Q5D734	RIM	['SPR']	[-0.486]	TC3P	TC4P	[5e-08]	[2.2e-08]	3BK3_C_TC3P		3BK3_A_C,3B4V_AB_C,2B0U_AB_C,3SEK_B_C,3HH2_AB_C	1	7
557	3BK3	3BK3_C	Q5D734	RIM	['SPR']	[-0.651]	IC2R	IC3R	[6.6e-08]	[2.2e-08]	3BK3_C_IC2R		3BK3_A_C,3B4V_AB_C,2B0U_AB_C,3SEK_B_C,3HH2_AB_C	1	7
558	3BK3	3BK3_C	Q5D734	RIM	['SPR']	[-1.039]	IC2A	IC3A	[1.27e-07]	[2.2e-08]	3BK3_C_IC2A		3BK3_A_C,3B4V_AB_C,2B0U_AB_C,3SEK_B_C,3HH2_AB_C	1	7
559	3BK3	3BK3_C	Q5D734	RIM	['SPR']	[-0.026]	LC1R	LC2R	[2.3e-08]	[2.2e-08]	3BK3_C_LC1R		3BK3_A_C,3B4V_AB_C,2B0U_AB_C,3SEK_B_C,3HH2_AB_C	1	7
560	3BK3	3BK3_C	Q5D734	RIM	['SPR']	[0.0]	LC1A	LC2A	[2.2e-08]	[2.2e-08]	3BK3_C_LC1A		3BK3_A_C,3B4V_AB_C,2B0U_AB_C,3SEK_B_C,3HH2_AB_C	1	7
561	1REW	1REW_C	P36894	COR	['SPR']	[-2.659]	QC86A	QC55A	[8e-08]	[9e-10]	1REW_C_QC86A		1REW_AB_C,2QJ9_AB_C,2QJA_AB_C,2QJB_AB_C,1KTZ_A_B	1	5
562	1KTZ	1KTZ_B	P37173	INT	['SPR']	[-0.539]	IB125A	IB101A	[1.69e-06]	[6.8e-07]	1KTZ_B_IB125A		1KTZ_A_B,1REW_AB_C,2QJ9_AB_C,2QJA_AB_C,2QJB_AB_C,3B4V_AB_C	1	4
563	1KTZ	1KTZ_B	P37173	INT	['SPR']	[-0.871]	MB112A	MB88A	[2.96e-06]	[6.8e-07]	1KTZ_B_MB112A		1KTZ_A_B,1REW_AB_C,2QJ9_AB_C,2QJA_AB_C,2QJB_AB_C,3B4V_AB_C	1	4
564	1KTZ	1KTZ_B	P37173	INT	['SPR']	[-0.932]	FB110A	FB86A	[3.28e-06]	[6.8e-07]	1KTZ_B_FB110A		1KTZ_A_B,1REW_AB_C,2QJ9_AB_C,2QJA_AB_C,2QJB_AB_C,3B4V_AB_C	1	4
565	1KTZ	1KTZ_B	P37173	INT	['SPR']	[-0.296]	HB79A	HB55A	[1.12e-06]	[6.8e-07]	1KTZ_B_HB79A		1KTZ_A_B,1REW_AB_C,2QJ9_AB_C,2QJA_AB_C,2QJB_AB_C,3B4V_AB_C	1	4
566	1KTZ	1KTZ_B	P37173	INT	['SPR']	[-1.08]	EB75A	EB51A	[4.21e-06]	[6.8e-07]	1KTZ_B_EB75A		1KTZ_A_B,1REW_AB_C,2QJ9_AB_C,2QJA_AB_C,2QJB_AB_C,3B4V_AB_C	1	4
567	1KTZ	1KTZ_B	P37173	INT	['SPR']	[-0.648]	VB62A	VB38A	[2.03e-06]	[6.8e-07]	1KTZ_B_VB62A		1KTZ_A_B,1REW_AB_C,2QJ9_AB_C,2QJA_AB_C,2QJB_AB_C,3B4V_AB_C	1	4
568	1KTZ	1KTZ_B	P37173	SUR	['SPR']	[-0.285]	NB47A	NB23A	[1.1e-06]	[6.8e-07]	1KTZ_B_NB47A		1KTZ_A_B,1REW_AB_C,2QJ9_AB_C,2QJA_AB_C,2QJB_AB_C,3B4V_AB_C	1	4
569	3BK3	3BK3_C	Q5D734	COR	['SPR']	[-1.262]	IC27A	IC28A	[1.85e-07]	[2.2e-08]	3BK3_C_IC27A		3BK3_A_C,3B4V_AB_C,2B0U_AB_C,3SEK_B_C,3HH2_AB_C	1	7
570	1MAH	1MAH_A	P21836	COR	['IASP']	[-8.131]	WA286R	WA276R	[2.1e-06]	[2.3e-12]	1MAH_A_WA286R		1MAH_A_F,1FSS_A_B,1B41_A_B	1	4
571	1MAH	1MAH_A	P21836	COR	['IASP']	[-4.816]	YA72N	YA69N	[7.8e-09]	[2.3e-12]	1MAH_A_YA72N		1MAH_A_F,1FSS_A_B,1B41_A_B	1	4
572	1MAH	1MAH_A	P21836	SUP	['IASP']	[-2.773]	YA124Q	YA121Q	[2.48e-10]	[2.3e-12]	1MAH_A_YA124Q		1MAH_A_F,1FSS_A_B,1B41_A_B	1	4
573	1MAH	1MAH_A	P21836	SUP	['IASP']	[-1.735]	DA74N	DA71N	[4.3e-11]	[2.3e-12]	1MAH_A_DA74N		1MAH_A_F,1FSS_A_B,1B41_A_B	1	4
574	1MAH	1MAH_A	P21836	INT	['IASP']	[-0.357]	YA337A	YA327A	[4.2e-12]	[2.3e-12]	1MAH_A_YA337A		1MAH_A_F,1FSS_A_B,1B41_A_B	1	4
575	1MAH	1MAH_A	P21836	INT	['IASP']	[-0.731]	FA338G	FA328G	[7.9e-12]	[2.3e-12]	1MAH_A_FA338G		1MAH_A_F,1FSS_A_B,1B41_A_B	1	4
576	1MAH	1MAH_A	P21836	SUP	['IASP']	[-0.731]	FA297Y	FA287Y	[7.9e-12]	[2.3e-12]	1MAH_A_FA297Y		1MAH_A_F,1FSS_A_B,1B41_A_B	1	4
577	1KTZ	1KTZ_B	P37173	COR	['SPR']	[-1.825]	LB27A	LB3A	[1.48e-05]	[6.8e-07]	1KTZ_B_LB27A		1KTZ_A_B,1REW_AB_C,2QJ9_AB_C,2QJA_AB_C,2QJB_AB_C,3B4V_AB_C	1	4
578	1KTZ	1KTZ_A	P10600	RIM	['SPR']	[-2.884]	RA94A	RA64A	[9.5e-06]	[7.3e-08]	1KTZ_A_RA94A		1KTZ_A_B,1REW_AB_C,2QJ9_AB_C,2QJA_AB_C,2QJB_AB_C,3B4V_AB_C	1	4
579	1KTZ	1KTZ_A	P10600	RIM	['SPR']	[-1.482]	RA25A	RA13A	[8.9e-07]	[7.3e-08]	1KTZ_A_RA25A		1KTZ_A_B,1REW_AB_C,2QJ9_AB_C,2QJA_AB_C,2QJB_AB_C,3B4V_AB_C	1	4
580	1KTZ	1KTZ_A	P10600	RIM	['SPR']	[-2.201]	RA94K	RA64K	[3e-06]	[7.3e-08]	1KTZ_A_RA94K		1KTZ_A_B,1REW_AB_C,2QJ9_AB_C,2QJA_AB_C,2QJB_AB_C,3B4V_AB_C	1	4
581	1KTZ	1KTZ_A	P10600	RIM	['SPR']	[-1.152]	RA25K	RA13K	[5.1e-07]	[7.3e-08]	1KTZ_A_RA25K		1KTZ_A_B,1REW_AB_C,2QJ9_AB_C,2QJA_AB_C,2QJB_AB_C,3B4V_AB_C	1	4
582	1KTZ	1KTZ_A	P10600	COR	['SPR']	[-0.243]	VA92I	VA62I	[1.1e-07]	[7.3e-08]	1KTZ_A_VA92I		1KTZ_A_B,1REW_AB_C,2QJ9_AB_C,2QJA_AB_C,2QJB_AB_C,3B4V_AB_C	1	4
583	3BK3	3BK3_C	Q5D734	COR	['SPR']	[-2.122]	IC21R	IC22R	[7.9e-07]	[2.2e-08]	3BK3_C_IC21R		3BK3_A_C,3B4V_AB_C,2B0U_AB_C,3SEK_B_C,3HH2_AB_C	1	7
584	3BK3	3BK3_C	Q5D734	COR	['SPR']	[-1.308]	IC21A	IC22A	[2e-07]	[2.2e-08]	3BK3_C_IC21A		3BK3_A_C,3B4V_AB_C,2B0U_AB_C,3SEK_B_C,3HH2_AB_C	1	7
585	1NCA	1NCA_H	P01865	COR	['FL']	[-0.543]	NH98Q	NH102Q	[1.25e-07]	[5e-08]	1NCA_H_NH98Q	AB/AG	AB/AG	1	4
586	1NCA	1NCA_H	P01865	COR	['FL']	[-0.714]	DH97K	DH101K	[1.67e-07]	[5e-08]	1NCA_H_DH97K	AB/AG	AB/AG	1	4
587	1NCA	1NCA_H	P01865	COR	['FL']	[-0.411]	EH96D	EH100D	[1e-07]	[5e-08]	1NCA_H_EH96D	AB/AG	AB/AG	1	4
588	1NCA	1NCA_H	P01865	COR	['FL']	[0.0]	NH31Q	NH31Q	[5e-08]	[5e-08]	1NCA_H_NH31Q	AB/AG	AB/AG	1	4
589	1S1Q	1S1Q_A	Q99816	SUP	['SPR']	[-0.775]	FA88A	FA86A	[0.00235]	[0.000635]	1S1Q_A_FA88A		1S1Q_A_B,2OOB_A_B,3M63_A_B	1	5
590	1S1Q	1S1Q_A	Q99816	SUP	['SPR']	[-0.281]	WA75A	WA73A	[0.00102]	[0.000635]	1S1Q_A_WA75A		1S1Q_A_B,2OOB_A_B,3M63_A_B	1	5
591	1S1Q	1S1Q_A	Q99816	RIM	['SPR']	[-0.966]	DA46A	DA44A	[0.00324]	[0.000635]	1S1Q_A_DA46A		1S1Q_A_B,2OOB_A_B,3M63_A_B	1	5
592	1S1Q	1S1Q_A	Q99816	RIM	['SPR']	[-1.232]	NA45A	NA43A	[0.00508]	[0.000635]	1S1Q_A_NA45A		1S1Q_A_B,2OOB_A_B,3M63_A_B	1	5
593	1S1Q	1S1Q_A	Q99816	RIM	['SPR']	[-0.199]	FA44A	FA42A	[0.000889]	[0.000635]	1S1Q_A_FA44A		1S1Q_A_B,2OOB_A_B,3M63_A_B	1	5
594	1S1Q	1S1Q_A	Q99816	COR	['SPR']	[-0.671]	VA43A	VA41A	[0.00197]	[0.000635]	1S1Q_A_VA43A		1S1Q_A_B,2OOB_A_B,3M63_A_B	1	5
595	1XD3	1XD3_B	P0CG48	SUP	['IARA']	[-0.266]	IB44A	IB44A	[4.7e-07]	[3e-07]	1XD3_B_IB44A		1XD3_A_B,2OOB_A_B,3M63_A_B	1	5
596	1JTG	1JTG_A	P62593	SUP	['SPR']	[-1.239]	SA235A	SA209A	[5.53e-08]	[6.83e-09]	1JTG_A_SA235A		1XXM_A_C,1S0W_A_C,1JTG_A_B,2G2U_A_B,2G2W_A_B,3N4I_A_B,1JTD_A_B,3QHY_A_B	1	4
597	1JTG	1JTG_A	P62593	SUP	['IASP']	[0.268]	GA238S	GA212S	[7e-11]	[1.1e-10]	1JTG_A_GA238S		1XXM_A_C,1S0W_A_C,1JTG_A_B,2G2U_A_B,2G2W_A_B,3N4I_A_B,1JTD_A_B,3QHY_A_B	1	3
598	1S0W	1S0W_C	P35804	RIM	['SPR']	[2.103]	AC1142F	AC142F	[4.77e-09]	[1.66e-07]	1S0W_C_AC1142F		1XXM_A_C,1S0W_A_C,1JTG_A_B,2G2U_A_B,2G2W_A_B,3N4I_A_B,1JTD_A_B,3QHY_A_B	1	5
599	3BK3	3BK3_C	Q5D734	COR	['SPR']	[-1.383]	AC36R	AC37R	[2.27e-07]	[2.2e-08]	3BK3_C_AC36R		3BK3_A_C,3B4V_AB_C,2B0U_AB_C,3SEK_B_C,3HH2_AB_C	1	7
600	3BK3	3BK3_C	Q5D734	COR	['SPR']	[-1.175]	IC27R	IC28R	[1.6e-07]	[2.2e-08]	3BK3_C_IC27R		3BK3_A_C,3B4V_AB_C,2B0U_AB_C,3SEK_B_C,3HH2_AB_C	1	7
601	1JTG	1JTG_A	P62593	COR	['SPR,SFFL']	[-0.461]	PA107Q	PA82Q	[6.1e-10]	[2.8e-10]	1JTG_A_PA107Q		1XXM_A_C,1S0W_A_C,1JTG_A_B,2G2U_A_B,2G2W_A_B,3N4I_A_B,1JTD_A_B,3QHY_A_B	2	4
602	1JTG	1JTG_A	P62593	RIM	['SPR,SFFL']	[0.143]	RA240Y	RA214Y	[2.2e-10]	[2.8e-10]	1JTG_A_RA240Y		1XXM_A_C,1S0W_A_C,1JTG_A_B,2G2U_A_B,2G2W_A_B,3N4I_A_B,1JTD_A_B,3QHY_A_B	2	4
603	1JTG	1JTG_A	P62593	COR	['SPR,SFFL']	[-0.181]	KA111N	KA86N	[3.8e-10]	[2.8e-10]	1JTG_A_KA111N		1XXM_A_C,1S0W_A_C,1JTG_A_B,2G2U_A_B,2G2W_A_B,3N4I_A_B,1JTD_A_B,3QHY_A_B	2	4
604	1JTG	1JTG_B	P35804	RIM	['SFFL']	[1.983]	DB163K	DB163K	[4.4e-11]	[1.25e-09]	1JTG_B_DB163K		1XXM_A_C,1S0W_A_C,1JTG_A_B,2G2U_A_B,2G2W_A_B,3N4I_A_B,1JTD_A_B,3QHY_A_B	1	3
605	1JTG	1JTG_B	P35804	RIM	['SFFL']	[1.341]	DB163A	DB163A	[1.3e-10]	[1.25e-09]	1JTG_B_DB163A		1XXM_A_C,1S0W_A_C,1JTG_A_B,2G2U_A_B,2G2W_A_B,3N4I_A_B,1JTD_A_B,3QHY_A_B	1	3
606	1JTG	1JTG_B	P35804	SUR	['SFFL']	[0.455]	NB89K	NB89K	[5.8e-10]	[1.25e-09]	1JTG_B_NB89K		1XXM_A_C,1S0W_A_C,1JTG_A_B,2G2U_A_B,2G2W_A_B,3N4I_A_B,1JTD_A_B,3QHY_A_B	1	4
607	1JTG	1JTG_B	P35804	RIM	['SFFL']	[0.014]	TB140K	TB140K	[1.22e-09]	[1.25e-09]	1JTG_B_TB140K		1XXM_A_C,1S0W_A_C,1JTG_A_B,2G2U_A_B,2G2W_A_B,3N4I_A_B,1JTD_A_B,3QHY_A_B	1	4
608	1JTG	1JTG_B	P35804	SUR	['SFFL']	[0.476]	VB93K	VB93K	[5.6e-10]	[1.25e-09]	1JTG_B_VB93K		1XXM_A_C,1S0W_A_C,1JTG_A_B,2G2U_A_B,2G2W_A_B,3N4I_A_B,1JTD_A_B,3QHY_A_B	1	4
609	1JTG	1JTG_B	P35804	SUR	['SFFL']	[-0.199]	TB32K	TB32K	[1.75e-09]	[1.25e-09]	1JTG_B_TB32K		1XXM_A_C,1S0W_A_C,1JTG_A_B,2G2U_A_B,2G2W_A_B,3N4I_A_B,1JTD_A_B,3QHY_A_B	1	4
610	1JTG	1JTG_A	P62593	RIM	['SPR']	[0.073]	EA168A	EA143A	[4.22e-09]	[4.77e-09]	1JTG_A_EA168A		1XXM_A_C,1S0W_A_C,1JTG_A_B,2G2U_A_B,2G2W_A_B,3N4I_A_B,1JTD_A_B,3QHY_A_B	1	3
611	1JTG	1JTG_A	P62593	SUP	['SPR']	[-1.911]	VA103A	VA78A	[1.2e-07]	[4.77e-09]	1JTG_A_VA103A		1XXM_A_C,1S0W_A_C,1JTG_A_B,2G2U_A_B,2G2W_A_B,3N4I_A_B,1JTD_A_B,3QHY_A_B	1	4
612	1MAH	1MAH_A	P21836	SUP	['IASP']	[-1.902]	FA297I	FA287I	[5.7e-11]	[2.3e-12]	1MAH_A_FA297I		1MAH_A_F,1FSS_A_B,1B41_A_B	1	4
613	1MAH	1MAH_A	P21836	SUP	['IASP']	[-1.149]	FA295L	FA285L	[1.6e-11]	[2.3e-12]	1MAH_A_FA295L		1MAH_A_F,1FSS_A_B,1B41_A_B	1	4
614	1N8O	1N8O_E	P23827	COR	['FL']	[-1.349]	ME84R	ME80R	[3.9e-11]	[4e-12]	1N8O_E_ME84R	Pr/PI	Pr/PI	1	4
615	1N8O	1N8O_E	P23827	COR	['FL']	[-1.46]	ME84K	ME80K	[4.7e-11]	[4e-12]	1N8O_E_ME84K	Pr/PI	Pr/PI	1	4
616	1N8O	1N8O_E	P23827	COR	['FL']	[0.062]	ME84L	ME80L	[3.6e-12]	[4e-12]	1N8O_E_ME84L	Pr/PI	Pr/PI	1	4
617	1FFW	1FFW_A	P0AE67	SUR	['ELISA']	[-0.047]	DA13K	DA12K	[1.3e-06]	[1.2e-06]	1FFW_A_DA13K		1FFW_A_B	1	3
618	1GL0	1GL0_I	P80060	COR	['IASP']	[0.558]	MI30K	MI28K	[7.8e-10]	[2e-09]	1GL0_I_MI30K	Pr/PI	Pr/PI	1	3
619	1GL1	1GL1_I	P80060	COR	['IASP']	[-4.259]	LI30V	LI29V	[2.65e-07]	[2e-10]	1GL1_I_LI30V	Pr/PI	Pr/PI	1	3
620	1GRN	1GRN_A	P60953	SUR	['FL']	[-0.39]	DA38E	DA38E	[5.6e-06]	[2.9e-06]	1GRN_A_DA38E		1GRN_A_B,3EG5_A_B	1	3
621	1H9D	1H9D_B	Q13951	COR	['EMSA']	[-2.304]	NB104A	NB94A	[2.2e-06]	[4.5e-08]	1H9D_B_NB104A		1H9D_A_B,1E50_A_B	1	3
622	1H9D	1H9D_B	Q13951	SUP	['EMSA']	[-0.94]	LB103A	LB93A	[2.2e-07]	[4.5e-08]	1H9D_B_LB103A		1H9D_A_B,1E50_A_B	1	3
623	1H9D	1H9D_B	Q13951	COR	['EMSA']	[-1.364]	QB67A	QB66A	[4.5e-07]	[4.5e-08]	1H9D_B_QB67A		1H9D_A_B,1E50_A_B	1	3
624	1H9D	1H9D_B	Q13951	COR	['EMSA']	[-2.077]	GB61A	GB60A	[1.5e-06]	[4.5e-08]	1H9D_B_GB61A		1H9D_A_B,1E50_A_B	1	3
625	1H9D	1H9D_B	Q13951	SUP	['EMSA']	[-1.402]	VB4A	VB3A	[4.8e-07]	[4.5e-08]	1H9D_B_VB4A		1H9D_A_B,1E50_A_B	1	3
626	1H9D	1H9D_B	Q13951	RIM	['EMSA']	[-1.162]	RB3A	RB2A	[3.2e-07]	[4.5e-08]	1H9D_B_RB3A		1H9D_A_B,1E50_A_B	1	3
627	1HE8	1HE8_A	P48736	SUP	['SFFL']	[-0.475]	KA223V	KA80V	[2.9e-06]	[1.3e-06]	1HE8_A_KA223V		1HE8_A_B,4G0N_A_B,3KUD_A_B,1LFD_A_B,1K8R_A_B,5UFE_A_B,5UFQ_A_C,5TAR_A_B,1GUA_A_B,1C1Y_A_B	1	3
628	1JTG	1JTG_A	P62593	COR	['SPR,SFFL']	[0.411]	EA239K	EA213K	[1.4e-10]	[2.8e-10]	1JTG_A_EA239K		1XXM_A_C,1S0W_A_C,1JTG_A_B,2G2U_A_B,2G2W_A_B,3N4I_A_B,1JTD_A_B,3QHY_A_B	2	3
629	1JTG	1JTG_A	P62593	RIM	['SPR,SFFL']	[0.61]	EA171K	EA146K	[1e-10]	[2.8e-10]	1JTG_A_EA171K		1XXM_A_C,1S0W_A_C,1JTG_A_B,2G2U_A_B,2G2W_A_B,3N4I_A_B,1JTD_A_B,3QHY_A_B	2	3
630	1JTG	1JTG_A	P62593	COR	['SPR,SFFL']	[0.913]	EA110G	EA85G	[6e-11]	[2.8e-10]	1JTG_A_EA110G		1XXM_A_C,1S0W_A_C,1JTG_A_B,2G2U_A_B,2G2W_A_B,3N4I_A_B,1JTD_A_B,3QHY_A_B	2	3
631	1JTG	1JTG_A	P62593	COR	['SPR,SFFL']	[0.672]	EA110V	EA85V	[9e-11]	[2.8e-10]	1JTG_A_EA110V		1XXM_A_C,1S0W_A_C,1JTG_A_B,2G2U_A_B,2G2W_A_B,3N4I_A_B,1JTD_A_B,3QHY_A_B	2	3
632	1JTG	1JTG_A	P62593	RIM	['SPR,SFFL']	[0.17]	EA168G	EA143G	[2.1e-10]	[2.8e-10]	1JTG_A_EA168G		1XXM_A_C,1S0W_A_C,1JTG_A_B,2G2U_A_B,2G2W_A_B,3N4I_A_B,1JTD_A_B,3QHY_A_B	2	3
633	1FFW	1FFW_B	P07363	SUP	['FL']	[-0.428]	IB216A	IB58A	[3.5e-07]	[1.7e-07]	1FFW_B_IB216A		1FFW_A_B	1	3
634	1FFW	1FFW_B	P07363	COR	['FL']	[-3.646]	FB214A	FB56A	[8e-05]	[1.7e-07]	1FFW_B_FB214A		1FFW_A_B	1	3
635	1FFW	1FFW_B	P07363	RIM	['FL']	[-0.204]	CB213A	CB55A	[2.4e-07]	[1.7e-07]	1FFW_B_CB213A		1FFW_A_B	1	3
636	1FFW	1FFW_B	P07363	RIM	['FL']	[-0.096]	DB207A	DB49A	[2e-07]	[1.7e-07]	1FFW_B_DB207A		1FFW_A_B	1	3
637	1FFW	1FFW_B	P07363	RIM	['FL']	[0.074]	DB202A	DB44A	[1.5e-07]	[1.7e-07]	1FFW_B_DB202A		1FFW_A_B	1	3
638	1FFW	1FFW_B	P07363	RIM	['FL']	[-0.034]	HB181A	HB23A	[1.8e-07]	[1.7e-07]	1FFW_B_HB181A		1FFW_A_B	1	3
639	1FFW	1FFW_B	P07363	COR	['FL']	[-0.639]	EB178A	EB20A	[5e-07]	[1.7e-07]	1FFW_B_EB178A		1FFW_A_B	1	3
640	1FFW	1FFW_B	P07363	SUP	['FL']	[-0.717]	EB171A	EB13A	[5.7e-07]	[1.7e-07]	1FFW_B_EB171A		1FFW_A_B	1	3
641	1FFW	1FFW_A	P0AE67	SUR	['ELISA']	[-0.713]	EA117K	EA116K	[4e-06]	[1.2e-06]	1FFW_A_EA117K		1FFW_A_B	1	3
642	1FFW	1FFW_A	P0AE67	SUR	['ELISA']	[-0.562]	TA112I	TA111I	[3.1e-06]	[1.2e-06]	1FFW_A_TA112I		1FFW_A_B	1	3
643	1FFW	1FFW_A	P0AE67	INT	['ELISA']	[-1.256]	FA111V	FA110V	[1e-05]	[1.2e-06]	1FFW_A_FA111V		1FFW_A_B	1	3
644	1FFW	1FFW_A	P0AE67	SUR	['ELISA']	[-1.131]	VA108M	VA107M	[8.1e-06]	[1.2e-06]	1FFW_A_VA108M		1FFW_A_B	1	3
645	1FFW	1FFW_A	P0AE67	COR	['ELISA']	[-0.713]	YA106W	YA105W	[4e-06]	[1.2e-06]	1FFW_A_YA106W		1FFW_A_B	1	3
646	1FFW	1FFW_A	P0AE67	SUR	['ELISA']	[-0.821]	EA93K	EA92K	[4.8e-06]	[1.2e-06]	1FFW_A_EA93K		1FFW_A_B	1	3
647	1FFW	1FFW_A	P0AE67	RIM	['ELISA']	[-0.091]	AA90V	AA89V	[1.4e-06]	[1.2e-06]	1FFW_A_AA90V		1FFW_A_B	1	3
648	1FFW	1FFW_A	P0AE67	INT	['ELISA']	[0.319]	TA87I	TA86I	[7e-07]	[1.2e-06]	1FFW_A_TA87I		1FFW_A_B	1	3
649	1EAW	1EAW_A	Q9Y5Y6	RIM	['FL']	[0.194]	IA60A	IA45A	[3.58e-11]	[4.97e-11]	1EAW_A_IA60A	Pr/PI	Pr/PI	1	3
650	1EAW	1EAW_A	Q9Y5Y6	SUP	['FL']	[0.823]	IA41A	IA26A	[1.24e-11]	[4.97e-11]	1EAW_A_IA41A	Pr/PI	Pr/PI	1	3
651	1EAW	1EAW_A	Q9Y5Y6	COR	['FL']	[0.519]	QA38A	QA23A	[2.07e-11]	[4.97e-11]	1EAW_A_QA38A	Pr/PI	Pr/PI	1	3
652	1FC2	1FC2_C	P38507	RIM	['SPR']	[-0.845]	NC147F	NC24F	[2.5e-09]	[6e-10]	1FC2_C_NC147F		1FC2_C_D,1FCC_A_C,3MZW_A_B	2	3
653	1FC2	1FC2_C	P38507	COR	['SPR']	[-1.028]	YC133F	YC10F	[3.4e-09]	[6e-10]	1FC2_C_YC133F		1FC2_C_D,1FCC_A_C,3MZW_A_B	2	3
654	1FC2	1FC2_C	P38507	SUR	['SPR']	[-1.062]	KC126D	KC3D	[3.6e-09]	[6e-10]	1FC2_C_KC126D		1FC2_C_D,1FCC_A_C,3MZW_A_B	2	3
655	1FC2	1FC2_C	P38507	RIM	['SPR']	[-0.913]	FC124M	FC1M	[2.8e-09]	[6e-10]	1FC2_C_FC124M		1FC2_C_D,1FCC_A_C,3MZW_A_B	2	3
656	1FC2	1FC2_C	P38507	RIM	['SPR']	[-0.458]	QC151L	QC28L	[1.3e-09]	[6e-10]	1FC2_C_QC151L		1FC2_C_D,1FCC_A_C,3MZW_A_B	2	3
657	1FC2	1FC2_C	P38507	RIM	['SPR']	[0.0]	NC125Q	NC2Q	[6e-10]	[6e-10]	1FC2_C_NC125Q		1FC2_C_D,1FCC_A_C,3MZW_A_B	2	3
658	1FC2	1FC2_C	P38507	RIM	['SPR']	[-0.17]	QC151K	QC28K	[8e-10]	[6e-10]	1FC2_C_QC151K		1FC2_C_D,1FCC_A_C,3MZW_A_B	2	3
659	1FC2	1FC2_C	P38507	RIM	['SPR']	[-0.091]	NC130F	NC7F	[7e-10]	[6e-10]	1FC2_C_NC130F		1FC2_C_D,1FCC_A_C,3MZW_A_B	2	3
660	1FC2	1FC2_C	P38507	RIM	['SPR']	[0.108]	NC125F	NC2F	[5e-10]	[6e-10]	1FC2_C_NC125F		1FC2_C_D,1FCC_A_C,3MZW_A_B	2	3
661	1FC2	1FC2_C	P38507	SUR	['FL']	[0.0]	LC163W	LC40W	[1.5e-08]	[1.5e-08]	1FC2_C_LC163W		1FC2_C_D,1FCC_A_C,3MZW_A_B	1	3
662	1FC2	1FC2_C	P38507	INT	['FL']	[0.0]	FC149W	FC26W	[1.5e-08]	[1.5e-08]	1FC2_C_FC149W		1FC2_C_D,1FCC_A_C,3MZW_A_B	1	3
663	1FC2	1FC2_C	P38507	INT	['FL']	[-3.139]	IC135W	IC12W	[3e-06]	[1.5e-08]	1FC2_C_IC135W		1FC2_C_D,1FCC_A_C,3MZW_A_B	1	3
664	1FC2	1FC2_C	P38507	COR	['FL']	[-0.411]	YC133W	YC10W	[3e-08]	[1.5e-08]	1FC2_C_YC133W		1FC2_C_D,1FCC_A_C,3MZW_A_B	1	3
665	1EAW	1EAW_A	Q9Y5Y6	RIM	['FL']	[-0.089]	TA150A	TA144A	[5.78e-11]	[4.97e-11]	1EAW_A_TA150A	Pr/PI	Pr/PI	1	3
666	1EAW	1EAW_A	Q9Y5Y6	RIM	['FL']	[-0.502]	YA146A	YA141A	[1.16e-10]	[4.97e-11]	1EAW_A_YA146A	Pr/PI	Pr/PI	1	3
667	1EAW	1EAW_A	Q9Y5Y6	SUR	['FL']	[-0.307]	QA145A	QA140A	[8.34e-11]	[4.97e-11]	1EAW_A_QA145A	Pr/PI	Pr/PI	1	3
668	1EAW	1EAW_A	Q9Y5Y6	COR	['FL']	[0.014]	HA143A	HA138A	[4.85e-11]	[4.97e-11]	1EAW_A_HA143A	Pr/PI	Pr/PI	1	3
669	1EAW	1EAW_A	Q9Y5Y6	SUR	['FL']	[-0.255]	TA98A	TA93A	[7.64e-11]	[4.97e-11]	1EAW_A_TA98A	Pr/PI	Pr/PI	1	3
670	1EAW	1EAW_A	Q9Y5Y6	RIM	['FL']	[-0.892]	FA97A	FA92A	[2.24e-10]	[4.97e-11]	1EAW_A_FA97A	Pr/PI	Pr/PI	1	3
671	1EAW	1EAW_A	Q9Y5Y6	RIM	['FL']	[-0.654]	DA96A	DA91A	[1.5e-10]	[4.97e-11]	1EAW_A_DA96A	Pr/PI	Pr/PI	1	3
672	1EAW	1EAW_A	Q9Y5Y6	SUR	['FL']	[-0.308]	NA95A	NA90A	[8.36e-11]	[4.97e-11]	1EAW_A_NA95A	Pr/PI	Pr/PI	1	3
673	1EAW	1EAW_A	Q9Y5Y6	SUP	['FL']	[-0.729]	FA94A	FA89A	[1.7e-10]	[4.97e-11]	1EAW_A_FA94A	Pr/PI	Pr/PI	1	3
674	1EAW	1EAW_A	Q9Y5Y6	SUR	['FL']	[0.15]	RA87A	RA82A	[3.86e-11]	[4.97e-11]	1EAW_A_RA87A	Pr/PI	Pr/PI	1	3
675	1EAW	1EAW_A	Q9Y5Y6	SUP	['FL']	[0.079]	YA60gA	YA52A	[4.35e-11]	[4.97e-11]	1EAW_A_YA60gA	Pr/PI	Pr/PI	1	3
676	1EAW	1EAW_A	Q9Y5Y6	SUR	['FL']	[-0.231]	RA60fA	RA51A	[7.34e-11]	[4.97e-11]	1EAW_A_RA60fA	Pr/PI	Pr/PI	1	3
677	1EAW	1EAW_A	Q9Y5Y6	SUP	['FL']	[0.429]	FA60eA	FA50A	[2.41e-11]	[4.97e-11]	1EAW_A_FA60eA	Pr/PI	Pr/PI	1	3
678	1EAW	1EAW_A	Q9Y5Y6	RIM	['FL']	[-0.588]	RA60cA	RA48A	[1.34e-10]	[4.97e-11]	1EAW_A_RA60cA	Pr/PI	Pr/PI	1	3
679	1EAW	1EAW_A	Q9Y5Y6	RIM	['FL']	[-1.503]	DA60bA	DA47A	[6.28e-10]	[4.97e-11]	1EAW_A_DA60bA	Pr/PI	Pr/PI	1	3
680	1EAW	1EAW_A	Q9Y5Y6	SUR	['FL']	[0.172]	DA60aA	DA46A	[3.72e-11]	[4.97e-11]	1EAW_A_DA60aA	Pr/PI	Pr/PI	1	3
681	3BN9	3BN9_B	Q9Y5Y6	SUR	['FL']	[0.072]	RB60fA	RB51A	[1.09e-11]	[1.23e-11]	3BN9_B_RB60fA	AB/AG,Pr/PI	AB/AG,Pr/PI	1	7
682	3BN9	3BN9_B	Q9Y5Y6	INT	['FL']	[0.045]	FB60eA	FB50A	[1.14e-11]	[1.23e-11]	3BN9_B_FB60eA	AB/AG,Pr/PI	AB/AG,Pr/PI	1	7
683	3BN9	3BN9_B	Q9Y5Y6	RIM	['FL']	[0.045]	RB60cA	RB48A	[1.14e-11]	[1.23e-11]	3BN9_B_RB60cA	AB/AG,Pr/PI	AB/AG,Pr/PI	1	7
684	3BN9	3BN9_B	Q9Y5Y6	RIM	['FL']	[-0.311]	DB60bA	DB47A	[2.08e-11]	[1.23e-11]	3BN9_B_DB60bA	AB/AG,Pr/PI	AB/AG,Pr/PI	1	7
685	3BN9	3BN9_B	Q9Y5Y6	RIM	['FL']	[-0.423]	DB60aA	DB46A	[2.51e-11]	[1.23e-11]	3BN9_B_DB60aA	AB/AG,Pr/PI	AB/AG,Pr/PI	1	7
686	3BN9	3BN9_B	Q9Y5Y6	COR	['FL']	[-0.836]	IB60A	IB45A	[5.04e-11]	[1.23e-11]	3BN9_B_IB60A	AB/AG,Pr/PI	AB/AG,Pr/PI	1	7
687	3BN9	3BN9_B	Q9Y5Y6	COR	['FL']	[0.0]	IB41A	IB26A	[1.23e-11]	[1.23e-11]	3BN9_B_IB41A	AB/AG,Pr/PI	AB/AG,Pr/PI	1	7
688	3BN9	3BN9_B	Q9Y5Y6	SUR	['FL']	[0.415]	QB38A	QB23A	[6.1e-12]	[1.23e-11]	3BN9_B_QB38A	AB/AG,Pr/PI	AB/AG,Pr/PI	1	7
689	1EAW	1EAW_A	Q9Y5Y6	SUR	['FL']	[-0.476]	KA224A	KA221A	[1.11e-10]	[4.97e-11]	1EAW_A_KA224A	Pr/PI	Pr/PI	1	3
690	1EAW	1EAW_A	Q9Y5Y6	SUR	['FL']	[0.089]	RA222A	RA219A	[4.28e-11]	[4.97e-11]	1EAW_A_RA222A	Pr/PI	Pr/PI	1	3
691	1EAW	1EAW_A	Q9Y5Y6	SUR	['FL']	[-0.144]	QA221aA	QA218A	[6.34e-11]	[4.97e-11]	1EAW_A_QA221aA	Pr/PI	Pr/PI	1	3
692	1EAW	1EAW_A	Q9Y5Y6	RIM	['FL']	[-2.229]	DA217A	DA214A	[2.14e-09]	[4.97e-11]	1EAW_A_DA217A	Pr/PI	Pr/PI	1	3
693	1EAW	1EAW_A	Q9Y5Y6	SUR	['FL']	[0.133]	QA175A	QA169A	[3.97e-11]	[4.97e-11]	1EAW_A_QA175A	Pr/PI	Pr/PI	1	3
694	1EAW	1EAW_A	Q9Y5Y6	SUR	['FL']	[-0.565]	QA174A	QA168A	[1.29e-10]	[4.97e-11]	1EAW_A_QA174A	Pr/PI	Pr/PI	1	3
695	1EAW	1EAW_A	Q9Y5Y6	SUR	['FL']	[-0.704]	EA169A	EA163A	[1.63e-10]	[4.97e-11]	1EAW_A_EA169A	Pr/PI	Pr/PI	1	3
696	1EAW	1EAW_A	Q9Y5Y6	SUR	['FL']	[-0.502]	LA153A	LA147A	[1.16e-10]	[4.97e-11]	1EAW_A_LA153A	Pr/PI	Pr/PI	1	3
697	3BN9	3BN9_B	Q9Y5Y6	COR	['FL']	[-0.566]	DB217A	DB214A	[3.2e-11]	[1.23e-11]	3BN9_B_DB217A	AB/AG,Pr/PI	AB/AG,Pr/PI	1	7
698	3BN9	3BN9_B	Q9Y5Y6	COR	['FL']	[-2.51]	QB175A	QB169A	[8.51e-10]	[1.23e-11]	3BN9_B_QB175A	AB/AG,Pr/PI	AB/AG,Pr/PI	1	7
699	3BN9	3BN9_B	Q9Y5Y6	RIM	['FL']	[0.035]	QB174A	QB168A	[1.16e-11]	[1.23e-11]	3BN9_B_QB174A	AB/AG,Pr/PI	AB/AG,Pr/PI	1	7
700	3BN9	3BN9_B	Q9Y5Y6	SUR	['FL']	[-0.373]	EB169A	EB163A	[2.31e-11]	[1.23e-11]	3BN9_B_EB169A	AB/AG,Pr/PI	AB/AG,Pr/PI	1	7
701	3BN9	3BN9_B	Q9Y5Y6	SUR	['FL']	[-0.336]	LB153A	LB147A	[2.17e-11]	[1.23e-11]	3BN9_B_LB153A	AB/AG,Pr/PI	AB/AG,Pr/PI	1	7
702	3BN9	3BN9_B	Q9Y5Y6	SUR	['FL']	[-0.291]	TB150A	TB144A	[2.01e-11]	[1.23e-11]	3BN9_B_TB150A	AB/AG,Pr/PI	AB/AG,Pr/PI	1	7
703	3BN9	3BN9_B	Q9Y5Y6	RIM	['FL']	[-1.085]	YB146A	YB141A	[7.68e-11]	[1.23e-11]	3BN9_B_YB146A	AB/AG,Pr/PI	AB/AG,Pr/PI	1	7
704	3BN9	3BN9_B	Q9Y5Y6	SUR	['FL']	[-0.133]	QB145A	QB140A	[1.54e-11]	[1.23e-11]	3BN9_B_QB145A	AB/AG,Pr/PI	AB/AG,Pr/PI	1	7
705	3BN9	3BN9_B	Q9Y5Y6	COR	['FL']	[-0.085]	HB143A	HB138A	[1.42e-11]	[1.23e-11]	3BN9_B_HB143A	AB/AG,Pr/PI	AB/AG,Pr/PI	1	7
706	3BN9	3BN9_B	Q9Y5Y6	COR	['FL']	[-1.133]	TB98A	TB93A	[8.32e-11]	[1.23e-11]	3BN9_B_TB98A	AB/AG,Pr/PI	AB/AG,Pr/PI	1	7
707	3BN9	3BN9_B	Q9Y5Y6	COR	['FL']	[-6.698]	FB97A	FB92A	[1e-06]	[1.23e-11]	3BN9_B_FB97A	AB/AG,Pr/PI	AB/AG,Pr/PI	2	7
708	3BN9	3BN9_B	Q9Y5Y6	COR	['FL']	[-6.698]	DB96A	DB91A	[1e-06]	[1.23e-11]	3BN9_B_DB96A	AB/AG,Pr/PI	AB/AG,Pr/PI	2	7
709	3BN9	3BN9_B	Q9Y5Y6	COR	['FL']	[-0.774]	NB95A	NB90A	[4.54e-11]	[1.23e-11]	3BN9_B_NB95A	AB/AG,Pr/PI	AB/AG,Pr/PI	1	7
710	3BN9	3BN9_B	Q9Y5Y6	SUP	['FL']	[-0.64]	FB94A	FB89A	[3.62e-11]	[1.23e-11]	3BN9_B_FB94A	AB/AG,Pr/PI	AB/AG,Pr/PI	1	7
711	3BN9	3BN9_B	Q9Y5Y6	SUR	['FL']	[0.159]	RB87A	RB82A	[9.4e-12]	[1.23e-11]	3BN9_B_RB87A	AB/AG,Pr/PI	AB/AG,Pr/PI	1	7
712	3BN9	3BN9_B	Q9Y5Y6	INT	['FL']	[-0.019]	YB60gA	YB52A	[1.27e-11]	[1.23e-11]	3BN9_B_YB60gA	AB/AG,Pr/PI	AB/AG,Pr/PI	1	7
713	3NPS	3NPS_A	Q9Y5Y6	RIM	['FL']	[-1.068]	DA60bA	DA47A	[4.27e-10]	[7.04e-11]	3NPS_A_DA60bA	AB/AG,Pr/PI	AB/AG,Pr/PI	1	8
714	3NPS	3NPS_A	Q9Y5Y6	RIM	['FL']	[-0.34]	DA60aA	DA46A	[1.25e-10]	[7.04e-11]	3NPS_A_DA60aA	AB/AG,Pr/PI	AB/AG,Pr/PI	1	8
715	3NPS	3NPS_A	Q9Y5Y6	SUR	['FL']	[0.332]	IA60A	IA45A	[4.02e-11]	[7.04e-11]	3NPS_A_IA60A	AB/AG,Pr/PI	AB/AG,Pr/PI	1	8
716	3NPS	3NPS_A	Q9Y5Y6	COR	['FL']	[-0.642]	IA41A	IA26A	[2.08e-10]	[7.04e-11]	3NPS_A_IA41A	AB/AG,Pr/PI	AB/AG,Pr/PI	1	8
717	3NPS	3NPS_A	Q9Y5Y6	SUR	['FL']	[-0.026]	QA38A	QA23A	[7.36e-11]	[7.04e-11]	3NPS_A_QA38A	AB/AG,Pr/PI	AB/AG,Pr/PI	1	8
718	3BN9	3BN9_D	P01857	RIM	['IAFL']	[-1.225]	QD100aV	QD105V	[1.77e-10]	[2.24e-11]	3BN9_D_QD100aV	AB/AG,Pr/PI	AB/AG,Pr/PI	2	7
719	3BN9	3BN9_D	P01857	RIM	['IAFL']	[-2.428]	PD100H	PD104H	[1.35e-09]	[2.24e-11]	3BN9_D_PD100H	AB/AG,Pr/PI	AB/AG,Pr/PI	2	7
720	3BN9	3BN9_D	P01857	RIM	['IAFL']	[-0.459]	YD99S	YD103S	[4.86e-11]	[2.24e-11]	3BN9_D_YD99S	AB/AG,Pr/PI	AB/AG,Pr/PI	2	7
721	3BN9	3BN9_D	P01857	RIM	['IAFL']	[0.058]	TD98R	TD102R	[2.03e-11]	[2.24e-11]	3BN9_D_TD98R	AB/AG,Pr/PI	AB/AG,Pr/PI	2	7
722	3BN9	3BN9_D	P01857	RIM	['IAFL']	[0.022]	TD98Q	TD102Q	[2.16e-11]	[2.24e-11]	3BN9_D_TD98Q	AB/AG,Pr/PI	AB/AG,Pr/PI	2	7
723	3BN9	3BN9_D	P01857	COR	['IAFL']	[-1.146]	SD30N	SD30N	[1.55e-10]	[2.24e-11]	3BN9_D_SD30N	AB/AG,Pr/PI	AB/AG,Pr/PI	2	7
724	3BN9	3BN9_D	P01857	COR	['IAFL']	[-1.187]	SD30G	SD30G	[1.66e-10]	[2.24e-11]	3BN9_D_SD30G	AB/AG,Pr/PI	AB/AG,Pr/PI	2	7
725	3BN9	3BN9_D	P01857	RIM	['IAFL']	[-0.333]	TD28R	TD28R	[3.93e-11]	[2.24e-11]	3BN9_D_TD28R	AB/AG,Pr/PI	AB/AG,Pr/PI	2	7
726	3BN9	3BN9_B	Q9Y5Y6	COR	['FL']	[-0.785]	KB224A	KB221A	[4.63e-11]	[1.23e-11]	3BN9_B_KB224A	AB/AG,Pr/PI	AB/AG,Pr/PI	1	7
727	3BN9	3BN9_B	Q9Y5Y6	SUR	['FL']	[0.094]	RB222A	RB219A	[1.05e-11]	[1.23e-11]	3BN9_B_RB222A	AB/AG,Pr/PI	AB/AG,Pr/PI	1	7
728	3BN9	3BN9_B	Q9Y5Y6	RIM	['FL']	[-0.706]	QB221aA	QB218A	[4.05e-11]	[1.23e-11]	3BN9_B_QB221aA	AB/AG,Pr/PI	AB/AG,Pr/PI	1	7
729	3NPS	3NPS_A	Q9Y5Y6	SUR	['FL']	[-0.616]	EA169A	EA163A	[1.99e-10]	[7.04e-11]	3NPS_A_EA169A	AB/AG,Pr/PI	AB/AG,Pr/PI	1	8
730	3NPS	3NPS_A	Q9Y5Y6	SUR	['FL']	[-0.296]	LA153A	LA147A	[1.16e-10]	[7.04e-11]	3NPS_A_LA153A	AB/AG,Pr/PI	AB/AG,Pr/PI	1	8
731	3NPS	3NPS_A	Q9Y5Y6	RIM	['FL']	[-0.175]	TA150A	TA144A	[9.46e-11]	[7.04e-11]	3NPS_A_TA150A	AB/AG,Pr/PI	AB/AG,Pr/PI	1	8
732	3NPS	3NPS_A	Q9Y5Y6	COR	['FL']	[-1.776]	YA146A	YA141A	[1.41e-09]	[7.04e-11]	3NPS_A_YA146A	AB/AG,Pr/PI	AB/AG,Pr/PI	1	8
733	3NPS	3NPS_A	Q9Y5Y6	SUR	['FL']	[-0.296]	QA145A	QA140A	[1.16e-10]	[7.04e-11]	3NPS_A_QA145A	AB/AG,Pr/PI	AB/AG,Pr/PI	1	8
734	3NPS	3NPS_A	Q9Y5Y6	COR	['FL']	[-1.876]	HA143A	HA138A	[1.67e-09]	[7.04e-11]	3NPS_A_HA143A	AB/AG,Pr/PI	AB/AG,Pr/PI	1	8
735	3NPS	3NPS_A	Q9Y5Y6	RIM	['FL']	[-0.724]	TA98A	TA93A	[2.39e-10]	[7.04e-11]	3NPS_A_TA98A	AB/AG,Pr/PI	AB/AG,Pr/PI	1	8
736	3NPS	3NPS_A	Q9Y5Y6	COR	['FL']	[-0.464]	FA97A	FA92A	[1.54e-10]	[7.04e-11]	3NPS_A_FA97A	AB/AG,Pr/PI	AB/AG,Pr/PI	1	8
737	3NPS	3NPS_A	Q9Y5Y6	RIM	['FL']	[-1.508]	DA96A	DA91A	[8.97e-10]	[7.04e-11]	3NPS_A_DA96A	AB/AG,Pr/PI	AB/AG,Pr/PI	1	8
738	3NPS	3NPS_A	Q9Y5Y6	SUR	['FL']	[-0.254]	NA95A	NA90A	[1.08e-10]	[7.04e-11]	3NPS_A_NA95A	AB/AG,Pr/PI	AB/AG,Pr/PI	1	8
739	3NPS	3NPS_A	Q9Y5Y6	INT	['FL']	[-1.572]	FA94A	FA89A	[1e-09]	[7.04e-11]	3NPS_A_FA94A	AB/AG,Pr/PI	AB/AG,Pr/PI	1	8
740	3NPS	3NPS_A	Q9Y5Y6	SUR	['FL']	[0.152]	RA87A	RA82A	[5.45e-11]	[7.04e-11]	3NPS_A_RA87A	AB/AG,Pr/PI	AB/AG,Pr/PI	1	8
741	3NPS	3NPS_A	Q9Y5Y6	INT	['FL']	[-0.452]	YA60gA	YA52A	[1.51e-10]	[7.04e-11]	3NPS_A_YA60gA	AB/AG,Pr/PI	AB/AG,Pr/PI	1	8
742	3NPS	3NPS_A	Q9Y5Y6	SUR	['FL']	[-0.138]	RA60fA	RA51A	[8.89e-11]	[7.04e-11]	3NPS_A_RA60fA	AB/AG,Pr/PI	AB/AG,Pr/PI	1	8
743	3NPS	3NPS_A	Q9Y5Y6	INT	['FL']	[-0.22]	FA60eA	FA50A	[1.02e-10]	[7.04e-11]	3NPS_A_FA60eA	AB/AG,Pr/PI	AB/AG,Pr/PI	1	8
744	3NPS	3NPS_A	Q9Y5Y6	RIM	['FL']	[1.063]	RA60cA	RA48A	[1.17e-11]	[7.04e-11]	3NPS_A_RA60cA	AB/AG,Pr/PI	AB/AG,Pr/PI	1	8
745	1DQJ	1DQJ_A	P01837	SUP	['SPR']	[-1.433]	SA91A	SA91A	[3.12e-08]	[2.78e-09]	1DQJ_A_SA91A	AB/AG	AB/AG	1	2
746	1DQJ	1DQJ_A	P01837	COR	['SPR']	[-2.679]	YA50A	YA50A	[2.56e-07]	[2.78e-09]	1DQJ_A_YA50A	AB/AG	AB/AG	1	3
747	1DQJ	1DQJ_A	P01837	SUP	['SPR']	[-4.093]	NA32A	NA32A	[2.78e-06]	[2.78e-09]	1DQJ_A_NA32A	AB/AG	AB/AG	1	2
748	1DQJ	1DQJ_A	P01837	COR	['SPR']	[-2.014]	NA31A	NA31A	[8.33e-08]	[2.78e-09]	1DQJ_A_NA31A	AB/AG	AB/AG	1	2
749	1DQJ	1DQJ_C	P00698	COR	['SPR']	[-0.776]	SC100A	SC100A	[1.03e-08]	[2.78e-09]	1DQJ_C_SC100A	AB/AG	AB/AG	1	2
750	1DQJ	1DQJ_C	P00698	SUP	['SPR']	[-6.159]	KC96A	KC96A	[9.09e-05]	[2.78e-09]	1DQJ_C_KC96A	AB/AG	AB/AG	1	2
751	1DQJ	1DQJ_C	P00698	COR	['SPR']	[-0.65]	NC93A	NC93A	[8.33e-09]	[2.78e-09]	1DQJ_C_NC93A	AB/AG	AB/AG	1	2
752	1DQJ	1DQJ_C	P00698	COR	['SPR']	[-0.841]	TC89A	TC89A	[1.15e-08]	[2.78e-09]	1DQJ_C_TC89A	AB/AG	AB/AG	1	2
753	1DQJ	1DQJ_C	P00698	COR	['SPR']	[-1.453]	LC75A	LC75A	[3.23e-08]	[2.78e-09]	1DQJ_C_LC75A	AB/AG	AB/AG	1	2
754	1DQJ	1DQJ_C	P00698	RIM	['SPR']	[-0.758]	WC62A	WC62A	[1e-08]	[2.78e-09]	1DQJ_C_WC62A	AB/AG	AB/AG	1	2
755	3NPS	3NPS_A	Q9Y5Y6	SUR	['FL']	[0.104]	KA224A	KA221A	[5.91e-11]	[7.04e-11]	3NPS_A_KA224A	AB/AG,Pr/PI	AB/AG,Pr/PI	1	8
756	3NPS	3NPS_A	Q9Y5Y6	SUR	['FL']	[0.084]	RA222A	RA219A	[6.11e-11]	[7.04e-11]	3NPS_A_RA222A	AB/AG,Pr/PI	AB/AG,Pr/PI	1	8
757	3NPS	3NPS_A	Q9Y5Y6	COR	['FL']	[0.041]	QA221aA	QA218A	[6.57e-11]	[7.04e-11]	3NPS_A_QA221aA	AB/AG,Pr/PI	AB/AG,Pr/PI	1	8
758	3NPS	3NPS_A	Q9Y5Y6	SUR	['FL']	[-1.467]	DA217A	DA214A	[8.38e-10]	[7.04e-11]	3NPS_A_DA217A	AB/AG,Pr/PI	AB/AG,Pr/PI	1	8
759	3NPS	3NPS_A	Q9Y5Y6	COR	['FL']	[-0.741]	QA175A	QA169A	[2.46e-10]	[7.04e-11]	3NPS_A_QA175A	AB/AG,Pr/PI	AB/AG,Pr/PI	1	8
760	3NPS	3NPS_A	Q9Y5Y6	RIM	['FL']	[0.059]	QA174A	QA168A	[6.37e-11]	[7.04e-11]	3NPS_A_QA174A	AB/AG,Pr/PI	AB/AG,Pr/PI	1	8
761	2G2U	2G2U_B	P35804	SUP	['IASP']	[0.512]	SB71A	SB71A	[4.76e-07]	[1.13e-06]	2G2U_B_SB71A		2G2U_A_B,2G2W_A_B,3N4I_A_B,1XXM_A_C,1S0W_A_C,1JTG_A_B,1JTD_A_B,3QHY_A_B	1	6
762	2G2U	2G2U_B	P35804	SUP	['IASP']	[-2.302]	YB53A	YB53A	[5.5e-05]	[1.13e-06]	2G2U_B_YB53A		2G2U_A_B,2G2W_A_B,3N4I_A_B,1XXM_A_C,1S0W_A_C,1JTG_A_B,1JTD_A_B,3QHY_A_B	1	6
763	2G2U	2G2U_B	P35804	COR	['IASP']	[0.629]	YB51A	YB51A	[3.91e-07]	[1.13e-06]	2G2U_B_YB51A		2G2U_A_B,2G2W_A_B,3N4I_A_B,1XXM_A_C,1S0W_A_C,1JTG_A_B,1JTD_A_B,3QHY_A_B	1	6
764	2G2U	2G2U_B	P35804	COR	['IASP']	[2.076]	YB50A	YB50A	[3.4e-08]	[1.13e-06]	2G2U_B_YB50A		2G2U_A_B,2G2W_A_B,3N4I_A_B,1XXM_A_C,1S0W_A_C,1JTG_A_B,1JTD_A_B,3QHY_A_B	1	6
765	2G2U	2G2U_B	P35804	COR	['IASP']	[0.427]	GB48A	GB48A	[5.5e-07]	[1.13e-06]	2G2U_B_GB48A		2G2U_A_B,2G2W_A_B,3N4I_A_B,1XXM_A_C,1S0W_A_C,1JTG_A_B,1JTD_A_B,3QHY_A_B	1	6
766	2G2U	2G2U_B	P35804	SUP	['IASP']	[-1.717]	HB41A	HB41A	[2.05e-05]	[1.13e-06]	2G2U_B_HB41A		2G2U_A_B,2G2W_A_B,3N4I_A_B,1XXM_A_C,1S0W_A_C,1JTG_A_B,1JTD_A_B,3QHY_A_B	1	6
767	2G2U	2G2U_B	P35804	SUP	['IASP']	[0.956]	SB39A	SB39A	[2.25e-07]	[1.13e-06]	2G2U_B_SB39A		2G2U_A_B,2G2W_A_B,3N4I_A_B,1XXM_A_C,1S0W_A_C,1JTG_A_B,1JTD_A_B,3QHY_A_B	1	6
768	2G2U	2G2U_B	P35804	COR	['IASP']	[-2.764]	FB36A	FB36A	[0.00012]	[1.13e-06]	2G2U_B_FB36A		2G2U_A_B,2G2W_A_B,3N4I_A_B,1XXM_A_C,1S0W_A_C,1JTG_A_B,1JTD_A_B,3QHY_A_B	1	6
769	2G2U	2G2U_B	P35804	RIM	['IASP']	[0.951]	SB35A	SB35A	[2.27e-07]	[1.13e-06]	2G2U_B_SB35A		2G2U_A_B,2G2W_A_B,3N4I_A_B,1XXM_A_C,1S0W_A_C,1JTG_A_B,1JTD_A_B,3QHY_A_B	1	6
770	2G2U	2G2U_B	P35804	RIM	['IASP']	[-0.651]	EB31A	EB31A	[3.39e-06]	[1.13e-06]	2G2U_B_EB31A		2G2U_A_B,2G2W_A_B,3N4I_A_B,1XXM_A_C,1S0W_A_C,1JTG_A_B,1JTD_A_B,3QHY_A_B	1	6
771	1DQJ	1DQJ_B	P01865	COR	['SPR']	[-4.934]	WB98A	WB98A	[1.15e-05]	[2.78e-09]	1DQJ_B_WB98A	AB/AG	AB/AG	1	2
772	1DQJ	1DQJ_B	P01865	COR	['SPR']	[-1.181]	YB53A	YB53A	[2.04e-08]	[2.78e-09]	1DQJ_B_YB53A	AB/AG	AB/AG	1	3
773	1DQJ	1DQJ_B	P01865	SUP	['SPR']	[-6.891]	YB50A	YB50A	[0.000313]	[2.78e-09]	1DQJ_B_YB50A	AB/AG	AB/AG	1	3
774	1DQJ	1DQJ_B	P01865	COR	['SPR']	[-5.527]	YB33A	YB33A	[3.13e-05]	[2.78e-09]	1DQJ_B_YB33A	AB/AG	AB/AG	1	3
775	1DQJ	1DQJ_B	P01865	COR	['SPR']	[-2.014]	DB32A	DB32A	[8.33e-08]	[2.78e-09]	1DQJ_B_DB32A	AB/AG	AB/AG	1	2
776	1DQJ	1DQJ_A	P01837	SUP	['SPR']	[-1.136]	YA96A	YA96A	[1.89e-08]	[2.78e-09]	1DQJ_A_YA96A	AB/AG	AB/AG	1	3
777	1XD3	1XD3_B	P0CG48	COR	['IARA']	[-2.378]	RB74L	RB74L	[1.66e-05]	[3e-07]	1XD3_B_RB74L		1XD3_A_B,2OOB_A_B,3M63_A_B	1	6
778	1XD3	1XD3_B	P0CG48	COR	['IARA']	[-1.302]	RB72L	RB72L	[2.7e-06]	[3e-07]	1XD3_B_RB72L		1XD3_A_B,2OOB_A_B,3M63_A_B	1	6
779	1XD3	1XD3_B	P0CG48	COR	['IARA']	[0.0]	HB68N	HB68N	[3e-07]	[3e-07]	1XD3_B_HB68N		1XD3_A_B,2OOB_A_B,3M63_A_B	1	5
780	1XD3	1XD3_B	P0CG48	SUR	['IARA']	[-0.869]	RB54L	RB54L	[1.3e-06]	[3e-07]	1XD3_B_RB54L		1XD3_A_B,2OOB_A_B,3M63_A_B	1	6
781	1XD3	1XD3_B	P0CG48	SUP	['IARA']	[0.862]	RB42L	RB42L	[7e-08]	[3e-07]	1XD3_B_RB42L		1XD3_A_B,2OOB_A_B,3M63_A_B	1	6
782	1XD3	1XD3_B	P0CG48	SUP	['IARA']	[0.062]	KB27A	KB27A	[2.7e-07]	[3e-07]	1XD3_B_KB27A		1XD3_A_B,2OOB_A_B,3M63_A_B	1	5
783	2G2U	2G2U_B	P35804	COR	['IASP']	[-1.785]	WB150A	WB150A	[2.3e-05]	[1.13e-06]	2G2U_B_WB150A		2G2U_A_B,2G2W_A_B,3N4I_A_B,1XXM_A_C,1S0W_A_C,1JTG_A_B,1JTD_A_B,3QHY_A_B	1	6
784	2G2U	2G2U_B	P35804	SUP	['IASP']	[-1.119]	HB148A	HB148A	[7.47e-06]	[1.13e-06]	2G2U_B_HB148A		2G2U_A_B,2G2W_A_B,3N4I_A_B,1XXM_A_C,1S0W_A_C,1JTG_A_B,1JTD_A_B,3QHY_A_B	1	6
785	2G2U	2G2U_B	P35804	RIM	['IASP']	[0.342]	RB144A	RB144A	[6.34e-07]	[1.13e-06]	2G2U_B_RB144A		2G2U_A_B,2G2W_A_B,3N4I_A_B,1XXM_A_C,1S0W_A_C,1JTG_A_B,1JTD_A_B,3QHY_A_B	1	6
786	2G2U	2G2U_B	P35804	COR	['IASP']	[1.847]	YB143A	YB143A	[5e-08]	[1.13e-06]	2G2U_B_YB143A		2G2U_A_B,2G2W_A_B,3N4I_A_B,1XXM_A_C,1S0W_A_C,1JTG_A_B,1JTD_A_B,3QHY_A_B	1	6
787	2G2U	2G2U_B	P35804	COR	['IASP']	[-0.276]	FB142A	FB142A	[1.8e-06]	[1.13e-06]	2G2U_B_FB142A		2G2U_A_B,2G2W_A_B,3N4I_A_B,1XXM_A_C,1S0W_A_C,1JTG_A_B,1JTD_A_B,3QHY_A_B	1	6
788	2G2U	2G2U_B	P35804	SUP	['IASP']	[0.414]	GB141A	GB141A	[5.62e-07]	[1.13e-06]	2G2U_B_GB141A		2G2U_A_B,2G2W_A_B,3N4I_A_B,1XXM_A_C,1S0W_A_C,1JTG_A_B,1JTD_A_B,3QHY_A_B	1	6
789	2G2U	2G2U_B	P35804	SUP	['IASP']	[0.612]	SB113A	SB113A	[4.02e-07]	[1.13e-06]	2G2U_B_SB113A		2G2U_A_B,2G2W_A_B,3N4I_A_B,1XXM_A_C,1S0W_A_C,1JTG_A_B,1JTD_A_B,3QHY_A_B	1	6
790	2G2U	2G2U_B	P35804	COR	['IASP']	[-0.959]	WB112A	WB112A	[5.7e-06]	[1.13e-06]	2G2U_B_WB112A		2G2U_A_B,2G2W_A_B,3N4I_A_B,1XXM_A_C,1S0W_A_C,1JTG_A_B,1JTD_A_B,3QHY_A_B	1	6
791	2G2U	2G2U_B	P35804	SUP	['IASP']	[0.217]	KB74A	KB74A	[7.83e-07]	[1.13e-06]	2G2U_B_KB74A		2G2U_A_B,2G2W_A_B,3N4I_A_B,1XXM_A_C,1S0W_A_C,1JTG_A_B,1JTD_A_B,3QHY_A_B	1	6
792	2G2U	2G2U_B	P35804	COR	['IASP']	[1.979]	EB73A	EB73A	[4e-08]	[1.13e-06]	2G2U_B_EB73A		2G2U_A_B,2G2W_A_B,3N4I_A_B,1XXM_A_C,1S0W_A_C,1JTG_A_B,1JTD_A_B,3QHY_A_B	1	6
793	1JTG	1JTG_B	P35804	COR	['IASP']	[-0.505]	EB73M	EB73M	[7.5e-09]	[3.2e-09]	1JTG_B_EB73M		1XXM_A_C,1S0W_A_C,1JTG_A_B,2G2U_A_B,2G2W_A_B,3N4I_A_B,1JTD_A_B,3QHY_A_B	2	3
794	1JTG	1JTG_A	P62593	COR	['IASP']	[-3.644]	EA104D	EA79D	[1.5e-06]	[3.2e-09]	1JTG_A_EA104D		1XXM_A_C,1S0W_A_C,1JTG_A_B,2G2U_A_B,2G2W_A_B,3N4I_A_B,1JTD_A_B,3QHY_A_B	2	3
795	2G2W	2G2W_A	P0AD64	RIM	['IASP']	[-0.453]	KA104D	KA79D	[1.25e-06]	[5.82e-07]	2G2W_A_KA104D		2G2U_A_B,2G2W_A_B,3N4I_A_B,1XXM_A_C,1S0W_A_C,1JTG_A_B,1JTD_A_B,3QHY_A_B	1	6
796	2G2U	2G2U_B	P35804	INT	['IASP']	[1.469]	SB130K	SB130K	[1.44e-07]	[1.72e-06]	2G2U_B_SB130K		2G2U_A_B,2G2W_A_B,3N4I_A_B,1XXM_A_C,1S0W_A_C,1JTG_A_B,1JTD_A_B,3QHY_A_B	1	6
797	2G2U	2G2U_B	P35804	COR	['IASP']	[-0.531]	WB162A	WB162A	[2.77e-06]	[1.13e-06]	2G2U_B_WB162A		2G2U_A_B,2G2W_A_B,3N4I_A_B,1XXM_A_C,1S0W_A_C,1JTG_A_B,1JTD_A_B,3QHY_A_B	1	6
798	2G2U	2G2U_B	P35804	RIM	['IASP']	[-0.67]	RB160A	RB160A	[3.5e-06]	[1.13e-06]	2G2U_B_RB160A		2G2U_A_B,2G2W_A_B,3N4I_A_B,1XXM_A_C,1S0W_A_C,1JTG_A_B,1JTD_A_B,3QHY_A_B	1	6
799	1XD3	1XD3_B	P0CG48	SUR	['IARA']	[0.0]	KB33R	KB33R	[3e-07]	[3e-07]	1XD3_B_KB33R		1XD3_A_B,2OOB_A_B,3M63_A_B	1	6
800	1XD3	1XD3_B	P0CG48	SUP	['IARA']	[-0.266]	KB27R	KB27R	[4.7e-07]	[3e-07]	1XD3_B_KB27R		1XD3_A_B,2OOB_A_B,3M63_A_B	1	6
801	1XD3	1XD3_B	P0CG48	RIM	['IARA']	[-1.402]	KB11R	KB11R	[3.2e-06]	[3e-07]	1XD3_B_KB11R		1XD3_A_B,2OOB_A_B,3M63_A_B	1	5
802	1XD3	1XD3_B	P0CG48	COR	['IARA']	[-2.677]	LB8A	LB8A	[2.75e-05]	[3e-07]	1XD3_B_LB8A		1XD3_A_B,2OOB_A_B,3M63_A_B	1	6
803	1XD3	1XD3_B	P0CG48	RIM	['IARA']	[-0.303]	KB6R	KB6R	[5e-07]	[3e-07]	1XD3_B_KB6R		1XD3_A_B,2OOB_A_B,3M63_A_B	1	6
804	1XD3	1XD3_B	P0CG48	SUR	['IARA']	[0.24]	DB58A	DB58A	[2e-07]	[3e-07]	1XD3_B_DB58A		1XD3_A_B,2OOB_A_B,3M63_A_B	1	5
805	1XD3	1XD3_B	P0CG48	SUR	['IARA']	[0.24]	DB52A	DB52A	[2e-07]	[3e-07]	1XD3_B_DB52A		1XD3_A_B,2OOB_A_B,3M63_A_B	1	5
806	1XD3	1XD3_B	P0CG48	SUR	['IARA']	[-1.535]	EB51A	EB51A	[4e-06]	[3e-07]	1XD3_B_EB51A		1XD3_A_B,2OOB_A_B,3M63_A_B	1	5
807	1XD3	1XD3_B	P0CG48	RIM	['IARA']	[0.411]	DB39A	DB39A	[1.5e-07]	[3e-07]	1XD3_B_DB39A		1XD3_A_B,2OOB_A_B,3M63_A_B	1	5
808	1XD3	1XD3_B	P0CG48	SUR	['IARA']	[0.24]	EB24A	EB24A	[2e-07]	[3e-07]	1XD3_B_EB24A		1XD3_A_B,2OOB_A_B,3M63_A_B	1	5
809	2FTL	2FTL_I	P00974	RIM	['IASP']	[-4.093]	RI39A	RI39A	[5e-11]	[5e-14]	2FTL_I_RI39A	Pr/PI	Pr/PI	2	6
810	2FTL	2FTL_I	P00974	COR	['IASP']	[-4.093]	GI37A	GI37A	[5e-11]	[5e-14]	2FTL_I_GI37A	Pr/PI	Pr/PI	2	6
811	2FTL	2FTL_I	P00974	SUP	['IASP']	[-4.943]	GI36A	GI36A	[2.1e-10]	[5e-14]	2FTL_I_GI36A	Pr/PI	Pr/PI	1	6
812	2FTL	2FTL_I	P00974	INT	['IASP']	[-4.093]	YI35A	YI35A	[5e-11]	[5e-14]	2FTL_I_YI35A	Pr/PI	Pr/PI	2	6
813	2FTL	2FTL_I	P00974	COR	['IASP']	[-4.093]	VI34A	VI34A	[5e-11]	[5e-14]	2FTL_I_VI34A	Pr/PI	Pr/PI	2	6
814	2FTL	2FTL_I	P00974	INT	['IASP']	[-4.093]	FI33A	FI33A	[5e-11]	[5e-14]	2FTL_I_FI33A	Pr/PI	Pr/PI	2	6
815	2FTL	2FTL_I	P00974	SUP	['IASP']	[-4.093]	RI20A	RI20A	[5e-11]	[5e-14]	2FTL_I_RI20A	Pr/PI	Pr/PI	2	6
816	2FTL	2FTL_I	P00974	RIM	['IASP']	[-4.093]	II19A	II19A	[5e-11]	[5e-14]	2FTL_I_II19A	Pr/PI	Pr/PI	2	6
817	2FTL	2FTL_I	P00974	COR	['IASP']	[-5.022]	II18A	II18A	[2.4e-10]	[5e-14]	2FTL_I_II18A	Pr/PI	Pr/PI	1	6
818	2FTL	2FTL_I	P00974	COR	['IASP']	[-4.093]	RI17A	RI17A	[5e-11]	[5e-14]	2FTL_I_RI17A	Pr/PI	Pr/PI	2	6
819	2FTL	2FTL_I	P00974	COR	['IASP']	[-4.093]	PI13A	PI13A	[5e-11]	[5e-14]	2FTL_I_PI13A	Pr/PI	Pr/PI	2	6
820	2FTL	2FTL_I	P00974	COR	['IASP']	[-4.393]	GI12A	GI12A	[8.3e-11]	[5e-14]	2FTL_I_GI12A	Pr/PI	Pr/PI	1	6
821	2FTL	2FTL_I	P00974	RIM	['IASP']	[-4.093]	TI11A	TI11A	[5e-11]	[5e-14]	2FTL_I_TI11A	Pr/PI	Pr/PI	2	6
822	3N4I	3N4I_A	P0AD64	COR	['IASP']	[-4.384]	EA104D	EA79D	[1.8e-06]	[1.1e-09]	3N4I_A_EA104D		2G2U_A_B,2G2W_A_B,3N4I_A_B,1XXM_A_C,1S0W_A_C,1JTG_A_B,1JTD_A_B,3QHY_A_B	2	8
823	2G2U	2G2U_A	P0AD64	COR	['IASP']	[4.384]	DA104E	DA79E	[1.1e-09]	[1.8e-06]	2G2U_A_DA104E		2G2U_A_B,2G2W_A_B,3N4I_A_B,1XXM_A_C,1S0W_A_C,1JTG_A_B,1JTD_A_B,3QHY_A_B	2	6
824	2G2U	2G2U_A	P0AD64	COR	['IASP']	[1.543]	DA104A	DA79A	[1.33e-07]	[1.8e-06]	2G2U_A_DA104A		2G2U_A_B,2G2W_A_B,3N4I_A_B,1XXM_A_C,1S0W_A_C,1JTG_A_B,1JTD_A_B,3QHY_A_B	2	6
825	1CBW	1CBW_I	P00974	COR	['IASP']	[0.62]	KI15R	KI15R	[4e-09]	[1.14e-08]	1CBW_I_KI15R	Pr/PI	Pr/PI	1	2
826	1CBW	1CBW_I	P00974	COR	['IASP']	[-0.1]	KI15H	KI15H	[1.35e-08]	[1.14e-08]	1CBW_I_KI15H	Pr/PI	Pr/PI	1	2
827	1CBW	1CBW_I	P00974	COR	['IASP']	[-0.309]	KI15Q	KI15Q	[1.92e-08]	[1.14e-08]	1CBW_I_KI15Q	Pr/PI	Pr/PI	1	2
828	1CBW	1CBW_I	P00974	COR	['IASP']	[-3.907]	KI15E	KI15E	[8.33e-06]	[1.14e-08]	1CBW_I_KI15E	Pr/PI	Pr/PI	1	2
829	1CBW	1CBW_I	P00974	COR	['IASP']	[1.597]	KI15L	KI15L	[7.69e-10]	[1.14e-08]	1CBW_I_KI15L	Pr/PI	Pr/PI	1	2
830	1CBW	1CBW_I	P00974	COR	['IASP']	[-2.962]	KI15I	KI15I	[1.69e-06]	[1.14e-08]	1CBW_I_KI15I	Pr/PI	Pr/PI	1	2
831	1CBW	1CBW_I	P00974	COR	['IASP']	[1.442]	KI15M	KI15M	[1e-09]	[1.14e-08]	1CBW_I_KI15M	Pr/PI	Pr/PI	1	2
832	1CBW	1CBW_I	P00974	COR	['IASP']	[-1.338]	KI15N	KI15N	[1.09e-07]	[1.14e-08]	1CBW_I_KI15N	Pr/PI	Pr/PI	1	2
833	1CBW	1CBW_I	P00974	COR	['IASP']	[-5.271]	KI15D	KI15D	[8.33e-05]	[1.14e-08]	1CBW_I_KI15D	Pr/PI	Pr/PI	1	2
834	1CBW	1CBW_I	P00974	COR	['IASP']	[-2.108]	KI15T	KI15T	[4e-07]	[1.14e-08]	1CBW_I_KI15T	Pr/PI	Pr/PI	1	2
835	1CBW	1CBW_I	P00974	COR	['IASP']	[-2.158]	KI15V	KI15V	[4.35e-07]	[1.14e-08]	1CBW_I_KI15V	Pr/PI	Pr/PI	1	2
836	1CBW	1CBW_I	P00974	COR	['IASP']	[-3.426]	KI15S	KI15S	[3.7e-06]	[1.14e-08]	1CBW_I_KI15S	Pr/PI	Pr/PI	1	2
837	1CBW	1CBW_I	P00974	COR	['IASP']	[-4.156]	KI15G	KI15G	[1.27e-05]	[1.14e-08]	1CBW_I_KI15G	Pr/PI	Pr/PI	1	2
838	1CBW	1CBW_I	P00974	INT	['IASP']	[-0.143]	FI33A	FI33A	[1.4e-08]	[1.1e-08]	1CBW_I_FI33A	Pr/PI	Pr/PI	1	2
839	1CBW	1CBW_I	P00974	COR	['IASP']	[-1.416]	II18A	II18A	[1.2e-07]	[1.1e-08]	1CBW_I_II18A	Pr/PI	Pr/PI	1	2
840	2FTL	2FTL_I	P00974	SUR	['IASP']	[-4.093]	KI46A	KI46A	[5e-11]	[5e-14]	2FTL_I_KI46A	Pr/PI	Pr/PI	2	6
841	2FTL	2FTL_I	P00974	COR	['IASP']	[0.582]	KI15R	KI15R	[2.2e-14]	[5.88e-14]	2FTL_I_KI15R	Pr/PI	Pr/PI	2	6
842	2FTL	2FTL_I	P00974	COR	['IASP']	[-8.782]	KI15H	KI15H	[1.61e-07]	[5.88e-14]	2FTL_I_KI15H	Pr/PI	Pr/PI	1	6
843	2FTL	2FTL_I	P00974	COR	['IASP']	[-9.371]	KI15Q	KI15Q	[4.35e-07]	[5.88e-14]	2FTL_I_KI15Q	Pr/PI	Pr/PI	1	6
844	2FTL	2FTL_I	P00974	COR	['IASP']	[-9.424]	KI15E	KI15E	[4.76e-07]	[5.88e-14]	2FTL_I_KI15E	Pr/PI	Pr/PI	1	6
845	2FTL	2FTL_I	P00974	COR	['IASP']	[-8.864]	KI15L	KI15L	[1.85e-07]	[5.88e-14]	2FTL_I_KI15L	Pr/PI	Pr/PI	1	6
846	2FTL	2FTL_I	P00974	COR	['IASP']	[-11.171]	KI15I	KI15I	[9.09e-06]	[5.88e-14]	2FTL_I_KI15I	Pr/PI	Pr/PI	1	6
847	2FTL	2FTL_I	P00974	COR	['IASP']	[-7.692]	KI15M	KI15M	[2.56e-08]	[5.88e-14]	2FTL_I_KI15M	Pr/PI	Pr/PI	1	6
848	2FTL	2FTL_I	P00974	COR	['IASP']	[-8.033]	KI15N	KI15N	[4.55e-08]	[5.88e-14]	2FTL_I_KI15N	Pr/PI	Pr/PI	1	6
849	2FTL	2FTL_I	P00974	COR	['IASP']	[-11.503]	KI15D	KI15D	[1.59e-05]	[5.88e-14]	2FTL_I_KI15D	Pr/PI	Pr/PI	1	6
850	2FTL	2FTL_I	P00974	COR	['IASP']	[-10.598]	KI15T	KI15T	[3.45e-06]	[5.88e-14]	2FTL_I_KI15T	Pr/PI	Pr/PI	1	6
851	2FTL	2FTL_I	P00974	COR	['IASP']	[-11.756]	KI15V	KI15V	[2.44e-05]	[5.88e-14]	2FTL_I_KI15V	Pr/PI	Pr/PI	1	6
852	2FTL	2FTL_I	P00974	COR	['IASP']	[-7.724]	KI15S	KI15S	[2.7e-08]	[5.88e-14]	2FTL_I_KI15S	Pr/PI	Pr/PI	1	6
853	2FTL	2FTL_I	P00974	COR	['IASP']	[-12.352]	KI15G	KI15G	[6.67e-05]	[5.88e-14]	2FTL_I_KI15G	Pr/PI	Pr/PI	1	6
854	1CBW	1CBW_I	P00974	COR	['IASP']	[2.461]	KI15W	KI15W	[1.79e-10]	[1.14e-08]	1CBW_I_KI15W	Pr/PI	Pr/PI	1	2
855	1CBW	1CBW_I	P00974	COR	['IASP']	[2.641]	KI15Y	KI15Y	[1.32e-10]	[1.14e-08]	1CBW_I_KI15Y	Pr/PI	Pr/PI	1	2
856	1CBW	1CBW_I	P00974	COR	['IASP']	[1.985]	KI15F	KI15F	[4e-10]	[1.14e-08]	1CBW_I_KI15F	Pr/PI	Pr/PI	1	2
857	1A4Y	1A4Y_A	P13489	RIM	['SFFL']	[0.224]	RA457A	RA457A	[3.7e-16]	[5.4e-16]	1A4Y_A_RA457A		1A4Y_A_B,1Z7X_W_X	1	1
858	1Z7X	1Z7X_W	P13489	SUP	['SFFL']	[-0.337]	IW459A	IW459A	[7.6e-14]	[4.3e-14]	1Z7X_W_IW459A		1Z7X_W_X,1A4Y_A_B	1	6
859	1Z7X	1Z7X_W	P13489	RIM	['SFFL']	[-0.848]	RW457A	RW457A	[1.8e-13]	[4.3e-14]	1Z7X_W_RW457A		1Z7X_W_X,1A4Y_A_B	1	6
860	1Z7X	1Z7X_W	P13489	COR	['SFPF']	[-2.624]	YW437A	YW437A	[2.6e-12]	[3.1e-14]	1Z7X_W_YW437A		1Z7X_W_X,1A4Y_A_B	1	6
861	1Z7X	1Z7X_W	P13489	COR	['SFPF']	[-3.662]	DW435A	DW435A	[1.5e-11]	[3.1e-14]	1Z7X_W_DW435A		1Z7X_W_X,1A4Y_A_B	1	6
862	1Z7X	1Z7X_W	P13489	COR	['SFPF']	[-5.956]	YW434A	YW434A	[7.2e-10]	[3.1e-14]	1Z7X_W_YW434A		1Z7X_W_X,1A4Y_A_B	1	6
863	1A4Y	1A4Y_A	P13489	COR	['SFPF']	[-0.836]	YA437A	YA437A	[1.6e-15]	[3.9e-16]	1A4Y_A_YA437A		1A4Y_A_B,1Z7X_W_X	1	1
864	1A4Y	1A4Y_A	P13489	COR	['SFPF']	[-3.486]	DA435A	DA435A	[1.4e-13]	[3.9e-16]	1A4Y_A_DA435A		1A4Y_A_B,1Z7X_W_X	1	1
865	1A4Y	1A4Y_A	P13489	COR	['SFPF']	[-3.262]	YA434A	YA434A	[9.6e-14]	[3.9e-16]	1A4Y_A_YA434A		1A4Y_A_B,1Z7X_W_X	1	1
866	1A4Y	1A4Y_B	P03950	COR	['SFPF']	[0.323]	EB108A	EB108A	[2.9e-16]	[5e-16]	1A4Y_B_EB108A		1A4Y_A_B,1Z7X_W_X	1	1
867	1A4Y	1A4Y_B	P03950	RIM	['SFPF']	[-0.118]	NB68A	NB68A	[6.1e-16]	[5e-16]	1A4Y_B_NB68A		1A4Y_A_B,1Z7X_W_X	1	1
868	1A4Y	1A4Y_B	P03950	SUP	['SFPF']	[-0.3]	QB12A	QB12A	[8.3e-16]	[5e-16]	1A4Y_B_QB12A		1A4Y_A_B,1Z7X_W_X	1	1
869	1A4Y	1A4Y_B	P03950	RIM	['SFPF']	[-0.904]	HB8A	HB8A	[2.3e-15]	[5e-16]	1A4Y_B_HB8A		1A4Y_A_B,1Z7X_W_X	1	1
870	2FTL	2FTL_I	P00974	COR	['IASP']	[-8.664]	KI15W	KI15W	[1.32e-07]	[5.88e-14]	2FTL_I_KI15W	Pr/PI	Pr/PI	1	6
871	2FTL	2FTL_I	P00974	COR	['IASP']	[-6.857]	KI15Y	KI15Y	[6.25e-09]	[5.88e-14]	2FTL_I_KI15Y	Pr/PI	Pr/PI	1	6
872	2FTL	2FTL_I	P00974	COR	['IASP']	[-7.027]	KI15F	KI15F	[8.33e-09]	[5.88e-14]	2FTL_I_KI15F	Pr/PI	Pr/PI	1	6
873	1A4Y	1A4Y_A	P13489	SUR	['SFFL']	[-0.101]	EA287A	EA287A	[6.4e-16]	[5.4e-16]	1A4Y_A_EA287A		1A4Y_A_B,1Z7X_W_X	1	1
874	1A4Y	1A4Y_A	P13489	COR	['SFFL']	[-1.171]	WA263A	WA263A	[3.9e-15]	[5.4e-16]	1A4Y_A_WA263A		1A4Y_A_B,1Z7X_W_X	1	1
875	1A4Y	1A4Y_A	P13489	COR	['SFFL']	[-0.101]	WA261A	WA261A	[6.4e-16]	[5.4e-16]	1A4Y_A_WA261A		1A4Y_A_B,1Z7X_W_X	1	1
876	1A4Y	1A4Y_B	P03950	RIM	['SFFL']	[-0.24]	WB89A	WB89A	[8.1e-16]	[5.4e-16]	1A4Y_B_WB89A		1A4Y_A_B,1Z7X_W_X	1	1
877	1A4Y	1A4Y_B	P03950	COR	['SFFL']	[-0.17]	HB84A	HB84A	[7.2e-16]	[5.4e-16]	1A4Y_B_HB84A		1A4Y_A_B,1Z7X_W_X	1	1
878	1Z7X	1Z7X_W	P13489	RIM	['SFFL']	[-1.306]	EW401A	EW401A	[3.9e-13]	[4.3e-14]	1Z7X_W_EW401A		1Z7X_W_X,1A4Y_A_B	1	6
879	1Z7X	1Z7X_W	P13489	COR	['SFFL']	[-1.67]	WW375A	WW375A	[7.2e-13]	[4.3e-14]	1Z7X_W_WW375A		1Z7X_W_X,1A4Y_A_B	1	6
880	1Z7X	1Z7X_W	P13489	SUP	['SFFL']	[-1.562]	EW344A	EW344A	[6e-13]	[4.3e-14]	1Z7X_W_EW344A		1Z7X_W_X,1A4Y_A_B	1	6
881	1Z7X	1Z7X_W	P13489	COR	['SFFL']	[-1.321]	KW320A	KW320A	[4e-13]	[4.3e-14]	1Z7X_W_KW320A		1Z7X_W_X,1A4Y_A_B	1	6
882	1Z7X	1Z7X_W	P13489	SUP	['SFFL']	[-0.993]	WW318A	WW318A	[2.3e-13]	[4.3e-14]	1Z7X_W_WW318A		1Z7X_W_X,1A4Y_A_B	1	6
883	1Z7X	1Z7X_W	P13489	SUP	['SFFL']	[-0.814]	SW289A	SW289A	[1.7e-13]	[4.3e-14]	1Z7X_W_SW289A		1Z7X_W_X,1A4Y_A_B	1	6
884	1Z7X	1Z7X_W	P13489	RIM	['SFFL']	[-1.321]	EW287A	EW287A	[4e-13]	[4.3e-14]	1Z7X_W_EW287A		1Z7X_W_X,1A4Y_A_B	1	6
885	1Z7X	1Z7X_W	P13489	SUP	['SFFL']	[-2.212]	WW263A	WW263A	[1.8e-12]	[4.3e-14]	1Z7X_W_WW263A		1Z7X_W_X,1A4Y_A_B	1	6
886	1Z7X	1Z7X_W	P13489	COR	['SFFL']	[-1.336]	WW261A	WW261A	[4.1e-13]	[4.3e-14]	1Z7X_W_WW261A		1Z7X_W_X,1A4Y_A_B	1	6
887	1Z7X	1Z7X_W	P13489	SUP	['SFFL']	[-1.019]	EW206A	EW206A	[2.4e-13]	[4.3e-14]	1Z7X_W_EW206A		1Z7X_W_X,1A4Y_A_B	1	6
888	1A4Y	1A4Y_A	P13489	COR	['SFFL']	[-0.679]	IA459A	IA459A	[1.7e-15]	[5.4e-16]	1A4Y_A_IA459A		1A4Y_A_B,1Z7X_W_X	1	1
889	2A9K	2A9K_B	P15879	RIM	['ITC']	[-3.031]	EB109A	EB65A	[1e-05]	[6e-08]	2A9K_B_EB109A		2A9K_A_B,5XCO_A_B	2	6
890	2A9K	2A9K_B	P15879	COR	['ITC']	[-2.318]	GB99D	GB55D	[3e-06]	[6e-08]	2A9K_B_GB99D		2A9K_A_B,5XCO_A_B	1	6
891	2AJF	2AJF_E	P59594	COR	['SPR']	[-2.013]	NE479K	NE151K	[4.84e-07]	[1.62e-08]	2AJF_E_NE479K		2AJF_A_E	1	6
892	2AJF	2AJF_E	P59594	SUR	['SPR']	[0.082]	FE360S	FE38S	[1.41e-08]	[1.62e-08]	2AJF_E_FE360S		2AJF_A_E	1	6
893	2AJF	2AJF_E	P59594	SUR	['SPR']	[0.007]	KE344R	KE22R	[1.6e-08]	[1.62e-08]	2AJF_E_KE344R		2AJF_A_E	1	6
894	2BTF	2BTF_P	P02584	COR	['FL']	[-0.46]	KP125A	KP125A	[5e-06]	[2.3e-06]	2BTF_P_KP125A		2BTF_A_P	1	6
895	1A4Y	1A4Y_B	P03950	INT	['IASP']	[0.232]	RB70A	RB70A	[4.8e-16]	[7.1e-16]	1A4Y_B_RB70A		1A4Y_A_B,1Z7X_W_X	1	1
896	1A4Y	1A4Y_B	P03950	SUR	['IASP']	[-0.203]	RB66A	RB66A	[1e-15]	[7.1e-16]	1A4Y_B_RB66A		1A4Y_A_B,1Z7X_W_X	1	1
897	1A4Y	1A4Y_B	P03950	RIM	['IASP']	[-0.91]	RB32A	RB32A	[3.3e-15]	[7.1e-16]	1A4Y_B_RB32A		1A4Y_A_B,1Z7X_W_X	1	1
898	1A4Y	1A4Y_B	P03950	COR	['IASP']	[-2.309]	RB5A	RB5A	[3.5e-14]	[7.1e-16]	1A4Y_B_RB5A		1A4Y_A_B,1Z7X_W_X	1	1
899	1A4Y	1A4Y_A	P13489	COR	['SFFL']	[-0.884]	EA401A	EA401A	[2.4e-15]	[5.4e-16]	1A4Y_A_EA401A		1A4Y_A_B,1Z7X_W_X	1	1
900	1A4Y	1A4Y_A	P13489	SUP	['SFFL']	[-1.035]	WA375A	WA375A	[3.1e-15]	[5.4e-16]	1A4Y_A_WA375A		1A4Y_A_B,1Z7X_W_X	1	1
901	1A4Y	1A4Y_A	P13489	COR	['SFFL']	[-0.179]	EA344A	EA344A	[7.3e-16]	[5.4e-16]	1A4Y_A_EA344A		1A4Y_A_B,1Z7X_W_X	1	1
902	1A4Y	1A4Y_A	P13489	COR	['SFFL']	[0.31]	KA320A	KA320A	[3.2e-16]	[5.4e-16]	1A4Y_A_KA320A		1A4Y_A_B,1Z7X_W_X	1	1
903	1A4Y	1A4Y_A	P13489	SUP	['SFFL']	[-1.501]	WA318A	WA318A	[6.8e-15]	[5.4e-16]	1A4Y_A_WA318A		1A4Y_A_B,1Z7X_W_X	1	1
904	1A4Y	1A4Y_A	P13489	SUP	['SFFL']	[-0.042]	SA289A	SA289A	[5.8e-16]	[5.4e-16]	1A4Y_A_SA289A		1A4Y_A_B,1Z7X_W_X	1	1
905	1A4Y	1A4Y_A	P13489	COR	['SFFL']	[-0.245]	YA437F	YA437F	[5.9e-16]	[3.9e-16]	1A4Y_A_YA437F		1A4Y_A_B,1Z7X_W_X	1	1
906	1A4Y	1A4Y_A	P13489	COR	['SFFL']	[-0.558]	YA434F	YA434F	[1e-15]	[3.9e-16]	1A4Y_A_YA434F		1A4Y_A_B,1Z7X_W_X	1	1
907	1A4Y	1A4Y_B	P03950	COR	['SFFL']	[-0.657]	HB114A	HB114A	[1e-15]	[3.3e-16]	1A4Y_B_HB114A		1A4Y_A_B,1Z7X_W_X	1	1
908	1A4Y	1A4Y_B	P03950	SUP	['SFFL']	[0.297]	HB13A	HB13A	[2e-16]	[3.3e-16]	1A4Y_B_HB13A		1A4Y_A_B,1Z7X_W_X	1	1
909	1A4Y	1A4Y_B	P03950	SUP	['SFFL']	[-4.252]	KB40Q	KB40Q	[9.3e-13]	[7.1e-16]	1A4Y_B_KB40Q		1A4Y_A_B,1Z7X_W_X	1	1
910	1A4Y	1A4Y_B	P03950	SUR	['IASP']	[-0.327]	RB33A	RB33A	[6.6e-16]	[3.8e-16]	1A4Y_B_RB33A		1A4Y_A_B,1Z7X_W_X	1	1
911	1A4Y	1A4Y_B	P03950	COR	['IASP']	[-0.251]	RB31A	RB31A	[5.8e-16]	[3.8e-16]	1A4Y_B_RB31A		1A4Y_A_B,1Z7X_W_X	1	1
912	1XD3	1XD3_B	P0CG48	RIM	['IARA']	[-1.344]	KB6A	KB6A	[2.9e-06]	[3e-07]	1XD3_B_KB6A		1XD3_A_B,2OOB_A_B,3M63_A_B	1	6
913	4CPA	4CPA_I	P01075	COR	['IASP']	[0.0]	VI38F	VI37F	[1.5e-09]	[1.5e-09]	4CPA_I_VI38F		4CPA_A_I,2ABZ_B_E	1	9
914	4CPA	4CPA_I	P01075	COR	['IASP']	[-0.199]	VI38I	VI37I	[2.1e-09]	[1.5e-09]	4CPA_I_VI38I		4CPA_A_I,2ABZ_B_E	1	9
915	4CPA	4CPA_I	P01075	COR	['IASP']	[-1.279]	VI38L	VI37L	[1.3e-08]	[1.5e-09]	4CPA_I_VI38L		4CPA_A_I,2ABZ_B_E	1	9
916	4CPA	4CPA_I	P01075	COR	['IASP']	[-2.326]	VI38A	VI37A	[7.6e-08]	[1.5e-09]	4CPA_I_VI38A		4CPA_A_I,2ABZ_B_E	1	9
917	4CPA	4CPA_I	P01075	COR	['IASP']	[-3.735]	VI38G	VI37G	[8.2e-07]	[1.5e-09]	4CPA_I_VI38G		4CPA_A_I,2ABZ_B_E	1	9
918	4CPA	4CPA_I	P01075	COR	['IASP']	[0.0]	YI37F	YI36F	[1.5e-09]	[1.5e-09]	4CPA_I_YI37F		4CPA_A_I,2ABZ_B_E	1	9
919	4CPA	4CPA_I	P01075	COR	['IASP']	[-0.502]	YI37G	YI36G	[3.5e-09]	[1.5e-09]	4CPA_I_YI37G		4CPA_A_I,2ABZ_B_E	1	9
920	4CPA	4CPA_I	P01075	SUP	['IASP']	[-2.596]	PI36G	PI35G	[1.2e-07]	[1.5e-09]	4CPA_I_PI36G		4CPA_A_I,2ABZ_B_E	1	9
921	2J0T	2J0T_D	P01033	COR	['IAFL']	[-2.978]	SD68Y	SD68Y	[6.1e-08]	[4e-10]	2J0T_D_SD68Y		2J0T_A_D	1	6
922	2J0T	2J0T_D	P01033	COR	['IAFL']	[-2.836]	SD68R	SD68R	[4.8e-08]	[4e-10]	2J0T_D_SD68R		2J0T_A_D	1	6
923	1A22	1A22_A	P01241	SUP	['SPR']	[-0.348]	YA164A	YA153A	[1.62e-09]	[9e-10]	1A22_A_YA164A		1A22_A_B,1BP3_A_B	1	1
924	1A22	1A22_A	P01241	SUP	['SPR']	[-1.209]	PA61A	PA61A	[6.93e-09]	[9e-10]	1A22_A_PA61A		1A22_A_B,1BP3_A_B	1	1
925	1A22	1A22_A	P01241	SUP	['SPR']	[-0.348]	SA51A	SA51A	[1.62e-09]	[9e-10]	1A22_A_SA51A		1A22_A_B,1BP3_A_B	1	1
926	1A22	1A22_A	P01241	COR	['SPR']	[-0.411]	PA48A	PA48A	[1.8e-09]	[9e-10]	1A22_A_PA48A		1A22_A_B,1BP3_A_B	1	1
927	1A22	1A22_A	P01241	RIM	['SPR']	[-0.108]	QA46A	QA46A	[1.08e-09]	[9e-10]	1A22_A_QA46A		1A22_A_B,1BP3_A_B	1	1
928	1A22	1A22_A	P01241	COR	['SPR']	[-1.225]	LA45A	LA45A	[7.11e-09]	[9e-10]	1A22_A_LA45A		1A22_A_B,1BP3_A_B	1	1
929	1A22	1A22_A	P01241	COR	['SPR']	[-0.199]	YA42A	YA42A	[1.26e-09]	[9e-10]	1A22_A_YA42A		1A22_A_B,1BP3_A_B	1	1
930	1A22	1A22_A	P01241	SUR	['SPR']	[0.589]	QA29A	QA29A	[3.33e-10]	[9e-10]	1A22_A_QA29A		1A22_A_B,1BP3_A_B	1	1
931	1A22	1A22_A	P01241	SUR	['SPR']	[0.211]	DA26A	DA26A	[6.3e-10]	[9e-10]	1A22_A_DA26A		1A22_A_B,1BP3_A_B	1	1
932	1A22	1A22_A	P01241	RIM	['SPR']	[0.22]	QA22A	QA22A	[6.21e-10]	[9e-10]	1A22_A_QA22A		1A22_A_B,1BP3_A_B	1	1
933	1A22	1A22_A	P01241	SUP	['SPR']	[-0.155]	HA21A	HA21A	[1.17e-09]	[9e-10]	1A22_A_HA21A		1A22_A_B,1BP3_A_B	1	1
934	1Z7X	1Z7X_W	P13489	COR	['SFFL']	[-2.166]	YW437F	YW437F	[1.2e-12]	[3.1e-14]	1Z7X_W_YW437F		1Z7X_W_X,1A4Y_A_B	1	6
935	1Z7X	1Z7X_W	P13489	COR	['SFFL']	[-0.121]	YW434F	YW434F	[3.8e-14]	[3.1e-14]	1Z7X_W_YW434F		1Z7X_W_X,1A4Y_A_B	1	6
936	1A4Y	1A4Y_B	P03950	SUP	['SFFL']	[-3.237]	KB40G	KB40G	[9.2e-14]	[3.9e-16]	1A4Y_B_KB40G		1A4Y_A_B,1Z7X_W_X	1	1
937	1A22	1A22_A	P01241	COR	['SPR']	[-2.426]	RA178A	RA167A	[5.4e-08]	[9e-10]	1A22_A_RA178A		1A22_A_B,1BP3_A_B	1	1
938	1A22	1A22_A	P01241	COR	['SPR']	[-1.907]	TA175A	TA164A	[2.25e-08]	[9e-10]	1A22_A_TA175A		1A22_A_B,1BP3_A_B	1	1
939	2BTF	2BTF_P	P02584	SUP	['FL']	[-1.721]	GP120F	GP120F	[4.2e-05]	[2.3e-06]	2BTF_P_GP120F		2BTF_A_P	1	6
940	2BTF	2BTF_P	P02584	RIM	['FL']	[-0.979]	VP60E	VP60E	[1.2e-05]	[2.3e-06]	2BTF_P_VP60E		2BTF_A_P	1	6
941	2BTF	2BTF_P	P02584	COR	['FL']	[-1.596]	FP59A	FP59A	[3.4e-05]	[2.3e-06]	2BTF_P_FP59A		2BTF_A_P	1	6
942	2C0L	2C0L_A	P50542	INT	['ITC']	[-0.274]	SA589Y	SA242Y	[1.73e-07]	[1.09e-07]	2C0L_A_SA589Y		2C0L_A_B,3R9A_AC_B	1	6
943	2C0L	2C0L_A	P50542	INT	['ITC']	[-1.487]	QA586R	QA239R	[1.34e-06]	[1.09e-07]	2C0L_A_QA586R		2C0L_A_B,3R9A_AC_B	1	6
944	2C0L	2C0L_A	P50542	INT	['ITC']	[-0.688]	NA382A	NA48A	[3.48e-07]	[1.09e-07]	2C0L_A_NA382A		2C0L_A_B,3R9A_AC_B	1	6
945	2J0T	2J0T_D	P01033	SUP	['IAFL']	[-4.309]	CD70S	CD70S	[2.16e-06]	[1.5e-09]	2J0T_D_CD70S		2J0T_A_D	1	6
946	2J0T	2J0T_D	P01033	COR	['IAFL']	[-1.288]	VD69T	VD69T	[1.32e-08]	[1.5e-09]	2J0T_D_VD69T		2J0T_A_D	1	6
947	2J0T	2J0T_D	P01033	COR	['IAFL']	[-0.791]	VD69I	VD69I	[5.7e-09]	[1.5e-09]	2J0T_D_VD69I		2J0T_A_D	1	6
948	2J0T	2J0T_D	P01033	RIM	['IAFL']	[-1.643]	MD66A	MD66A	[2.4e-08]	[1.5e-09]	2J0T_D_MD66A		2J0T_A_D	1	6
949	2J0T	2J0T_D	P01033	COR	['IAFL']	[-4.289]	TD2A	TD2A	[2.09e-06]	[1.5e-09]	2J0T_D_TD2A		2J0T_A_D	1	6
950	2J0T	2J0T_D	P01033	COR	['IAFL']	[-1.594]	TD2S	TD2S	[5.9e-09]	[4e-10]	2J0T_D_TD2S		2J0T_A_D	1	6
951	2J0T	2J0T_D	P01033	COR	['IAFL']	[-5.046]	TD2R	TD2R	[2e-06]	[4e-10]	2J0T_D_TD2R		2J0T_A_D	1	6
952	2J0T	2J0T_D	P01033	COR	['IAFL']	[-2.682]	TD2L	TD2L	[3.7e-08]	[4e-10]	2J0T_D_TD2L		2J0T_A_D	1	6
953	2J0T	2J0T_D	P01033	COR	['IAFL']	[-2.185]	SD68E	SD68E	[1.6e-08]	[4e-10]	2J0T_D_SD68E		2J0T_A_D	1	6
954	2J0T	2J0T_D	P01033	COR	['IAFL']	[-2.106]	SD68A	SD68A	[1.4e-08]	[4e-10]	2J0T_D_SD68A		2J0T_A_D	1	6
955	2J0T	2J0T_D	P01033	RIM	['IAFL']	[-0.982]	VD4S	VD4S	[2.1e-09]	[4e-10]	2J0T_D_VD4S		2J0T_A_D	1	6
956	2J0T	2J0T_D	P01033	RIM	['IAFL']	[-1.825]	VD4K	VD4K	[8.7e-09]	[4e-10]	2J0T_D_VD4K		2J0T_A_D	1	6
957	2J0T	2J0T_D	P01033	RIM	['IAFL']	[-1.643]	VD4I	VD4I	[6.4e-09]	[4e-10]	2J0T_D_VD4I		2J0T_A_D	1	6
958	2J0T	2J0T_D	P01033	RIM	['IAFL']	[0.0]	VD4A	VD4A	[4e-10]	[4e-10]	2J0T_D_VD4A		2J0T_A_D	1	6
959	2O3B	2O3B_B	A0ACD6B9A1	COR	['IAGE']	[-4.074]	WB76A	WB76A	[3.1e-09]	[3.2e-12]	2O3B_B_WB76A		2O3B_A_B	1	6
960	2O3B	2O3B_B	A0ACD6B9A1	RIM	['IAGE']	[-5.903]	DB75N	DB75N	[6.8e-08]	[3.2e-12]	2O3B_B_DB75N		2O3B_A_B	1	6
961	2O3B	2O3B_B	A0ACD6B9A1	RIM	['IAGE']	[-5.438]	DB75E	DB75E	[3.1e-08]	[3.2e-12]	2O3B_B_DB75E		2O3B_A_B	1	6
962	2O3B	2O3B_B	A0ACD6B9A1	RIM	['IAGE']	[-3.233]	QB74A	QB74A	[7.5e-10]	[3.2e-12]	2O3B_B_QB74A		2O3B_A_B	1	6
963	2O3B	2O3B_B	A0ACD6B9A1	COR	['IAGE']	[-5.398]	EB24Q	EB24Q	[2.9e-08]	[3.2e-12]	2O3B_B_EB24Q		2O3B_A_B	1	6
964	2O3B	2O3B_B	A0ACD6B9A1	COR	['IAGE']	[-0.599]	EB24D	EB24D	[8.8e-12]	[3.2e-12]	2O3B_B_EB24D		2O3B_A_B	1	6
965	2O3B	2O3B_B	A0ACD6B9A1	COR	['IAGE']	[-5.475]	EB24A	EB24A	[3.3e-08]	[3.2e-12]	2O3B_B_EB24A		2O3B_A_B	1	6
966	2OOB	2OOB_A	Q13191	RIM	['FL']	[-0.235]	GA941S	GA13S	[7.9e-05]	[5.31e-05]	2OOB_A_GA941S		2OOB_A_B,1S1Q_A_B,1XD3_A_B,3M63_A_B	1	6
967	2OOB	2OOB_A	Q13191	COR	['FL']	[-3.103]	AA937E	AA9E	[0.01]	[5.31e-05]	2OOB_A_AA937E		2OOB_A_B,1S1Q_A_B,1XD3_A_B,3M63_A_B	2	6
968	2OOB	2OOB_A	Q13191	INT	['FL']	[0.178]	KA935E	KA7E	[3.93e-05]	[5.31e-05]	2OOB_A_KA935E		2OOB_A_B,1S1Q_A_B,1XD3_A_B,3M63_A_B	1	6
969	2JEL	2JEL_P	P0AA04	SUR	['CSPRIA']	[0.0]	EP85K	EP85K	[3e-09]	[3e-09]	2JEL_P_EP85K	AB/AG	AB/AG	1	6
970	2JEL	2JEL_P	P0AA04	SUR	['CSPRIA']	[0.0]	EP85A	EP85A	[3e-09]	[3e-09]	2JEL_P_EP85A	AB/AG	AB/AG	1	6
971	2JEL	2JEL_P	P0AA04	SUR	['CSPRIA']	[0.0]	EP85D	EP85D	[3e-09]	[3e-09]	2JEL_P_EP85D	AB/AG	AB/AG	1	6
972	2JEL	2JEL_P	P0AA04	SUR	['CSPRIA']	[0.0]	EP85Q	EP85Q	[3e-09]	[3e-09]	2JEL_P_EP85Q	AB/AG	AB/AG	1	6
973	2JEL	2JEL_P	P0AA04	SUR	['CSPRIA']	[0.0]	EP83A	EP83A	[3e-09]	[3e-09]	2JEL_P_EP83A	AB/AG	AB/AG	1	6
974	2JEL	2JEL_P	P0AA04	SUR	['CSPRIA']	[0.0]	AP82S	AP82S	[3e-09]	[3e-09]	2JEL_P_AP82S	AB/AG	AB/AG	1	6
975	2JEL	2JEL_P	P0AA04	RIM	['CSPRIA']	[-0.411]	KP79E	KP79E	[6e-09]	[3e-09]	2JEL_P_KP79E	AB/AG	AB/AG	1	6
976	2JEL	2JEL_P	P0AA04	RIM	['CSPRIA']	[0.411]	HP76A	HP76A	[1.5e-09]	[3e-09]	2JEL_P_HP76A	AB/AG	AB/AG	1	6
977	2JEL	2JEL_P	P0AA04	RIM	['CSPRIA']	[0.651]	HP76D	HP76D	[1e-09]	[3e-09]	2JEL_P_HP76D	AB/AG	AB/AG	1	6
978	2JEL	2JEL_P	P0AA04	COR	['CSPRIA']	[-2.728]	EP75R	EP75R	[3e-07]	[3e-09]	2JEL_P_EP75R	AB/AG	AB/AG	1	6
979	2JEL	2JEL_P	P0AA04	RIM	['CSPRIA']	[-0.411]	KP72E	KP72E	[6e-09]	[3e-09]	2JEL_P_KP72E	AB/AG	AB/AG	1	6
980	2JEL	2JEL_P	P0AA04	RIM	['CSPRIA']	[0.0]	KP72R	KP72R	[3e-09]	[3e-09]	2JEL_P_KP72R	AB/AG	AB/AG	1	6
981	2JEL	2JEL_P	P0AA04	COR	['CSPRIA']	[-2.728]	QP71E	QP71E	[3e-07]	[3e-09]	2JEL_P_QP71E	AB/AG	AB/AG	1	6
982	2JEL	2JEL_P	P0AA04	SUP	['CSPRIA']	[-2.728]	EP70A	EP70A	[3e-07]	[3e-09]	2JEL_P_EP70A	AB/AG	AB/AG	1	6
983	2JEL	2JEL_P	P0AA04	SUP	['CSPRIA']	[-4.093]	EP70K	EP70K	[3e-06]	[3e-09]	2JEL_P_EP70K	AB/AG	AB/AG	1	6
984	2JEL	2JEL_P	P0AA04	INT	['CSPRIA']	[-0.954]	DP69E	DP69E	[1.5e-08]	[3e-09]	2JEL_P_DP69E	AB/AG	AB/AG	1	6
985	1A22	1A22_B	P10912	SUR	['IARA']	[-0.24]	KB403A	KB158A	[6e-10]	[4e-10]	1A22_B_KB403A		1A22_A_B,1BP3_A_B	1	1
986	1A22	1A22_B	P10912	INT	['IARA']	[-0.199]	EB380A	EB135A	[5.6e-10]	[4e-10]	1A22_B_EB380A		1A22_A_B,1BP3_A_B	1	1
987	1A22	1A22_B	P10912	INT	['IARA']	[0.0]	KB379A	KB134A	[4e-10]	[4e-10]	1A22_B_KB379A		1A22_A_B,1BP3_A_B	1	1
988	1A22	1A22_B	P10912	INT	['IARA']	[0.079]	EB375A	EB130A	[3.5e-10]	[4e-10]	1A22_B_EB375A		1A22_A_B,1BP3_A_B	1	1
989	1A22	1A22_B	P10912	INT	['IARA']	[-0.083]	EB373A	EB128A	[4.6e-10]	[4e-10]	1A22_B_EB373A		1A22_A_B,1BP3_A_B	1	1
990	1A22	1A22_B	P10912	SUR	['IARA']	[-1.086]	DB332A	DB91A	[2.5e-09]	[4e-10]	1A22_B_DB332A		1A22_A_B,1BP3_A_B	1	1
991	1A22	1A22_B	P10912	INT	['IARA']	[-0.043]	KB310A	KB69A	[4.3e-10]	[4e-10]	1A22_B_KB310A		1A22_A_B,1BP3_A_B	1	1
992	1A22	1A22_B	P10912	SUR	['IARA']	[-0.178]	EB291A	EB50A	[5.4e-10]	[4e-10]	1A22_B_EB291A		1A22_A_B,1BP3_A_B	1	1
993	1A22	1A22_B	P10912	SUR	['IARA']	[-0.783]	EB282A	EB41A	[1.5e-09]	[4e-10]	1A22_B_EB282A		1A22_A_B,1BP3_A_B	1	1
994	1A22	1A22_B	P10912	SUR	['IARA']	[-0.144]	KB281A	KB40A	[5.1e-10]	[4e-10]	1A22_B_KB281A		1A22_A_B,1BP3_A_B	1	1
995	1A22	1A22_B	P10912	SUR	['IARA']	[0.079]	EB279A	EB38A	[3.5e-10]	[4e-10]	1A22_B_EB279A		1A22_A_B,1BP3_A_B	1	1
996	1A22	1A22_B	P10912	SUR	['IARA']	[-0.269]	RB239A	RB7A	[6.3e-10]	[4e-10]	1A22_B_RB239A		1A22_A_B,1BP3_A_B	1	1
997	1A22	1A22_B	P10912	SUP	['SPR']	[-1.0]	RB243M	RB11M	[1.84e-09]	[3.4e-10]	1A22_B_RB243M		1A22_A_B,1BP3_A_B	1	1
998	1A22	1A22_B	P10912	SUP	['SPR']	[-0.522]	RB243L	RB11L	[8.2e-10]	[3.4e-10]	1A22_B_RB243L		1A22_A_B,1BP3_A_B	1	1
999	1A22	1A22_B	P10912	COR	['SPR']	[-0.034]	SB419A	SB174A	[3.6e-10]	[3.4e-10]	1A22_B_SB419A		1A22_A_B,1BP3_A_B	1	1
1000	1A22	1A22_B	P10912	COR	['SPR']	[-4.732]	WB369A	WB124A	[1e-06]	[3.4e-10]	1A22_B_WB369A		1A22_A_B,1BP3_A_B	2	1
1001	1A22	1A22_B	P10912	SUR	['IARA']	[0.015]	FB300A	FB59A	[3.9e-10]	[4e-10]	1A22_B_FB300A		1A22_A_B,1BP3_A_B	1	1
1002	1A22	1A22_B	P10912	RIM	['IARA']	[0.507]	SB299A	SB58A	[1.7e-10]	[4e-10]	1A22_B_SB299A		1A22_A_B,1BP3_A_B	1	1
1003	1A22	1A22_B	P10912	SUR	['IARA']	[0.255]	NB297A	NB56A	[2.6e-10]	[4e-10]	1A22_B_NB297A		1A22_A_B,1BP3_A_B	1	1
1004	1A22	1A22_B	P10912	INT	['IARA']	[0.411]	QB278A	QB37A	[2e-10]	[4e-10]	1A22_B_QB278A		1A22_A_B,1BP3_A_B	1	1
1005	1A22	1A22_B	P10912	SUR	['IARA']	[-0.07]	TB251A	TB19A	[4.5e-10]	[4e-10]	1A22_B_TB251A		1A22_A_B,1BP3_A_B	1	1
1006	1A22	1A22_B	P10912	INT	['IARA']	[0.015]	SB247A	SB15A	[3.9e-10]	[4e-10]	1A22_B_SB247A		1A22_A_B,1BP3_A_B	1	1
1007	1A22	1A22_B	P10912	INT	['IARA']	[-0.26]	PB241A	PB9A	[6.2e-10]	[4e-10]	1A22_B_PB241A		1A22_A_B,1BP3_A_B	1	1
1008	1A22	1A22_B	P10912	SUR	['IARA']	[-0.199]	YB295A	YB54A	[5.6e-10]	[4e-10]	1A22_B_YB295A		1A22_A_B,1BP3_A_B	1	1
1009	1A22	1A22_B	P10912	COR	['IARA']	[-2.785]	WB304F	WB63F	[4.4e-08]	[4e-10]	1A22_B_WB304F		1A22_A_B,1BP3_A_B	1	1
1010	1A22	1A22_B	P10912	SUR	['IARA']	[-0.108]	EB424A	EB179A	[4.8e-10]	[4e-10]	1A22_B_EB424A		1A22_A_B,1BP3_A_B	1	1
1011	1A22	1A22_B	P10912	INT	['IARA']	[0.191]	RB413A	RB168A	[2.9e-10]	[4e-10]	1A22_B_RB413A		1A22_A_B,1BP3_A_B	1	1
1012	1A22	1A22_B	P10912	INT	['IARA']	[-0.056]	RB411A	RB166A	[4.4e-10]	[4e-10]	1A22_B_RB411A		1A22_A_B,1BP3_A_B	1	1
1013	1A22	1A22_B	P10912	INT	['IARA']	[0.062]	EB409A	EB164A	[3.6e-10]	[4e-10]	1A22_B_EB409A		1A22_A_B,1BP3_A_B	1	1
1014	1A22	1A22_B	P10912	SUR	['IARA']	[0.079]	EB407A	EB162A	[3.5e-10]	[4e-10]	1A22_B_EB407A		1A22_A_B,1BP3_A_B	1	1
1015	1A22	1A22_B	P10912	SUR	['IARA']	[-0.199]	KB406A	KB161A	[5.6e-10]	[4e-10]	1A22_B_KB406A		1A22_A_B,1BP3_A_B	1	1
1016	1A22	1A22_B	P10912	SUR	['IARA']	[0.046]	DB405A	DB160A	[3.7e-10]	[4e-10]	1A22_B_DB405A		1A22_A_B,1BP3_A_B	1	1
1017	1A22	1A22_A	P01241	SUR	['RA']	[-0.096]	NA12A	NA12A	[4e-10]	[3.4e-10]	1A22_A_NA12A		1A22_A_B,1BP3_A_B	2	1
1018	1A22	1A22_A	P01241	INT	['RA']	[-1.05]	FA10A	FA10A	[2e-09]	[3.4e-10]	1A22_A_FA10A		1A22_A_B,1BP3_A_B	2	1
1019	1A22	1A22_A	P01241	SUR	['RA']	[0.036]	LA9A	LA9A	[3.2e-10]	[3.4e-10]	1A22_A_LA9A		1A22_A_B,1BP3_A_B	2	1
1020	1A22	1A22_A	P01241	SUR	['RA']	[-0.204]	RA8A	RA8A	[4.8e-10]	[3.4e-10]	1A22_A_RA8A		1A22_A_B,1BP3_A_B	2	1
1021	1A22	1A22_A	P01241	SUR	['RA']	[-0.346]	SA7A	SA7A	[6.1e-10]	[3.4e-10]	1A22_A_SA7A		1A22_A_B,1BP3_A_B	2	1
1022	1A22	1A22_A	P01241	INT	['RA']	[-0.639]	LA6A	LA6A	[1e-09]	[3.4e-10]	1A22_A_LA6A		1A22_A_B,1BP3_A_B	2	1
1023	1A22	1A22_A	P01241	SUR	['RA']	[-0.436]	PA5A	PA5A	[7.1e-10]	[3.4e-10]	1A22_A_PA5A		1A22_A_B,1BP3_A_B	2	1
1024	1A22	1A22_A	P01241	SUR	['RA']	[-0.411]	IA4A	IA4A	[6.8e-10]	[3.4e-10]	1A22_A_IA4A		1A22_A_B,1BP3_A_B	2	1
1025	1A22	1A22_A	P01241	SUR	['RA']	[0.055]	TA3A	TA3A	[3.1e-10]	[3.4e-10]	1A22_A_TA3A		1A22_A_B,1BP3_A_B	2	1
1026	1A22	1A22_A	P01241	SUR	['RA']	[0.055]	PA2A	PA2A	[3.1e-10]	[3.4e-10]	1A22_A_PA2A		1A22_A_B,1BP3_A_B	2	1
1027	1A22	1A22_B	P10912	COR	['RA']	[0.0]	CB322A	CB81A	[1e-09]	[1e-09]	1A22_B_CB322A		1A22_A_B,1BP3_A_B	1	1
1028	1A22	1A22_B	P10912	SUP	['RA']	[0.0]	CB308A	CB67A	[1e-09]	[1e-09]	1A22_B_CB308A		1A22_A_B,1BP3_A_B	1	1
1029	1A22	1A22_B	P10912	INT	['IARA']	[0.03]	QB330A	QB89A	[3.8e-10]	[4e-10]	1A22_B_QB330A		1A22_A_B,1BP3_A_B	1	1
1030	1A22	1A22_B	P10912	INT	['IARA']	[0.046]	VB329A	VB88A	[3.7e-10]	[4e-10]	1A22_B_VB329A		1A22_A_B,1BP3_A_B	1	1
1031	1A22	1A22_B	P10912	INT	['IARA']	[-0.588]	IB328A	IB87A	[1.08e-09]	[4e-10]	1A22_B_IB328A		1A22_A_B,1BP3_A_B	1	1
1032	1A22	1A22_B	P10912	INT	['IARA']	[-1.142]	VB325A	VB84A	[2.75e-09]	[4e-10]	1A22_B_VB325A		1A22_A_B,1BP3_A_B	1	1
1033	1A22	1A22_A	P01241	INT	['RA']	[0.0]	VA180A	VA169A	[3.4e-10]	[3.4e-10]	1A22_A_VA180A		1A22_A_B,1BP3_A_B	2	1
1034	1A22	1A22_A	P01241	COR	['RA']	[-1.27]	RA178N	RA167N	[2.9e-09]	[3.4e-10]	1A22_A_RA178N		1A22_A_B,1BP3_A_B	2	1
1035	1A22	1A22_A	P01241	COR	['RA']	[-1.691]	TA175S	TA164S	[5.9e-09]	[3.4e-10]	1A22_A_TA175S		1A22_A_B,1BP3_A_B	2	1
1036	1A22	1A22_A	P01241	INT	['RA']	[0.206]	LA73A	LA73A	[2.4e-10]	[3.4e-10]	1A22_A_LA73A		1A22_A_B,1BP3_A_B	2	1
1037	1A22	1A22_A	P01241	SUR	['RA']	[-0.411]	SA71A	SA71A	[6.8e-10]	[3.4e-10]	1A22_A_SA71A		1A22_A_B,1BP3_A_B	2	1
1038	1A22	1A22_A	P01241	SUR	['RA']	[-0.522]	KA70A	KA70A	[8.2e-10]	[3.4e-10]	1A22_A_KA70A		1A22_A_B,1BP3_A_B	2	1
1039	1A22	1A22_A	P01241	SUR	['RA']	[0.055]	QA69A	QA69A	[3.1e-10]	[3.4e-10]	1A22_A_QA69A		1A22_A_B,1BP3_A_B	2	1
1040	1A22	1A22_A	P01241	SUR	['RA']	[-0.436]	EA66A	EA66A	[7.1e-10]	[3.4e-10]	1A22_A_EA66A		1A22_A_B,1BP3_A_B	2	1
1041	1A22	1A22_A	P01241	SUR	['RA']	[-0.384]	PA59A	PA59A	[6.5e-10]	[3.4e-10]	1A22_A_PA59A		1A22_A_B,1BP3_A_B	2	1
1042	1A22	1A22_A	P01241	INT	['RA']	[-1.66]	IA58A	IA58A	[5.6e-09]	[3.4e-10]	1A22_A_IA58A		1A22_A_B,1BP3_A_B	2	1
1043	1A22	1A22_A	P01241	SUR	['RA']	[-0.204]	SA57A	SA57A	[4.8e-10]	[3.4e-10]	1A22_A_SA57A		1A22_A_B,1BP3_A_B	2	1
1044	1A22	1A22_A	P01241	INT	['RA']	[-0.111]	SA55A	SA55A	[4.1e-10]	[3.4e-10]	1A22_A_SA55A		1A22_A_B,1BP3_A_B	2	1
1045	1A22	1A22_A	P01241	INT	['RA']	[-0.879]	FA54A	FA54A	[1.5e-09]	[3.4e-10]	1A22_A_FA54A		1A22_A_B,1BP3_A_B	2	1
1046	1A22	1A22_A	P01241	SUR	['RA']	[-0.05]	RA19A	RA19A	[3.7e-10]	[3.4e-10]	1A22_A_RA19A		1A22_A_B,1BP3_A_B	2	1
1047	1A22	1A22_A	P01241	INT	['RA']	[-0.24]	RA16A	RA16A	[5.1e-10]	[3.4e-10]	1A22_A_RA16A		1A22_A_B,1BP3_A_B	2	1
1048	1A22	1A22_A	P01241	SUR	['RA']	[-0.153]	LA15A	LA15A	[4.4e-10]	[3.4e-10]	1A22_A_LA15A		1A22_A_B,1BP3_A_B	2	1
1049	1BP3	1BP3_A	P01241	SUR	['RA']	[0.0]	RA19A	RA19A	[3.3e-11]	[3.3e-11]	1BP3_A_RA19A		1BP3_A_B,3MZG_A_B,3N06_A_B,3N0P_A_B,3NCB_A_B,3NCC_A_B,1A22_A_B	2	1
1050	1BP3	1BP3_A	P01241	SUR	['RA']	[0.0]	RA16A	RA16A	[3.3e-11]	[3.3e-11]	1BP3_A_RA16A		1BP3_A_B,3MZG_A_B,3N06_A_B,3N0P_A_B,3NCB_A_B,3NCC_A_B,1A22_A_B	2	1
1051	1BP3	1BP3_A	P01241	SUR	['RA']	[0.0]	LA15A	LA15A	[3.3e-11]	[3.3e-11]	1BP3_A_LA15A		1BP3_A_B,3MZG_A_B,3N06_A_B,3N0P_A_B,3NCB_A_B,3NCC_A_B,1A22_A_B	2	1
1052	1BP3	1BP3_A	P01241	SUR	['RA']	[0.297]	NA12A	NA12A	[2e-11]	[3.3e-11]	1BP3_A_NA12A		1BP3_A_B,3MZG_A_B,3N06_A_B,3N0P_A_B,3NCB_A_B,3NCC_A_B,1A22_A_B	2	1
1053	1BP3	1BP3_A	P01241	INT	['RA']	[0.0]	FA10A	FA10A	[3.3e-11]	[3.3e-11]	1BP3_A_FA10A		1BP3_A_B,3MZG_A_B,3N06_A_B,3N0P_A_B,3NCB_A_B,3NCC_A_B,1A22_A_B	2	1
1054	1A22	1A22_A	P01241	COR	['RA']	[-0.954]	RA178K	RA167K	[1.7e-09]	[3.4e-10]	1A22_A_RA178K		1A22_A_B,1BP3_A_B	2	1
1055	1A22	1A22_A	P01241	SUP	['RA']	[-1.27]	FA176Y	FA165Y	[2.9e-09]	[3.4e-10]	1A22_A_FA176Y		1A22_A_B,1BP3_A_B	2	1
1056	1A22	1A22_A	P01241	COR	['RA']	[0.314]	RA64K	RA64K	[2e-10]	[3.4e-10]	1A22_A_RA64K		1A22_A_B,1BP3_A_B	2	1
1057	1A22	1A22_A	P01241	INT	['RA']	[-0.316]	IA58L	IA58L	[5.8e-10]	[3.4e-10]	1A22_A_IA58L		1A22_A_B,1BP3_A_B	2	1
1058	1A22	1A22_A	P01241	RIM	['RA']	[-0.192]	FA191A	FA180A	[4.7e-10]	[3.4e-10]	1A22_A_FA191A		1A22_A_B,1BP3_A_B	2	1
1059	1A22	1A22_A	P01241	SUR	['RA']	[0.206]	SA188A	SA177A	[2.4e-10]	[3.4e-10]	1A22_A_SA188A		1A22_A_B,1BP3_A_B	2	1
1060	1A22	1A22_A	P01241	SUR	['RA']	[-0.346]	GA187A	GA176A	[6.1e-10]	[3.4e-10]	1A22_A_GA187A		1A22_A_B,1BP3_A_B	2	1
1061	1A22	1A22_A	P01241	INT	['RA']	[-0.879]	VA185A	VA174A	[1.5e-09]	[3.4e-10]	1A22_A_VA185A		1A22_A_B,1BP3_A_B	2	1
1062	1A22	1A22_A	P01241	SUR	['RA']	[0.055]	SA184A	SA173A	[3.1e-10]	[3.4e-10]	1A22_A_SA184A		1A22_A_B,1BP3_A_B	2	1
1063	1A22	1A22_A	P01241	COR	['RA']	[-1.019]	CA182A	CA171A	[1.9e-09]	[3.4e-10]	1A22_A_CA182A		1A22_A_B,1BP3_A_B	2	1
1064	1A22	1A22_A	P01241	INT	['RA']	[-0.274]	QA181A	QA170A	[5.4e-10]	[3.4e-10]	1A22_A_QA181A		1A22_A_B,1BP3_A_B	2	1
1065	1BP3	1BP3_A	P01241	SUR	['RA']	[-0.614]	SA71A	SA71A	[9.3e-11]	[3.3e-11]	1BP3_A_SA71A		1BP3_A_B,3MZG_A_B,3N06_A_B,3N0P_A_B,3NCB_A_B,3NCC_A_B,1A22_A_B	2	1
1066	1BP3	1BP3_A	P01241	INT	['RA']	[-0.246]	KA70A	KA70A	[5e-11]	[3.3e-11]	1BP3_A_KA70A		1BP3_A_B,3MZG_A_B,3N06_A_B,3N0P_A_B,3NCB_A_B,3NCC_A_B,1A22_A_B	2	1
1067	1BP3	1BP3_A	P01241	SUR	['RA']	[0.214]	QA69A	QA69A	[2.3e-11]	[3.3e-11]	1BP3_A_QA69A		1BP3_A_B,3MZG_A_B,3N06_A_B,3N0P_A_B,3NCB_A_B,3NCC_A_B,1A22_A_B	2	1
1068	1BP3	1BP3_A	P01241	RIM	['RA']	[-0.114]	QA68A	QA68A	[4e-11]	[3.3e-11]	1BP3_A_QA68A		1BP3_A_B,3MZG_A_B,3N06_A_B,3N0P_A_B,3NCB_A_B,3NCC_A_B,1A22_A_B	2	1
1069	1BP3	1BP3_A	P01241	SUR	['RA']	[-0.068]	EA66A	EA66A	[3.7e-11]	[3.3e-11]	1BP3_A_EA66A		1BP3_A_B,3MZG_A_B,3N06_A_B,3N0P_A_B,3NCB_A_B,3NCC_A_B,1A22_A_B	2	1
1070	1BP3	1BP3_A	P01241	RIM	['RA']	[-0.546]	EA65A	EA65A	[8.3e-11]	[3.3e-11]	1BP3_A_EA65A		1BP3_A_B,3MZG_A_B,3N06_A_B,3N0P_A_B,3NCB_A_B,3NCC_A_B,1A22_A_B	2	1
1071	1BP3	1BP3_A	P01241	RIM	['RA']	[-0.354]	RA64A	RA64A	[6e-11]	[3.3e-11]	1BP3_A_RA64A		1BP3_A_B,3MZG_A_B,3N06_A_B,3N0P_A_B,3NCB_A_B,3NCC_A_B,1A22_A_B	2	1
1072	1BP3	1BP3_A	P01241	COR	['RA']	[-0.856]	NA63A	NA63A	[1.4e-10]	[3.3e-11]	1BP3_A_NA63A		1BP3_A_B,3MZG_A_B,3N06_A_B,3N0P_A_B,3NCB_A_B,3NCC_A_B,1A22_A_B	2	1
1073	1BP3	1BP3_A	P01241	RIM	['RA']	[-1.416]	SA62A	SA62A	[3.6e-10]	[3.3e-11]	1BP3_A_SA62A		1BP3_A_B,3MZG_A_B,3N06_A_B,3N0P_A_B,3NCB_A_B,3NCC_A_B,1A22_A_B	2	1
1074	1BP3	1BP3_A	P01241	SUR	['RA']	[-0.157]	PA59A	PA59A	[4.3e-11]	[3.3e-11]	1BP3_A_PA59A		1BP3_A_B,3MZG_A_B,3N06_A_B,3N0P_A_B,3NCB_A_B,3NCC_A_B,1A22_A_B	2	1
1075	1BP3	1BP3_A	P01241	SUR	['RA']	[-0.035]	SA57A	SA57A	[3.5e-11]	[3.3e-11]	1BP3_A_SA57A		1BP3_A_B,3MZG_A_B,3N06_A_B,3N0P_A_B,3NCB_A_B,3NCC_A_B,1A22_A_B	2	1
1076	1BP3	1BP3_A	P01241	SUR	['RA']	[0.119]	EA56A	EA56A	[2.7e-11]	[3.3e-11]	1BP3_A_EA56A		1BP3_A_B,3MZG_A_B,3N06_A_B,3N0P_A_B,3NCB_A_B,3NCC_A_B,1A22_A_B	2	1
1077	1BP3	1BP3_A	P01241	INT	['RA']	[-0.246]	SA55A	SA55A	[5e-11]	[3.3e-11]	1BP3_A_SA55A		1BP3_A_B,3MZG_A_B,3N06_A_B,3N0P_A_B,3NCB_A_B,3NCC_A_B,1A22_A_B	2	1
1078	1BP3	1BP3_A	P01241	INT	['RA']	[-0.21]	FA54A	FA54A	[4.7e-11]	[3.3e-11]	1BP3_A_FA54A		1BP3_A_B,3MZG_A_B,3N06_A_B,3N0P_A_B,3NCB_A_B,3NCC_A_B,1A22_A_B	2	1
1079	1BP3	1BP3_A	P01241	SUR	['RA']	[-0.383]	DA26E	DA26E	[6.3e-11]	[3.3e-11]	1BP3_A_DA26E		1BP3_A_B,3MZG_A_B,3N06_A_B,3N0P_A_B,3NCB_A_B,3NCC_A_B,1A22_A_B	2	1
1080	1BP3	1BP3_A	P01241	COR	['RA']	[-1.15]	FA25A	FA25A	[2.3e-10]	[3.3e-11]	1BP3_A_FA25A		1BP3_A_B,3MZG_A_B,3N06_A_B,3N0P_A_B,3NCB_A_B,3NCC_A_B,1A22_A_B	2	1
1081	2JEL	2JEL_P	P0AA04	COR	['CSPRIA']	[-6.821]	TP34N	TP34N	[0.0003]	[3e-09]	2JEL_P_TP34N	AB/AG	AB/AG	2	6
1082	2JEL	2JEL_P	P0AA04	SUR	['CSPRIA']	[0.0]	KP27E	KP27E	[3e-09]	[3e-09]	2JEL_P_KP27E	AB/AG	AB/AG	1	6
1083	2JEL	2JEL_P	P0AA04	SUR	['CSPRIA']	[0.0]	KP24E	KP24E	[3e-09]	[3e-09]	2JEL_P_KP24E	AB/AG	AB/AG	1	6
1084	2JEL	2JEL_P	P0AA04	SUR	['CSPRIA']	[0.0]	RP17K	RP17K	[3e-09]	[3e-09]	2JEL_P_RP17K	AB/AG	AB/AG	1	6
1085	1BP3	1BP3_A	P01241	RIM	['RA']	[-0.567]	RA183A	RA179A	[8.6e-11]	[3.3e-11]	1BP3_A_RA183A		1BP3_A_B,3MZG_A_B,3N06_A_B,3N0P_A_B,3NCB_A_B,3NCC_A_B,1A22_A_B	2	1
1086	1BP3	1BP3_A	P01241	INT	['RA']	[0.0]	QA181A	QA177A	[3.3e-11]	[3.3e-11]	1BP3_A_QA181A		1BP3_A_B,3MZG_A_B,3N06_A_B,3N0P_A_B,3NCB_A_B,3NCC_A_B,1A22_A_B	2	1
1087	1BP3	1BP3_A	P01241	INT	['RA']	[0.297]	VA180A	VA176A	[2e-11]	[3.3e-11]	1BP3_A_VA180A		1BP3_A_B,3MZG_A_B,3N06_A_B,3N0P_A_B,3NCB_A_B,3NCC_A_B,1A22_A_B	2	1
1088	1BP3	1BP3_A	P01241	SUP	['RA']	[0.164]	IA179M	IA175M	[2.5e-11]	[3.3e-11]	1BP3_A_IA179M		1BP3_A_B,3MZG_A_B,3N06_A_B,3N0P_A_B,3NCB_A_B,3NCC_A_B,1A22_A_B	2	1
1089	1BP3	1BP3_A	P01241	SUP	['RA']	[-0.354]	IA179A	IA175A	[6e-11]	[3.3e-11]	1BP3_A_IA179A		1BP3_A_B,3MZG_A_B,3N06_A_B,3N0P_A_B,3NCB_A_B,3NCC_A_B,1A22_A_B	2	1
1090	1BP3	1BP3_A	P01241	COR	['RA']	[-1.15]	RA178A	RA174A	[2.3e-10]	[3.3e-11]	1BP3_A_RA178A		1BP3_A_B,3MZG_A_B,3N06_A_B,3N0P_A_B,3NCB_A_B,3NCC_A_B,1A22_A_B	2	1
1091	1BP3	1BP3_A	P01241	COR	['RA']	[-0.494]	TA175S	TA171S	[7.6e-11]	[3.3e-11]	1BP3_A_TA175S		1BP3_A_B,3MZG_A_B,3N06_A_B,3N0P_A_B,3NCB_A_B,3NCC_A_B,1A22_A_B	2	1
1092	1BP3	1BP3_A	P01241	COR	['RA']	[-0.068]	DA171A	DA167A	[3.7e-11]	[3.3e-11]	1BP3_A_DA171A		1BP3_A_B,3MZG_A_B,3N06_A_B,3N0P_A_B,3NCB_A_B,3NCC_A_B,1A22_A_B	2	1
1093	1BP3	1BP3_A	P01241	COR	['RA']	[-1.728]	KA168A	KA164A	[6.1e-10]	[3.3e-11]	1BP3_A_KA168A		1BP3_A_B,3MZG_A_B,3N06_A_B,3N0P_A_B,3NCB_A_B,3NCC_A_B,1A22_A_B	2	1
1094	1BP3	1BP3_A	P01241	SUP	['RA']	[-0.446]	YA164A	YA160A	[7e-11]	[3.3e-11]	1BP3_A_YA164A		1BP3_A_B,3MZG_A_B,3N06_A_B,3N0P_A_B,3NCB_A_B,3NCC_A_B,1A22_A_B	2	1
1095	1BP3	1BP3_A	P01241	INT	['RA']	[-0.21]	YA160A	YA156A	[4.7e-11]	[3.3e-11]	1BP3_A_YA160A		1BP3_A_B,3MZG_A_B,3N06_A_B,3N0P_A_B,3NCB_A_B,3NCC_A_B,1A22_A_B	2	1
1096	1BP3	1BP3_A	P01241	INT	['RA']	[-0.354]	LA73A	LA73A	[6e-11]	[3.3e-11]	1BP3_A_LA73A		1BP3_A_B,3MZG_A_B,3N06_A_B,3N0P_A_B,3NCB_A_B,3NCC_A_B,1A22_A_B	2	1
1097	1BP3	1BP3_A	P01241	SUR	['RA']	[0.0]	GA187A	GA183A	[3.3e-11]	[3.3e-11]	1BP3_A_GA187A		1BP3_A_B,3MZG_A_B,3N06_A_B,3N0P_A_B,3NCB_A_B,3NCC_A_B,1A22_A_B	2	1
1098	1BP3	1BP3_A	P01241	SUR	['RA']	[0.0]	EA186A	EA182A	[3.3e-11]	[3.3e-11]	1BP3_A_EA186A		1BP3_A_B,3MZG_A_B,3N06_A_B,3N0P_A_B,3NCB_A_B,3NCC_A_B,1A22_A_B	2	1
1099	1BP3	1BP3_A	P01241	INT	['RA']	[-0.281]	VA185A	VA181A	[5.3e-11]	[3.3e-11]	1BP3_A_VA185A		1BP3_A_B,3MZG_A_B,3N06_A_B,3N0P_A_B,3NCB_A_B,3NCC_A_B,1A22_A_B	2	1
1100	1BP3	1BP3_A	P01241	INT	['RA']	[0.119]	SA184A	SA180A	[2.7e-11]	[3.3e-11]	1BP3_A_SA184A		1BP3_A_B,3MZG_A_B,3N06_A_B,3N0P_A_B,3NCB_A_B,3NCC_A_B,1A22_A_B	2	1
1101	2JEL	2JEL_P	P0AA04	RIM	['CSPRIA']	[-0.411]	EP68A	EP68A	[6e-09]	[3e-09]	2JEL_P_EP68A	AB/AG	AB/AG	1	6
1102	2JEL	2JEL_P	P0AA04	COR	['CSPRIA']	[-4.093]	EP66K	EP66K	[3e-06]	[3e-09]	2JEL_P_EP66K	AB/AG	AB/AG	1	6
1103	2JEL	2JEL_P	P0AA04	SUP	['CSPRIA']	[-4.093]	SP64T	SP64T	[3e-06]	[3e-09]	2JEL_P_SP64T	AB/AG	AB/AG	1	6
1104	2JEL	2JEL_P	P0AA04	INT	['CSPRIA']	[0.0]	TP62A	TP62A	[3e-09]	[3e-09]	2JEL_P_TP62A	AB/AG	AB/AG	1	6
1105	2JEL	2JEL_P	P0AA04	INT	['CSPRIA']	[0.0]	TP62N	TP62N	[3e-09]	[3e-09]	2JEL_P_TP62N	AB/AG	AB/AG	1	6
1106	2JEL	2JEL_P	P0AA04	SUR	['CSPRIA']	[0.411]	QP57E	QP57E	[1.5e-09]	[3e-09]	2JEL_P_QP57E	AB/AG	AB/AG	1	6
1107	2JEL	2JEL_P	P0AA04	INT	['CSPRIA']	[0.0]	SP46C	SP46C	[3e-09]	[3e-09]	2JEL_P_SP46C	AB/AG	AB/AG	1	6
1108	2JEL	2JEL_P	P0AA04	SUR	['CSPRIA']	[0.0]	SP43C	SP43C	[3e-09]	[3e-09]	2JEL_P_SP43C	AB/AG	AB/AG	1	6
1109	2JEL	2JEL_P	P0AA04	RIM	['CSPRIA']	[-1.496]	SP41C	SP41C	[3.75e-08]	[3e-09]	2JEL_P_SP41C	AB/AG	AB/AG	1	6
1110	2JEL	2JEL_P	P0AA04	SUR	['CSPRIA']	[0.0]	NP38T	NP38T	[3e-09]	[3e-09]	2JEL_P_NP38T	AB/AG	AB/AG	1	6
1111	2JEL	2JEL_P	P0AA04	COR	['CSPRIA']	[-0.411]	TP36Q	TP36Q	[6e-09]	[3e-09]	2JEL_P_TP36Q	AB/AG	AB/AG	1	6
1112	2JEL	2JEL_P	P0AA04	COR	['CSPRIA']	[0.0]	TP34Q	TP34Q	[3e-09]	[3e-09]	2JEL_P_TP34Q	AB/AG	AB/AG	1	6
1113	1FCC	1FCC_C	P19909	COR	['FL']	[-1.256]	KC28A	KC28A	[2e-06]	[2.4e-07]	1FCC_C_KC28A		1FCC_A_C,1FC2_C_D	1	3
1114	1FCC	1FCC_C	P19909	COR	['FL']	[-4.938]	EC27A	EC27A	[0.001]	[2.4e-07]	1FCC_C_EC27A		1FCC_A_C,1FC2_C_D	2	3
1115	1FCC	1FCC_C	P19909	COR	['FL']	[-0.24]	TC25A	TC25A	[3.6e-07]	[2.4e-07]	1FCC_C_TC25A		1FCC_A_C,1FC2_C_D	1	3
1116	1F47	1F47_A	P0A9A6	RIM	['FL']	[-1.139]	DA7G	DA7G	[1.3e-06]	[1.9e-07]	1F47_A_DA7G		1F47_A_B	1	3
1117	1F47	1F47_A	P0A9A6	RIM	['FL']	[-2.065]	DA7S	DA7S	[6.2e-06]	[1.9e-07]	1F47_A_DA7S		1F47_A_B	1	3
1118	1F47	1F47_A	P0A9A6	RIM	['SPR']	[0.046]	QA15A	QA15A	[2e-05]	[2.16e-05]	1F47_A_QA15A		1F47_A_B	1	3
1119	1F47	1F47_A	P0A9A6	RIM	['SPR']	[0.043]	KA14A	KA14A	[2.01e-05]	[2.16e-05]	1F47_A_KA14A		1F47_A_B	1	3
1120	1F47	1F47_A	P0A9A6	COR	['SPR']	[-2.295]	LA12A	LA12A	[0.00104]	[2.16e-05]	1F47_A_LA12A		1F47_A_B	1	3
1121	1F47	1F47_A	P0A9A6	COR	['SPR']	[-2.445]	FA11A	FA11A	[0.00134]	[2.16e-05]	1F47_A_FA11A		1F47_A_B	1	3
1122	1F47	1F47_A	P0A9A6	RIM	['SPR']	[0.058]	PA9A	PA9A	[1.96e-05]	[2.16e-05]	1F47_A_PA9A		1F47_A_B	1	3
1123	1F47	1F47_A	P0A9A6	COR	['SPR']	[-2.516]	IA8A	IA8A	[0.00151]	[2.16e-05]	1F47_A_IA8A		1F47_A_B	1	3
1124	1F47	1F47_A	P0A9A6	RIM	['SPR']	[-1.734]	DA7A	DA7A	[0.000403]	[2.16e-05]	1F47_A_DA7A		1F47_A_B	1	3
1125	1F47	1F47_A	P0A9A6	COR	['SPR']	[-0.925]	LA6A	LA6A	[0.000103]	[2.16e-05]	1F47_A_LA6A		1F47_A_B	1	3
1126	1F47	1F47_A	P0A9A6	RIM	['SPR']	[-0.869]	YA5A	YA5A	[9.37e-05]	[2.16e-05]	1F47_A_YA5A		1F47_A_B	1	3
1127	1F47	1F47_A	P0A9A6	RIM	['SPR']	[-0.692]	DA4A	DA4A	[6.94e-05]	[2.16e-05]	1F47_A_DA4A		1F47_A_B	1	3
1128	1BP3	1BP3_A	P01241	RIM	['RA']	[0.297]	SA188A	SA184A	[2e-11]	[3.3e-11]	1BP3_A_SA188A		1BP3_A_B,3MZG_A_B,3N06_A_B,3N0P_A_B,3NCB_A_B,3NCC_A_B,1A22_A_B	2	1
1129	1GC1	1GC1_C	P01730	SUR	['RA']	[0.128]	KC21A	KC21A	[2.9e-09]	[3.6e-09]	1GC1_C_KC21A		1GC1_G_C,3IDX_HL_G,2NY7_HL_G	1	3
1130	1GC1	1GC1_C	P01730	SUR	['RA']	[0.017]	QC20A	QC20A	[3.5e-09]	[3.6e-09]	1GC1_C_QC20A		1GC1_G_C,3IDX_HL_G,2NY7_HL_G	1	3
1131	1GC1	1GC1_C	P01730	SUR	['RA']	[0.0]	SC19A	SC19A	[3.6e-09]	[3.6e-09]	1GC1_C_SC19A		1GC1_G_C,3IDX_HL_G,2NY7_HL_G	1	3
1132	1GC1	1GC1_C	P01730	SUR	['RA']	[0.128]	TC17A	TC17A	[2.9e-09]	[3.6e-09]	1GC1_C_TC17A		1GC1_G_C,3IDX_HL_G,2NY7_HL_G	1	3
1133	1GC1	1GC1_C	P01730	SUR	['RA']	[-0.322]	TC15A	TC15A	[6.2e-09]	[3.6e-09]	1GC1_C_TC15A		1GC1_G_C,3IDX_HL_G,2NY7_HL_G	1	3
1134	1GC1	1GC1_C	P01730	SUR	['RA']	[0.0]	TC11A	TC11A	[3.6e-09]	[3.6e-09]	1GC1_C_TC11A		1GC1_G_C,3IDX_HL_G,2NY7_HL_G	1	3
1135	1GC1	1GC1_C	P01730	SUR	['RA']	[0.0]	DC10A	DC10A	[3.6e-09]	[3.6e-09]	1GC1_C_DC10A		1GC1_G_C,3IDX_HL_G,2NY7_HL_G	1	3
1136	1GC1	1GC1_C	P01730	SUR	['RA']	[-0.105]	KC8A	KC8A	[4.3e-09]	[3.6e-09]	1GC1_C_KC8A		1GC1_G_C,3IDX_HL_G,2NY7_HL_G	1	3
1137	1GC1	1GC1_C	P01730	SUR	['RA']	[-0.998]	KC7A	KC7A	[1.94e-08]	[3.6e-09]	1GC1_C_KC7A		1GC1_G_C,3IDX_HL_G,2NY7_HL_G	1	3
1138	1GC1	1GC1_C	P01730	SUR	['RA']	[0.017]	KC2A	KC2A	[3.5e-09]	[3.6e-09]	1GC1_C_KC2A		1GC1_G_C,3IDX_HL_G,2NY7_HL_G	1	3
1139	1GC1	1GC1_C	P01730	SUR	['RA']	[-0.062]	KC1A	KC1A	[4e-09]	[3.6e-09]	1GC1_C_KC1A		1GC1_G_C,3IDX_HL_G,2NY7_HL_G	1	3
1140	1FCC	1FCC_C	P19909	COR	['FL']	[-3.773]	WC43A	WC43A	[0.00014]	[2.4e-07]	1FCC_C_WC43A		1FCC_A_C,1FC2_C_D	1	3
1141	1FCC	1FCC_C	P19909	RIM	['FL']	[-0.385]	EC42A	EC42A	[4.6e-07]	[2.4e-07]	1FCC_C_EC42A		1FCC_A_C,1FC2_C_D	1	3
1142	1FCC	1FCC_C	P19909	RIM	['FL']	[-0.272]	DC40A	DC40A	[3.8e-07]	[2.4e-07]	1FCC_C_DC40A		1FCC_A_C,1FC2_C_D	1	3
1143	1FCC	1FCC_C	P19909	COR	['FL']	[-2.365]	NC35A	NC35A	[1.3e-05]	[2.4e-07]	1FCC_C_NC35A		1FCC_A_C,1FC2_C_D	1	3
1144	1FCC	1FCC_C	P19909	COR	['FL']	[-3.478]	KC31A	KC31A	[8.5e-05]	[2.4e-07]	1FCC_C_KC31A		1FCC_A_C,1FC2_C_D	1	3
1145	1GC1	1GC1_C	P01730	COR	['RA']	[-1.431]	KC46A	KC46A	[4.03e-08]	[3.6e-09]	1GC1_C_KC46A		1GC1_G_C,3IDX_HL_G,2NY7_HL_G	1	3
1146	1GC1	1GC1_C	P01730	COR	['RA']	[0.149]	TC45A	TC45A	[2.8e-09]	[3.6e-09]	1GC1_C_TC45A		1GC1_G_C,3IDX_HL_G,2NY7_HL_G	1	3
1147	1GC1	1GC1_C	P01730	SUP	['RA']	[-1.056]	LC44A	LC44A	[2.14e-08]	[3.6e-09]	1GC1_C_LC44A		1GC1_G_C,3IDX_HL_G,2NY7_HL_G	1	3
1148	1GC1	1GC1_C	P01730	COR	['RA']	[0.0]	SC42A	SC42A	[3.6e-09]	[3.6e-09]	1GC1_C_SC42A		1GC1_G_C,3IDX_HL_G,2NY7_HL_G	1	3
1149	1GC1	1GC1_C	P01730	COR	['RA']	[0.411]	QC40A	QC40A	[1.8e-09]	[3.6e-09]	1GC1_C_QC40A		1GC1_G_C,3IDX_HL_G,2NY7_HL_G	1	3
1150	1GC1	1GC1_C	P01730	INT	['RA']	[-0.466]	NC39A	NC39A	[7.9e-09]	[3.6e-09]	1GC1_C_NC39A		1GC1_G_C,3IDX_HL_G,2NY7_HL_G	1	3
1151	1GC1	1GC1_C	P01730	COR	['RA']	[-0.322]	KC35A	KC35A	[6.2e-09]	[3.6e-09]	1GC1_C_KC35A		1GC1_G_C,3IDX_HL_G,2NY7_HL_G	1	3
1152	1GC1	1GC1_C	P01730	RIM	['RA']	[-0.105]	QC33A	QC33A	[4.3e-09]	[3.6e-09]	1GC1_C_QC33A		1GC1_G_C,3IDX_HL_G,2NY7_HL_G	1	3
1153	1GC1	1GC1_C	P01730	RIM	['RA']	[-0.183]	NC32A	NC32A	[4.9e-09]	[3.6e-09]	1GC1_C_NC32A		1GC1_G_C,3IDX_HL_G,2NY7_HL_G	1	3
1154	1GC1	1GC1_C	P01730	SUR	['RA']	[-0.105]	SC31A	SC31A	[4.3e-09]	[3.6e-09]	1GC1_C_SC31A		1GC1_G_C,3IDX_HL_G,2NY7_HL_G	1	3
1155	1GC1	1GC1_C	P01730	INT	['RA']	[-0.17]	NC30A	NC30A	[4.8e-09]	[3.6e-09]	1GC1_C_NC30A		1GC1_G_C,3IDX_HL_G,2NY7_HL_G	1	3
1156	1GC1	1GC1_C	P01730	SUP	['RA']	[-0.536]	KC29A	KC29A	[8.9e-09]	[3.6e-09]	1GC1_C_KC29A		1GC1_G_C,3IDX_HL_G,2NY7_HL_G	1	3
1157	1GC1	1GC1_C	P01730	COR	['RA']	[-0.283]	HC27A	HC27A	[5.8e-09]	[3.6e-09]	1GC1_C_HC27A		1GC1_G_C,3IDX_HL_G,2NY7_HL_G	1	3
1158	1GC1	1GC1_C	P01730	COR	['RA']	[-0.032]	QC25A	QC25A	[3.8e-09]	[3.6e-09]	1GC1_C_QC25A		1GC1_G_C,3IDX_HL_G,2NY7_HL_G	1	3
1159	1GC1	1GC1_C	P01730	RIM	['RA']	[-0.293]	SC23A	SC23A	[5.9e-09]	[3.6e-09]	1GC1_C_SC23A		1GC1_G_C,3IDX_HL_G,2NY7_HL_G	1	3
1160	1GC1	1GC1_C	P01730	SUR	['RA']	[-0.24]	KC22A	KC22A	[5.4e-09]	[3.6e-09]	1GC1_C_KC22A		1GC1_G_C,3IDX_HL_G,2NY7_HL_G	1	3
1161	1GC1	1GC1_C	P01730	SUR	['RA']	[-0.562]	EC77A	EC77A	[9.3e-09]	[3.6e-09]	1GC1_C_EC77A		1GC1_G_C,3IDX_HL_G,2NY7_HL_G	1	3
1162	1GC1	1GC1_C	P01730	SUR	['RA']	[-0.158]	KC75A	KC75A	[4.7e-09]	[3.6e-09]	1GC1_C_KC75A		1GC1_G_C,3IDX_HL_G,2NY7_HL_G	1	3
1163	1GC1	1GC1_C	P01730	SUR	['RA']	[0.108]	NC73A	NC73A	[3e-09]	[3.6e-09]	1GC1_C_NC73A		1GC1_G_C,3IDX_HL_G,2NY7_HL_G	1	3
1164	1GC1	1GC1_C	P01730	SUR	['RA']	[0.017]	KC72A	KC72A	[3.5e-09]	[3.6e-09]	1GC1_C_KC72A		1GC1_G_C,3IDX_HL_G,2NY7_HL_G	1	3
1165	1GC1	1GC1_C	P01730	INT	['RA']	[0.034]	NC66A	NC66A	[3.4e-09]	[3.6e-09]	1GC1_C_NC66A		1GC1_G_C,3IDX_HL_G,2NY7_HL_G	1	3
1166	1GC1	1GC1_C	P01730	RIM	['RA']	[-0.443]	QC64A	QC64A	[7.6e-09]	[3.6e-09]	1GC1_C_QC64A		1GC1_G_C,3IDX_HL_G,2NY7_HL_G	1	3
1167	1GC1	1GC1_C	P01730	RIM	['RA']	[0.319]	DC63A	DC63A	[2.1e-09]	[3.6e-09]	1GC1_C_DC63A		1GC1_G_C,3IDX_HL_G,2NY7_HL_G	1	3
1168	1GC1	1GC1_C	P01730	RIM	['RA']	[0.089]	SC60A	SC60A	[3.1e-09]	[3.6e-09]	1GC1_C_SC60A		1GC1_G_C,3IDX_HL_G,2NY7_HL_G	1	3
1169	1GC1	1GC1_C	P01730	RIM	['RA']	[-1.176]	RC59A	RC59A	[2.62e-08]	[3.6e-09]	1GC1_C_RC59A		1GC1_G_C,3IDX_HL_G,2NY7_HL_G	1	3
1170	1GC1	1GC1_C	P01730	SUR	['RA']	[-0.132]	RC58A	RC58A	[4.5e-09]	[3.6e-09]	1GC1_C_RC58A		1GC1_G_C,3IDX_HL_G,2NY7_HL_G	1	3
1171	1GC1	1GC1_C	P01730	SUR	['RA']	[0.07]	DC56A	DC56A	[3.2e-09]	[3.6e-09]	1GC1_C_DC56A		1GC1_G_C,3IDX_HL_G,2NY7_HL_G	1	3
1172	1GC1	1GC1_C	P01730	SUR	['RA']	[-0.303]	DC53A	DC53A	[6e-09]	[3.6e-09]	1GC1_C_DC53A		1GC1_G_C,3IDX_HL_G,2NY7_HL_G	1	3
1173	1GC1	1GC1_C	P01730	COR	['RA']	[-0.708]	NC52A	NC52A	[1.19e-08]	[3.6e-09]	1GC1_C_NC52A		1GC1_G_C,3IDX_HL_G,2NY7_HL_G	1	3
1174	1GC1	1GC1_C	P01730	INT	['RA']	[-1.234]	LC51A	LC51A	[2.89e-08]	[3.6e-09]	1GC1_C_LC51A		1GC1_G_C,3IDX_HL_G,2NY7_HL_G	1	3
1175	1GC1	1GC1_C	P01730	SUR	['RA']	[-0.047]	KC50A	KC50A	[3.9e-09]	[3.6e-09]	1GC1_C_KC50A		1GC1_G_C,3IDX_HL_G,2NY7_HL_G	1	3
1176	1GC1	1GC1_C	P01730	INT	['RA']	[-0.611]	SC49A	SC49A	[1.01e-08]	[3.6e-09]	1GC1_C_SC49A		1GC1_G_C,3IDX_HL_G,2NY7_HL_G	1	3
1177	1JRH	1JRH_L	P01837	COR	['SPR']	[-1.109]	YL30A	YL30A	[7.8e-08]	[1.2e-08]	1JRH_L_YL30A	AB/AG	AB/AG	1	3
1178	1JRH	1JRH_L	P01837	COR	['SPR']	[-0.435]	DL28A	DL28A	[2.5e-08]	[1.2e-08]	1JRH_L_DL28A	AB/AG	AB/AG	1	3
1179	1JRH	1JRH_L	P01837	RIM	['SPR']	[-0.543]	EL27A	EL27A	[3e-08]	[1.2e-08]	1JRH_L_EL27A	AB/AG	AB/AG	1	3
1180	1JRH	1JRH_I	P15260	INT	['SPR']	[-0.1]	EI45Q	EI35Q	[1.68e-08]	[1.42e-08]	1JRH_I_EI45Q	AB/AG	AB/AG	1	3
1181	1JRH	1JRH_I	P15260	SUR	['SPR']	[0.026]	TI14V	TI4V	[1.36e-08]	[1.42e-08]	1JRH_I_TI14V	AB/AG	AB/AG	1	3
1182	1GC1	1GC1_C	P01730	SUR	['RA']	[0.311]	QC89L	QC89L	[2.13e-09]	[3.6e-09]	1GC1_C_QC89L		1GC1_G_C,3IDX_HL_G,2NY7_HL_G	1	3
1183	1GC1	1GC1_C	P01730	SUR	['RA']	[0.108]	QC94A	QC94A	[3e-09]	[3.6e-09]	1GC1_C_QC94A		1GC1_G_C,3IDX_HL_G,2NY7_HL_G	1	3
1184	1GC1	1GC1_C	P01730	SUR	['RA']	[-0.016]	EC92A	EC92A	[3.7e-09]	[3.6e-09]	1GC1_C_EC92A		1GC1_G_C,3IDX_HL_G,2NY7_HL_G	1	3
1185	1GC1	1GC1_C	P01730	SUR	['RA']	[0.128]	EC91A	EC91A	[2.9e-09]	[3.6e-09]	1GC1_C_EC91A		1GC1_G_C,3IDX_HL_G,2NY7_HL_G	1	3
1186	1GC1	1GC1_C	P01730	SUR	['RA']	[-0.047]	KC90A	KC90A	[3.9e-09]	[3.6e-09]	1GC1_C_KC90A		1GC1_G_C,3IDX_HL_G,2NY7_HL_G	1	3
1187	1GC1	1GC1_C	P01730	SUR	['RA']	[-0.17]	QC89A	QC89A	[4.8e-09]	[3.6e-09]	1GC1_C_QC89A		1GC1_G_C,3IDX_HL_G,2NY7_HL_G	1	3
1188	1GC1	1GC1_C	P01730	SUR	['RA']	[0.07]	DC88A	DC88A	[3.2e-09]	[3.6e-09]	1GC1_C_DC88A		1GC1_G_C,3IDX_HL_G,2NY7_HL_G	1	3
1189	1GC1	1GC1_C	P01730	SUR	['RA']	[-0.218]	EC87A	EC87A	[5.2e-09]	[3.6e-09]	1GC1_C_EC87A		1GC1_G_C,3IDX_HL_G,2NY7_HL_G	1	3
1190	1GC1	1GC1_C	P01730	INT	['RA']	[0.07]	VC86A	VC86A	[3.2e-09]	[3.6e-09]	1GC1_C_VC86A		1GC1_G_C,3IDX_HL_G,2NY7_HL_G	1	3
1191	1GC1	1GC1_C	P01730	SUP	['RA']	[-1.323]	EC85A	EC85A	[3.36e-08]	[3.6e-09]	1GC1_C_EC85A		1GC1_G_C,3IDX_HL_G,2NY7_HL_G	1	3
1192	1GC1	1GC1_C	P01730	INT	['RA']	[-1.291]	YC82A	YC82A	[3.18e-08]	[3.6e-09]	1GC1_C_YC82A		1GC1_G_C,3IDX_HL_G,2NY7_HL_G	1	3
1193	2PCB	2PCB_A	P00431	RIM	['ITC']	[-0.734]	AA193F	AA193F	[3.45e-05]	[1e-05]	2PCB_A_AA193F		2PCB_A_B,2B0Z_A_B,2B10_A_B,2B11_A_B,2B12_A_B,2PCC_A_B	1	6
1194	2PCB	2PCB_A	P00431	RIM	['ITC']	[-0.676]	EA35Q	EA35Q	[3.13e-05]	[1e-05]	2PCB_A_EA35Q		2PCB_A_B,2B0Z_A_B,2B10_A_B,2B11_A_B,2B12_A_B,2PCC_A_B	1	6
1195	1JRH	1JRH_H	P01869	SUR	['SPR']	[0.0]	FH98A	FH103A	[1.2e-08]	[1.2e-08]	1JRH_H_FH98A	AB/AG	AB/AG	1	3
1196	1JRH	1JRH_H	P01869	SUP	['SPR']	[-0.543]	RH95A	RH100A	[3e-08]	[1.2e-08]	1JRH_H_RH95A	AB/AG	AB/AG	1	3
1197	1JRH	1JRH_H	P01869	COR	['SPR']	[-1.256]	YH58A	YH60A	[1e-07]	[1.2e-08]	1JRH_H_YH58A	AB/AG	AB/AG	1	3
1198	1JRH	1JRH_H	P01869	RIM	['SPR']	[-1.855]	DH56A	DH58A	[2.75e-07]	[1.2e-08]	1JRH_H_DH56A	AB/AG	AB/AG	1	3
1199	1JRH	1JRH_H	P01869	SUR	['SPR']	[-1.667]	DH55A	DH57A	[2e-07]	[1.2e-08]	1JRH_H_DH55A	AB/AG	AB/AG	1	3
1200	1JRH	1JRH_H	P01869	RIM	['SPR']	[-1.887]	DH54A	DH56A	[2.9e-07]	[1.2e-08]	1JRH_H_DH54A	AB/AG	AB/AG	1	3
1201	1JRH	1JRH_H	P01869	COR	['SPR']	[-2.422]	WH53A	WH55A	[7.16e-07]	[1.2e-08]	1JRH_H_WH53A	AB/AG	AB/AG	1	3
1202	1JRH	1JRH_H	P01869	SUP	['SPR']	[-2.687]	WH52A	WH54A	[1.12e-06]	[1.2e-08]	1JRH_H_WH52A	AB/AG	AB/AG	1	3
1203	1JRH	1JRH_H	P01869	RIM	['SPR']	[-1.434]	YH32A	YH32A	[1.35e-07]	[1.2e-08]	1JRH_H_YH32A	AB/AG	AB/AG	1	3
1204	1JRH	1JRH_L	P01837	SUP	['SPR']	[-1.667]	WL96A	WL95A	[2e-07]	[1.2e-08]	1JRH_L_WL96A	AB/AG	AB/AG	1	3
1205	1JRH	1JRH_L	P01837	COR	['SPR']	[-0.385]	TL94A	TL94A	[2.3e-08]	[1.2e-08]	1JRH_L_TL94A	AB/AG	AB/AG	1	3
1206	1JRH	1JRH_L	P01837	COR	['SPR']	[0.651]	SL93A	SL93A	[4e-09]	[1.2e-08]	1JRH_L_SL93A	AB/AG	AB/AG	1	3
1207	1JRH	1JRH_L	P01837	COR	['SPR']	[-2.82]	WL92A	WL92A	[1.4e-06]	[1.2e-08]	1JRH_L_WL92A	AB/AG	AB/AG	1	3
1208	1JRH	1JRH_L	P01837	SUP	['SPR']	[-0.581]	YL91A	YL91A	[3.2e-08]	[1.2e-08]	1JRH_L_YL91A	AB/AG	AB/AG	1	3
1209	1JRH	1JRH_H	P01869	COR	['SPR']	[-1.699]	HH100bA	HH107A	[2.11e-07]	[1.2e-08]	1JRH_H_HH100bA	AB/AG	AB/AG	1	3
1210	1JRH	1JRH_H	P01869	RIM	['SPR']	[-1.062]	YH99A	YH104A	[7.2e-08]	[1.2e-08]	1JRH_H_YH99A	AB/AG	AB/AG	1	3
1211	2JEL	2JEL_P	P0AA04	SUR	['CSPRIA']	[0.0]	RP17G	RP17G	[3e-09]	[3e-09]	2JEL_P_RP17G	AB/AG	AB/AG	1	6
1212	2JEL	2JEL_P	P0AA04	SUR	['CSPRIA']	[0.0]	NP12D	NP12D	[3e-09]	[3e-09]	2JEL_P_NP12D	AB/AG	AB/AG	1	6
1213	2JEL	2JEL_P	P0AA04	SUR	['CSPRIA']	[0.0]	PP11E	PP11E	[3e-09]	[3e-09]	2JEL_P_PP11E	AB/AG	AB/AG	1	6
1214	2JEL	2JEL_P	P0AA04	SUR	['CSPRIA']	[0.0]	TP7S	TP7S	[3e-09]	[3e-09]	2JEL_P_TP7S	AB/AG	AB/AG	1	6
1215	2JEL	2JEL_P	P0AA04	SUR	['CSPRIA']	[-0.411]	TP7N	TP7N	[6e-09]	[3e-09]	2JEL_P_TP7N	AB/AG	AB/AG	1	6
1216	2JEL	2JEL_P	P0AA04	INT	['CSPRIA']	[0.0]	VP6F	VP6F	[3e-09]	[3e-09]	2JEL_P_VP6F	AB/AG	AB/AG	1	6
1217	2JEL	2JEL_P	P0AA04	RIM	['CSPRIA']	[-0.713]	EP5Q	EP5Q	[1e-08]	[3e-09]	2JEL_P_EP5Q	AB/AG	AB/AG	1	6
1218	2JEL	2JEL_P	P0AA04	RIM	['CSPRIA']	[-0.411]	EP5D	EP5D	[6e-09]	[3e-09]	2JEL_P_EP5D	AB/AG	AB/AG	1	6
1219	2JEL	2JEL_P	P0AA04	COR	['CSPRIA']	[-1.364]	QP4K	QP4K	[3e-08]	[3e-09]	2JEL_P_QP4K	AB/AG	AB/AG	1	6
1220	2JEL	2JEL_P	P0AA04	COR	['CSPRIA']	[-4.093]	QP3K	QP3K	[3e-06]	[3e-09]	2JEL_P_QP3K	AB/AG	AB/AG	1	6
1221	2JEL	2JEL_P	P0AA04	COR	['CSPRIA']	[-2.62]	FP2W	FP2W	[2.5e-07]	[3e-09]	2JEL_P_FP2W	AB/AG	AB/AG	1	6
1222	2JEL	2JEL_P	P0AA04	COR	['CSPRIA']	[0.0]	FP2Y	FP2Y	[3e-09]	[3e-09]	2JEL_P_FP2Y	AB/AG	AB/AG	1	6
1223	2PCB	2PCB_A	P00431	RIM	['ITC']	[-0.871]	EA290N	EA290N	[4.35e-05]	[1e-05]	2PCB_A_EA290N		2PCB_A_B,2B0Z_A_B,2B10_A_B,2B11_A_B,2B12_A_B,2PCC_A_B	1	6
1224	2PCB	2PCB_A	P00431	COR	['ITC']	[-0.821]	DA34N	DA34N	[4e-05]	[1e-05]	2PCB_A_DA34N		2PCB_A_B,2B0Z_A_B,2B10_A_B,2B11_A_B,2B12_A_B,2PCC_A_B	1	6
1225	2B12	2B12_B	P00044	SUP	['ITC']	[1.575]	YB82F	YB87F	[1.4e-06]	[2e-05]	2B12_B_YB82F		2B0Z_A_B,2B10_A_B,2B11_A_B,2B12_A_B,2PCC_A_B,2PCB_A_B	1	6
1226	2B11	2B11_B	P00044	SUP	['ITC']	[0.754]	WB382F	WB87F	[1.4e-06]	[5e-06]	2B11_B_WB382F		2B0Z_A_B,2B10_A_B,2B11_A_B,2B12_A_B,2PCC_A_B,2PCB_A_B	1	6
1227	2B10	2B10_B	P00044	RIM	['ITC']	[1.165]	SB82F	SB87F	[1.4e-06]	[1e-05]	2B10_B_SB82F		2B0Z_A_B,2B10_A_B,2B11_A_B,2B12_A_B,2PCC_A_B,2PCB_A_B	1	6
1228	2B0Z	2B0Z_B	P00044	RIM	['ITC']	[2.529]	IB82F	IB87F	[1.4e-06]	[0.0001]	2B0Z_B_IB82F		2B0Z_A_B,2B10_A_B,2B11_A_B,2B12_A_B,2PCC_A_B,2PCB_A_B	1	6
1229	1KIR	1KIR_A	Not Mapped	COR	['ITC']	[1.388]	SA50Y	SA50Y	[3.7e-09]	[3.85e-08]	1KIR_A_SA50Y	AB/AG	AB/AG	1	4
1230	1KIP	1KIP_B	Not Mapped	SUP	['ITC']	[0.801]	AB32Y	AB32Y	[3.7e-09]	[1.43e-08]	1KIP_B_AB32Y	AB/AG	AB/AG	1	4
1231	1KIQ	1KIQ_B	Not Mapped	COR	['ITC']	[2.496]	FB101Y	FB101Y	[3.7e-09]	[2.5e-07]	1KIQ_B_FB101Y	AB/AG	AB/AG	1	4
1232	2GYK	2GYK_A	P13479	SUP	['SFFL']	[5.918]	AA51D	AA49D	[1.62e-14]	[3.53e-10]	2GYK_A_AA51D		2VLP_A_B,2VLN_A_B,2VLQ_A_B,2VLO_A_B,1EMV_A_B,1FR2_A_B,2GYK_A_B,2WPT_A_B	1	6
1233	1DAN	1DAN_U	P13726	RIM	['ELFA']	[0.186]	PU92A	PU2A	[1.9e-12]	[2.6e-12]	1DAN_U_PU92A		1DAN_HL_UT	1	2
1234	1DAN	1DAN_T	P13726	RIM	['ELFA']	[-0.628]	YT78A	YT73A	[7.5e-12]	[2.6e-12]	1DAN_T_YT78A		1DAN_HL_UT	1	2
1235	1DAN	1DAN_T	P13726	SUP	['ELFA']	[-1.105]	FT76A	FT71A	[1.68e-11]	[2.6e-12]	1DAN_T_FT76A		1DAN_HL_UT	1	2
1236	1DAN	1DAN_T	P13726	RIM	['ELFA']	[0.127]	YT51A	YT46A	[2.1e-12]	[2.6e-12]	1DAN_T_YT51A		1DAN_HL_UT	1	2
1237	1DAN	1DAN_T	P13726	INT	['ELFA']	[0.186]	VT33A	VT28A	[1.9e-12]	[2.6e-12]	1DAN_T_VT33A		1DAN_HL_UT	1	2
1238	1JRH	1JRH_I	P15260	COR	['SPR']	[-4.914]	KI52M	KI42M	[5.76e-05]	[1.44e-08]	1JRH_I_KI52M	AB/AG	AB/AG	1	3
1239	1JRH	1JRH_I	P15260	SUP	['SPR']	[-3.294]	KI47M	KI37M	[3.74e-06]	[1.44e-08]	1JRH_I_KI47M	AB/AG	AB/AG	1	3
1240	1JRH	1JRH_I	P15260	RIM	['SPR']	[3.79]	EI55P	EI45P	[2e-11]	[1.2e-08]	1JRH_I_EI55P	AB/AG	AB/AG	1	3
1241	1DAN	1DAN_H	P08709	SUR	['SPR']	[-0.016]	LH144A	LH135A	[3.8e-09]	[3.7e-09]	1DAN_H_LH144A		1DAN_HL_UT	1	2
1242	1DAN	1DAN_H	P08709	SUR	['SPR']	[0.187]	KH192A	KH189A	[2.7e-09]	[3.7e-09]	1DAN_H_KH192A		1DAN_HL_UT	1	2
1243	1DAN	1DAN_H	P08709	COR	['SPR']	[-0.744]	MH164A	MH154A	[1.3e-08]	[3.7e-09]	1DAN_H_MH164A		1DAN_HL_UT	1	2
1244	1DAN	1DAN_H	P08709	COR	['SPR']	[-0.749]	RH134A	RH125A	[1.31e-08]	[3.7e-09]	1DAN_H_RH134A		1DAN_HL_UT	1	2
1245	1DAN	1DAN_T	P13726	INT	['ELFA']	[-2.224]	TT60A	TT55A	[1.11e-10]	[2.6e-12]	1DAN_T_TT60A		1DAN_HL_UT	1	2
1246	1DAN	1DAN_T	P13726	COR	['ELFA']	[-0.065]	GT43A	GT38A	[2.9e-12]	[2.6e-12]	1DAN_T_GT43A		1DAN_HL_UT	1	2
1247	1DAN	1DAN_T	P13726	INT	['ELFA']	[0.127]	IT38A	IT33A	[2.1e-12]	[2.6e-12]	1DAN_T_IT38A		1DAN_HL_UT	1	2
1248	1DAN	1DAN_T	P13726	INT	['ELFA']	[0.127]	VT36A	VT31A	[2.1e-12]	[2.6e-12]	1DAN_T_VT36A		1DAN_HL_UT	1	2
1249	2PCB	2PCB_A	P00431	RIM	['ITC']	[-0.606]	EA32Q	EA32Q	[2.78e-05]	[1e-05]	2PCB_A_EA32Q		2PCB_A_B,2B0Z_A_B,2B10_A_B,2B11_A_B,2B12_A_B,2PCC_A_B	1	6
1250	2PCB	2PCB_A	P00431	SUR	['ITC']	[0.057]	EA291Q	EA291Q	[9.09e-06]	[1e-05]	2PCB_A_EA291Q		2PCB_A_B,2B0Z_A_B,2B10_A_B,2B11_A_B,2B12_A_B,2PCC_A_B	1	6
1251	2PCC	2PCC_B	P00044	RIM	['ITC']	[-1.902]	AB81G	AB86G	[2.85e-05]	[1.15e-06]	2PCC_B_AB81G		2B0Z_A_B,2B10_A_B,2B11_A_B,2B12_A_B,2PCC_A_B,2PCB_A_B	1	6
1252	2PCC	2PCC_B	P00044	RIM	['ITC']	[-0.304]	KB72A	KB77A	[1.92e-06]	[1.15e-06]	2PCC_B_KB72A		2B0Z_A_B,2B10_A_B,2B11_A_B,2B12_A_B,2PCC_A_B,2PCB_A_B	1	6
1253	2PCC	2PCC_B	P00044	RIM	['ITC']	[-0.902]	KB87A	KB92A	[5.27e-06]	[1.15e-06]	2PCC_B_KB87A		2B0Z_A_B,2B10_A_B,2B11_A_B,2B12_A_B,2PCC_A_B,2PCB_A_B	1	6
1254	2PCC	2PCC_A	P00431	RIM	['ITC']	[-6.203]	EA290A	EA290A	[0.0405]	[1.15e-06]	2PCC_A_EA290A		2B0Z_A_B,2B10_A_B,2B11_A_B,2B12_A_B,2PCC_A_B,2PCB_A_B	1	6
1255	2PCC	2PCC_A	P00431	COR	['ITC']	[-2.103]	VA197A	VA197A	[4e-05]	[1.15e-06]	2PCC_A_VA197A		2B0Z_A_B,2B10_A_B,2B11_A_B,2B12_A_B,2PCC_A_B,2PCB_A_B	1	6
1256	2PCC	2PCC_A	P00431	COR	['ITC']	[0.897]	DA34A	DA34A	[2.53e-07]	[1.15e-06]	2PCC_A_DA34A		2B0Z_A_B,2B10_A_B,2B11_A_B,2B12_A_B,2PCC_A_B,2PCB_A_B	1	6
1257	1DAN	1DAN_U	P13726	RIM	['ELISA']	[0.0]	NU138A	NU48A	[8.64e-09]	[8.64e-09]	1DAN_U_NU138A		1DAN_HL_UT	1	2
1258	1DAN	1DAN_U	P13726	SUR	['ELISA']	[0.06]	RU136A	RU46A	[7.81e-09]	[8.64e-09]	1DAN_U_RU136A		1DAN_HL_UT	1	2
1259	1DAN	1DAN_U	P13726	SUP	['ELISA']	[0.0]	TU132A	TU42A	[8.64e-09]	[8.64e-09]	1DAN_U_TU132A		1DAN_HL_UT	1	2
1260	1DAN	1DAN_U	P13726	RIM	['ELISA']	[0.0]	RU131A	RU41A	[8.64e-09]	[8.64e-09]	1DAN_U_RU131A		1DAN_HL_UT	1	2
1261	1DAN	1DAN_U	P13726	SUR	['ELISA']	[0.0]	NU107A	NU17A	[8.64e-09]	[8.64e-09]	1DAN_U_NU107A		1DAN_HL_UT	1	2
1262	1DAN	1DAN_U	P13726	INT	['ELISA']	[0.06]	TU106A	TU16A	[7.81e-09]	[8.64e-09]	1DAN_U_TU106A		1DAN_HL_UT	1	2
1263	1DAN	1DAN_U	P13726	SUR	['ELISA']	[0.06]	EU105A	EU15A	[7.81e-09]	[8.64e-09]	1DAN_U_EU105A		1DAN_HL_UT	1	2
1264	1DAN	1DAN_T	P13726	INT	['ELISA']	[0.06]	LT72A	LT67A	[7.81e-09]	[8.64e-09]	1DAN_T_LT72A		1DAN_HL_UT	1	2
1265	1DAN	1DAN_T	P13726	SUR	['ELISA']	[0.0]	QT69A	QT64A	[8.64e-09]	[8.64e-09]	1DAN_T_QT69A		1DAN_HL_UT	1	2
1266	1DAN	1DAN_T	P13726	INT	['ELISA']	[0.0]	VT64A	VT59A	[8.64e-09]	[8.64e-09]	1DAN_T_VT64A		1DAN_HL_UT	1	2
1267	1DAN	1DAN_T	P13726	INT	['ELISA']	[0.0]	IT63A	IT58A	[8.64e-09]	[8.64e-09]	1DAN_T_IT63A		1DAN_HL_UT	1	2
1268	1DAN	1DAN_T	P13726	SUP	['ELISA']	[0.0]	ET62A	ET57A	[8.64e-09]	[8.64e-09]	1DAN_T_ET62A		1DAN_HL_UT	1	2
1269	1DAN	1DAN_T	P13726	COR	['ELISA']	[-0.242]	DT61A	DT56A	[1.3e-08]	[8.64e-09]	1DAN_T_DT61A		1DAN_HL_UT	1	2
1270	1DAN	1DAN_T	P13726	INT	['ELISA']	[0.0]	LT59A	LT54A	[8.64e-09]	[8.64e-09]	1DAN_T_LT59A		1DAN_HL_UT	1	2
1271	1DAN	1DAN_T	P13726	INT	['ELISA']	[0.13]	ST16A	ST11A	[6.94e-09]	[8.64e-09]	1DAN_T_ST16A		1DAN_HL_UT	1	2
1272	1DAN	1DAN_U	P13726	COR	['ELISA']	[-1.305]	QU110A	QU20A	[4.8e-08]	[5.3e-09]	1DAN_U_QU110A		1DAN_HL_UT	1	2
1273	1NMB	1NMB_L	Not Mapped	COR	['SPR']	[-0.9]	LL94V	LL94V	[2.08e-07]	[4.55e-08]	1NMB_L_LL94V	AB/AG	AB/AG	1	4
1274	1NMB	1NMB_L	Not Mapped	COR	['SPR']	[-0.184]	TL93W	TL93W	[6.21e-08]	[4.55e-08]	1NMB_L_TL93W	AB/AG	AB/AG	1	4
1275	1NMB	1NMB_L	Not Mapped	COR	['SPR']	[0.024]	TL93F	TL93F	[4.37e-08]	[4.55e-08]	1NMB_L_TL93F	AB/AG	AB/AG	1	4
1276	1NMB	1NMB_L	Not Mapped	COR	['SPR']	[-0.467]	YL32F	YL32F	[1e-07]	[4.55e-08]	1NMB_L_YL32F	AB/AG	AB/AG	1	4
1277	1NMB	1NMB_H	Not Mapped	COR	['SPR']	[-1.42]	YH100aF	YH105F	[5e-07]	[4.55e-08]	1NMB_H_YH100aF	AB/AG	AB/AG	1	4
1278	1NMB	1NMB_H	Not Mapped	RIM	['SPR']	[-2.142]	YH99A	YH103A	[1.69e-06]	[4.55e-08]	1NMB_H_YH99A	AB/AG	AB/AG	1	4
1279	1NMB	1NMB_H	Not Mapped	COR	['SPR']	[-2.955]	DH56E	DH57E	[6.67e-06]	[4.55e-08]	1NMB_H_DH56E	AB/AG	AB/AG	1	4
1280	1NMB	1NMB_H	Not Mapped	COR	['SPR']	[-2.955]	DH56N	DH57N	[6.67e-06]	[4.55e-08]	1NMB_H_DH56N	AB/AG	AB/AG	1	4
1281	1DAN	1DAN_U	P13726	SUR	['ELISA']	[0.0]	NU199A	NU105A	[8.64e-09]	[8.64e-09]	1DAN_U_NU199A		1DAN_HL_UT	1	2
1282	1DAN	1DAN_U	P13726	SUR	['ELISA']	[-0.11]	VU198A	VU104A	[1.04e-08]	[8.64e-09]	1DAN_U_VU198A		1DAN_HL_UT	1	2
1283	1DAN	1DAN_U	P13726	SUR	['ELISA']	[-0.11]	TU197A	TU103A	[1.04e-08]	[8.64e-09]	1DAN_U_TU197A		1DAN_HL_UT	1	2
1284	1DAN	1DAN_U	P13726	INT	['ELISA']	[-0.461]	RU196A	RU102A	[1.88e-08]	[8.64e-09]	1DAN_U_RU196A		1DAN_HL_UT	1	2
1285	1DAN	1DAN_U	P13726	INT	['ELISA']	[-0.11]	VU179A	VU85A	[1.04e-08]	[8.64e-09]	1DAN_U_VU179A		1DAN_HL_UT	1	2
1286	1DAN	1DAN_U	P13726	INT	['ELISA']	[0.0]	YU157A	YU67A	[8.64e-09]	[8.64e-09]	1DAN_U_YU157A		1DAN_HL_UT	1	2
1287	1DAN	1DAN_U	P13726	INT	['ELISA']	[0.06]	FU147A	FU57A	[7.81e-09]	[8.64e-09]	1DAN_U_FU147A		1DAN_HL_UT	1	2
1288	1DAN	1DAN_U	P13726	INT	['ELISA']	[-0.2]	VU146A	VU56A	[1.21e-08]	[8.64e-09]	1DAN_U_VU146A		1DAN_HL_UT	1	2
1289	3HFM	3HFM_L	P01837	COR	['SP']	[-5.71]	NL31E	NL31E	[4.6e-07]	[3e-11]	3HFM_L_NL31E	AB/AG	AB/AG	1	8
1290	3HFM	3HFM_L	P01837	COR	['SP']	[-1.344]	NL31D	NL31D	[2.9e-10]	[3e-11]	3HFM_L_NL31D	AB/AG	AB/AG	1	8
1291	3HFM	3HFM_L	P01837	COR	['SP']	[-5.216]	NL31A	NL31A	[2e-07]	[3e-11]	3HFM_L_NL31A	AB/AG	AB/AG	1	8
1292	3HFM	3HFM_L	P01837	SUP	['SP']	[-5.11]	NL32A	NL32A	[1.67e-07]	[3e-11]	3HFM_L_NL32A	AB/AG	AB/AG	1	8
1293	1VFB	1VFB_C	P00698	RIM	['SPR']	[-0.172]	LC129A	LC129A	[1.67e-08]	[1.25e-08]	1VFB_C_LC129A	AB/AG	AB/AG	1	5
1294	1VFB	1VFB_C	P00698	RIM	['SPR']	[-1.838]	RC125A	RC125A	[2.78e-07]	[1.25e-08]	1VFB_C_RC125A	AB/AG	AB/AG	1	5
1295	1VFB	1VFB_C	P00698	SUP	['SPR']	[-1.232]	IC124A	IC124A	[1e-07]	[1.25e-08]	1VFB_C_IC124A	AB/AG	AB/AG	1	5
1296	1VFB	1VFB_C	P00698	COR	['SPR']	[-2.878]	QC121A	QC121A	[1.61e-06]	[1.25e-08]	1VFB_C_QC121A	AB/AG	AB/AG	1	5
1297	1VFB	1VFB_C	P00698	SUP	['SPR']	[-0.917]	VC120A	VC120A	[5.88e-08]	[1.25e-08]	1VFB_C_VC120A	AB/AG	AB/AG	1	5
1298	1VFB	1VFB_C	P00698	RIM	['SPR']	[-0.954]	DC119A	DC119A	[6.25e-08]	[1.25e-08]	1VFB_C_DC119A	AB/AG	AB/AG	1	5
1299	1VFB	1VFB_C	P00698	COR	['SPR']	[-0.765]	TC118A	TC118A	[4.55e-08]	[1.25e-08]	1VFB_C_TC118A	AB/AG	AB/AG	1	5
1300	1VFB	1VFB_C	P00698	RIM	['SPR']	[-0.714]	KC116A	KC116A	[4.17e-08]	[1.25e-08]	1VFB_C_KC116A	AB/AG	AB/AG	1	5
1301	1VFB	1VFB_C	P00698	COR	['SPR']	[-0.851]	SC24A	SC24A	[5.26e-08]	[1.25e-08]	1VFB_C_SC24A	AB/AG	AB/AG	1	5
1302	1VFB	1VFB_C	P00698	SUP	['SPR']	[-0.411]	YC23A	YC23A	[2.5e-08]	[1.25e-08]	1VFB_C_YC23A	AB/AG	AB/AG	1	5
1303	1VFB	1VFB_C	P00698	COR	['SPR']	[-0.396]	NC19A	NC19A	[2.44e-08]	[1.25e-08]	1VFB_C_NC19A	AB/AG	AB/AG	1	5
1304	1VFB	1VFB_C	P00698	COR	['SPR']	[-0.34]	DC18A	DC18A	[2.22e-08]	[1.25e-08]	1VFB_C_DC18A	AB/AG	AB/AG	1	5
1305	3HFM	3HFM_H	Not Mapped	COR	['ITC']	[-0.794]	YH53L	YH53L	[9.09e-09]	[2.38e-09]	3HFM_H_YH53L	AB/AG	AB/AG	1	8
1306	3HFM	3HFM_H	Not Mapped	COR	['ITC']	[-0.611]	YH53F	YH53F	[6.67e-09]	[2.38e-09]	3HFM_H_YH53F	AB/AG	AB/AG	1	8
1307	3HFM	3HFM_H	Not Mapped	COR	['ITC']	[-0.695]	YH53W	YH53W	[7.69e-09]	[2.38e-09]	3HFM_H_YH53W	AB/AG	AB/AG	1	8
1308	3HFM	3HFM_L	P01837	SUP	['SP']	[-1.402]	YL96F	YL96F	[3.2e-10]	[3e-11]	3HFM_L_YL96F	AB/AG	AB/AG	1	8
1309	3HFM	3HFM_L	P01837	SUP	['SP']	[-2.708]	YL96A	YL96A	[2.9e-09]	[3e-11]	3HFM_L_YL96A	AB/AG	AB/AG	1	8
1310	3HFM	3HFM_L	P01837	COR	['SP']	[-0.954]	QL53A	QL53A	[1.5e-10]	[3e-11]	3HFM_L_QL53A	AB/AG	AB/AG	1	8
1311	3HFM	3HFM_H	Not Mapped	SUP	['SP']	[-7.323]	YH50A	YH50A	[7e-06]	[3e-11]	3HFM_H_YH50A	AB/AG	AB/AG	1	8
1312	3HFM	3HFM_H	Not Mapped	COR	['SP']	[-0.17]	SH31A	SH31A	[4e-11]	[3e-11]	3HFM_H_SH31A	AB/AG	AB/AG	1	8
1313	3HFM	3HFM_H	Not Mapped	COR	['SP']	[-0.17]	DH32N	DH32N	[4e-11]	[3e-11]	3HFM_H_DH32N	AB/AG	AB/AG	1	8
1314	3HFM	3HFM_H	Not Mapped	COR	['SP']	[-1.899]	DH32A	DH32A	[7.4e-10]	[3e-11]	3HFM_H_DH32A	AB/AG	AB/AG	1	8
1315	3HFM	3HFM_H	Not Mapped	COR	['SP']	[-5.513]	WH98A	WH98A	[3.3e-07]	[3e-11]	3HFM_H_WH98A	AB/AG	AB/AG	1	8
1316	3HFM	3HFM_H	Not Mapped	COR	['SP']	[-3.247]	WH98F	WH98F	[7.2e-09]	[3e-11]	3HFM_H_WH98F	AB/AG	AB/AG	1	8
1317	3HFM	3HFM_H	Not Mapped	COR	['SP']	[-6.038]	YH33A	YH33A	[8e-07]	[3e-11]	3HFM_H_YH33A	AB/AG	AB/AG	1	8
1318	3HFM	3HFM_L	P01837	COR	['SP']	[-2.356]	YL50F	YL50F	[1.6e-09]	[3e-11]	3HFM_L_YL50F	AB/AG	AB/AG	1	8
1319	3HFM	3HFM_L	P01837	COR	['SP']	[-4.395]	YL50L	YL50L	[5e-08]	[3e-11]	3HFM_L_YL50L	AB/AG	AB/AG	1	8
1320	3HFM	3HFM_L	P01837	COR	['SP']	[-4.56]	YL50A	YL50A	[6.6e-08]	[3e-11]	3HFM_L_YL50A	AB/AG	AB/AG	1	8
1321	1EMV	1EMV_A	P13479	INT	['SFFL']	[-0.601]	LA52A	LA50A	[4.47e-14]	[1.62e-14]	1EMV_A_LA52A		2VLP_A_B,2VLN_A_B,2VLQ_A_B,2VLO_A_B,1EMV_A_B,1FR2_A_B,2GYK_A_B,2WPT_A_B	1	3
1322	1EMV	1EMV_A	P13479	COR	['SFFL']	[-5.918]	DA51A	DA49A	[3.53e-10]	[1.62e-14]	1EMV_A_DA51A		2VLP_A_B,2VLN_A_B,2VLQ_A_B,2VLO_A_B,1EMV_A_B,1FR2_A_B,2GYK_A_B,2WPT_A_B	1	3
1323	1EMV	1EMV_A	P13479	COR	['SFFL']	[-2.188]	SA50A	SA48A	[6.51e-13]	[1.62e-14]	1EMV_A_SA50A		2VLP_A_B,2VLN_A_B,2VLQ_A_B,2VLO_A_B,1EMV_A_B,1FR2_A_B,2GYK_A_B,2WPT_A_B	1	3
1324	1EMV	1EMV_A	P13479	SUP	['SFFL']	[-1.486]	GA49A	GA47A	[1.99e-13]	[1.62e-14]	1EMV_A_GA49A		2VLP_A_B,2VLN_A_B,2VLQ_A_B,2VLO_A_B,1EMV_A_B,1FR2_A_B,2GYK_A_B,2WPT_A_B	1	3
1325	1EMV	1EMV_A	P13479	COR	['SFFL']	[-0.007]	SA48A	SA46A	[1.64e-14]	[1.62e-14]	1EMV_A_SA48A		2VLP_A_B,2VLN_A_B,2VLQ_A_B,2VLO_A_B,1EMV_A_B,1FR2_A_B,2GYK_A_B,2WPT_A_B	1	3
1326	1EMV	1EMV_A	P13479	RIM	['SFFL']	[-0.437]	PA47A	PA45A	[3.39e-14]	[1.62e-14]	1EMV_A_PA47A		2VLP_A_B,2VLN_A_B,2VLQ_A_B,2VLO_A_B,1EMV_A_B,1FR2_A_B,2GYK_A_B,2WPT_A_B	1	3
1327	1EMV	1EMV_A	P13479	SUP	['SFFL']	[-0.832]	HA46A	HA44A	[6.6e-14]	[1.62e-14]	1EMV_A_HA46A		2VLP_A_B,2VLN_A_B,2VLQ_A_B,2VLO_A_B,1EMV_A_B,1FR2_A_B,2GYK_A_B,2WPT_A_B	1	3
1328	3HFM	3HFM_H	Not Mapped	COR	['ITC']	[-1.649]	YH58A	YH58A	[3.85e-08]	[2.38e-09]	3HFM_H_YH58A	AB/AG	AB/AG	1	8
1329	3HFM	3HFM_H	Not Mapped	COR	['ITC']	[-1.489]	YH58L	YH58L	[2.94e-08]	[2.38e-09]	3HFM_H_YH58L	AB/AG	AB/AG	1	8
1330	3HFM	3HFM_H	Not Mapped	COR	['ITC']	[-0.357]	YH58F	YH58F	[4.35e-09]	[2.38e-09]	3HFM_H_YH58F	AB/AG	AB/AG	1	8
1331	3HFM	3HFM_H	Not Mapped	SUP	['ITC']	[-2.803]	YH50L	YH50L	[2.7e-07]	[2.38e-09]	3HFM_H_YH50L	AB/AG	AB/AG	1	8
1332	3HFM	3HFM_H	Not Mapped	SUP	['ITC']	[-1.584]	YH50F	YH50F	[3.45e-08]	[2.38e-09]	3HFM_H_YH50F	AB/AG	AB/AG	1	8
1333	3HFM	3HFM_H	Not Mapped	COR	['ITC']	[-1.975]	YH33L	YH33L	[6.67e-08]	[2.38e-09]	3HFM_H_YH33L	AB/AG	AB/AG	1	8
1334	3HFM	3HFM_H	Not Mapped	COR	['ITC']	[-1.054]	YH33F	YH33F	[1.41e-08]	[2.38e-09]	3HFM_H_YH33F	AB/AG	AB/AG	1	8
1335	3HFM	3HFM_H	Not Mapped	COR	['ITC']	[-1.721]	YH33W	YH33W	[4.35e-08]	[2.38e-09]	3HFM_H_YH33W	AB/AG	AB/AG	1	8
1336	3HFM	3HFM_H	Not Mapped	COR	['ITC']	[-3.198]	YH53A	YH53A	[5.26e-07]	[2.38e-09]	3HFM_H_YH53A	AB/AG	AB/AG	1	8
1337	3HFM	3HFM_Y	P00698	COR	['IASP']	[-3.606]	KY97E	KY97E	[3.3e-08]	[7.5e-11]	3HFM_Y_KY97E	AB/AG	AB/AG	1	8
1338	3HFM	3HFM_Y	P00698	COR	['IASP']	[-6.771]	KY97D	KY97D	[6.9e-06]	[7.5e-11]	3HFM_Y_KY97D	AB/AG	AB/AG	1	8
1339	3HFM	3HFM_Y	P00698	COR	['IASP']	[-6.433]	KY97G	KY97G	[3.9e-06]	[7.5e-11]	3HFM_Y_KY97G	AB/AG	AB/AG	1	8
1340	3HFM	3HFM_Y	P00698	COR	['IASP']	[-2.051]	RY21M	RY21M	[2.39e-09]	[7.5e-11]	3HFM_Y_RY21M	AB/AG	AB/AG	1	8
1341	3HFM	3HFM_Y	P00698	RIM	['IASP']	[-0.411]	NY19D	NY19D	[2.6e-10]	[1.3e-10]	3HFM_Y_NY19D	AB/AG	AB/AG	1	8
1342	3HFM	3HFM_Y	P00698	RIM	['IASP']	[0.043]	NY19Q	NY19Q	[1.21e-10]	[1.3e-10]	3HFM_Y_NY19Q	AB/AG	AB/AG	1	8
1343	3HFM	3HFM_Y	P00698	RIM	['IASP']	[-0.24]	NY19K	NY19K	[1.95e-10]	[1.3e-10]	3HFM_Y_NY19K	AB/AG	AB/AG	1	8
1344	1FR2	1FR2_A	P13479	COR	['SFFL']	[2.084]	AA41E	AA39E	[1.62e-14]	[5.46e-13]	1FR2_A_AA41E		2VLP_A_B,2VLN_A_B,2VLQ_A_B,2VLO_A_B,1EMV_A_B,1FR2_A_B,2GYK_A_B,2WPT_A_B	1	3
1345	1EMV	1EMV_A	P13479	SUR	['SFFL']	[-0.278]	NA69A	NA67A	[2.59e-14]	[1.62e-14]	1EMV_A_NA69A		2VLP_A_B,2VLN_A_B,2VLQ_A_B,2VLO_A_B,1EMV_A_B,1FR2_A_B,2GYK_A_B,2WPT_A_B	1	3
1346	1EMV	1EMV_A	P13479	INT	['SFFL']	[-1.857]	VA68A	VA66A	[3.72e-13]	[1.62e-14]	1EMV_A_VA68A		2VLP_A_B,2VLN_A_B,2VLQ_A_B,2VLO_A_B,1EMV_A_B,1FR2_A_B,2GYK_A_B,2WPT_A_B	1	3
1347	1EMV	1EMV_A	P13479	SUR	['SFFL']	[-0.87]	SA63A	SA61A	[7.04e-14]	[1.62e-14]	1EMV_A_SA63A		2VLP_A_B,2VLN_A_B,2VLQ_A_B,2VLO_A_B,1EMV_A_B,1FR2_A_B,2GYK_A_B,2WPT_A_B	1	3
1348	1EMV	1EMV_A	P13479	SUR	['SFFL']	[-0.511]	DA60A	DA58A	[3.84e-14]	[1.62e-14]	1EMV_A_DA60A		2VLP_A_B,2VLN_A_B,2VLQ_A_B,2VLO_A_B,1EMV_A_B,1FR2_A_B,2GYK_A_B,2WPT_A_B	1	3
1349	1EMV	1EMV_A	P13479	RIM	['SFFL']	[-1.243]	PA56A	PA54A	[1.32e-13]	[1.62e-14]	1EMV_A_PA56A		2VLP_A_B,2VLN_A_B,2VLQ_A_B,2VLO_A_B,1EMV_A_B,1FR2_A_B,2GYK_A_B,2WPT_A_B	1	3
1350	1EMV	1EMV_A	P13479	RIM	['SFFL']	[-4.637]	YA55A	YA53A	[4.06e-11]	[1.62e-14]	1EMV_A_YA55A		2VLP_A_B,2VLN_A_B,2VLQ_A_B,2VLO_A_B,1EMV_A_B,1FR2_A_B,2GYK_A_B,2WPT_A_B	1	3
1351	1EMV	1EMV_A	P13479	COR	['SFFL']	[-4.837]	YA54A	YA52A	[5.69e-11]	[1.62e-14]	1EMV_A_YA54A		2VLP_A_B,2VLN_A_B,2VLQ_A_B,2VLO_A_B,1EMV_A_B,1FR2_A_B,2GYK_A_B,2WPT_A_B	1	3
1352	1EMV	1EMV_A	P13479	SUP	['SFFL']	[-0.848]	IA53A	IA51A	[6.78e-14]	[1.62e-14]	1EMV_A_IA53A		2VLP_A_B,2VLN_A_B,2VLQ_A_B,2VLO_A_B,1EMV_A_B,1FR2_A_B,2GYK_A_B,2WPT_A_B	1	3
1353	1EMV	1EMV_A	P13479	SUP	['SFFL']	[-3.419]	LA33A	LA31A	[5.2e-12]	[1.62e-14]	1EMV_A_LA33A		2VLP_A_B,2VLN_A_B,2VLQ_A_B,2VLO_A_B,1EMV_A_B,1FR2_A_B,2GYK_A_B,2WPT_A_B	1	3
1354	1EMV	1EMV_A	P13479	SUR	['SFFL']	[-0.22]	EA32A	EA30A	[2.35e-14]	[1.62e-14]	1EMV_A_EA32A		2VLP_A_B,2VLN_A_B,2VLQ_A_B,2VLO_A_B,1EMV_A_B,1FR2_A_B,2GYK_A_B,2WPT_A_B	1	3
1355	1EMV	1EMV_A	P13479	SUR	['SFFL']	[-0.307]	EA31A	EA29A	[2.72e-14]	[1.62e-14]	1EMV_A_EA31A		2VLP_A_B,2VLN_A_B,2VLQ_A_B,2VLO_A_B,1EMV_A_B,1FR2_A_B,2GYK_A_B,2WPT_A_B	1	3
1356	1EMV	1EMV_A	P13479	RIM	['SFFL']	[-1.417]	EA30A	EA28A	[1.77e-13]	[1.62e-14]	1EMV_A_EA30A		2VLP_A_B,2VLN_A_B,2VLQ_A_B,2VLO_A_B,1EMV_A_B,1FR2_A_B,2GYK_A_B,2WPT_A_B	1	3
1357	1EMV	1EMV_A	P13479	RIM	['SFFL']	[-0.956]	SA29A	SA27A	[8.14e-14]	[1.62e-14]	1EMV_A_SA29A		2VLP_A_B,2VLN_A_B,2VLQ_A_B,2VLO_A_B,1EMV_A_B,1FR2_A_B,2GYK_A_B,2WPT_A_B	1	3
1358	1EMV	1EMV_A	P13479	RIM	['SFFL']	[-0.173]	SA28A	SA26A	[2.17e-14]	[1.62e-14]	1EMV_A_SA28A		2VLP_A_B,2VLN_A_B,2VLQ_A_B,2VLO_A_B,1EMV_A_B,1FR2_A_B,2GYK_A_B,2WPT_A_B	1	3
1359	1EMV	1EMV_A	P13479	COR	['SFFL']	[-0.728]	TA27A	TA25A	[5.54e-14]	[1.62e-14]	1EMV_A_TA27A		2VLP_A_B,2VLN_A_B,2VLQ_A_B,2VLO_A_B,1EMV_A_B,1FR2_A_B,2GYK_A_B,2WPT_A_B	1	3
1360	3HFM	3HFM_Y	P00698	SUP	['IASP']	[0.0]	IY98A	IY98A	[7e-11]	[7e-11]	3HFM_Y_IY98A	AB/AG	AB/AG	1	8
1361	3HFM	3HFM_Y	P00698	COR	['IASP']	[-0.211]	NY93A	NY93A	[1e-10]	[7e-11]	3HFM_Y_NY93A	AB/AG	AB/AG	1	8
1362	3HFM	3HFM_Y	P00698	RIM	['IASP']	[0.0]	TY89A	TY89A	[7e-11]	[7e-11]	3HFM_Y_TY89A	AB/AG	AB/AG	1	8
1363	3HFM	3HFM_Y	P00698	COR	['IASP']	[-0.705]	LY75A	LY75A	[2.3e-10]	[7e-11]	3HFM_Y_LY75A	AB/AG	AB/AG	1	8
1364	3HFM	3HFM_Y	P00698	RIM	['IASP']	[0.332]	RY73A	RY73A	[4e-11]	[7e-11]	3HFM_Y_RY73A	AB/AG	AB/AG	1	8
1365	3HFM	3HFM_Y	P00698	SUP	['IASP']	[-0.319]	WY63A	WY63A	[1.2e-10]	[7e-11]	3HFM_Y_WY63A	AB/AG	AB/AG	1	8
1366	3HFM	3HFM_Y	P00698	SUP	['IASP']	[0.446]	HY15A	HY15A	[3.3e-11]	[7e-11]	3HFM_Y_HY15A	AB/AG	AB/AG	1	8
1367	3HFM	3HFM_Y	P00698	SUP	['IASP']	[-6.78]	KY96M	KY96M	[7e-06]	[7.5e-11]	3HFM_Y_KY96M	AB/AG	AB/AG	1	8
1368	3HFM	3HFM_Y	P00698	COR	['IASP']	[-3.054]	KY97R	KY97R	[1.3e-08]	[7.5e-11]	3HFM_Y_KY97R	AB/AG	AB/AG	1	8
1369	1CHO	1CHO_I	P68390	COR	['FL']	[-4.274]	LI18V	LI15V	[7.14e-09]	[5.26e-12]	1CHO_I_LI18V	Pr/PI	Pr/PI	1	2
1370	1CHO	1CHO_I	P68390	COR	['FL']	[-2.642]	LI18C	LI15C	[4.55e-10]	[5.26e-12]	1CHO_I_LI18C	Pr/PI	Pr/PI	1	2
1371	1CHO	1CHO_I	P68390	COR	['FL']	[-4.987]	LI18S	LI15S	[2.38e-08]	[5.26e-12]	1CHO_I_LI18S	Pr/PI	Pr/PI	1	2
1372	1CHO	1CHO_I	P68390	COR	['FL']	[-6.085]	LI18G	LI15G	[1.52e-07]	[5.26e-12]	1CHO_I_LI18G	Pr/PI	Pr/PI	1	2
1373	3HFM	3HFM_Y	P00698	SUP	['IASP']	[-5.355]	KY96R	KY96R	[5.9e-07]	[7e-11]	3HFM_Y_KY96R	AB/AG	AB/AG	1	8
1374	3HFM	3HFM_Y	P00698	COR	['IASP']	[-2.185]	YY20L	YY20L	[2.8e-09]	[7e-11]	3HFM_Y_YY20L	AB/AG	AB/AG	1	8
1375	3HFM	3HFM_Y	P00698	COR	['IASP']	[-0.268]	SY100A	SY100A	[1.1e-10]	[7e-11]	3HFM_Y_SY100A	AB/AG	AB/AG	1	8
1376	1EMV	1EMV_A	P13479	SUR	['SFFL']	[-0.213]	EA45A	EA43A	[2.32e-14]	[1.62e-14]	1EMV_A_EA45A		2VLP_A_B,2VLN_A_B,2VLQ_A_B,2VLO_A_B,1EMV_A_B,1FR2_A_B,2GYK_A_B,2WPT_A_B	1	3
1377	1EMV	1EMV_A	P13479	INT	['SFFL']	[-0.305]	TA44A	TA42A	[2.71e-14]	[1.62e-14]	1EMV_A_TA44A		2VLP_A_B,2VLN_A_B,2VLQ_A_B,2VLO_A_B,1EMV_A_B,1FR2_A_B,2GYK_A_B,2WPT_A_B	1	3
1378	1EMV	1EMV_A	P13479	SUR	['SFFL']	[-0.658]	EA42A	EA40A	[4.92e-14]	[1.62e-14]	1EMV_A_EA42A		2VLP_A_B,2VLN_A_B,2VLQ_A_B,2VLO_A_B,1EMV_A_B,1FR2_A_B,2GYK_A_B,2WPT_A_B	1	3
1379	1EMV	1EMV_A	P13479	COR	['SFFL']	[-2.084]	EA41A	EA39A	[5.46e-13]	[1.62e-14]	1EMV_A_EA41A		2VLP_A_B,2VLN_A_B,2VLQ_A_B,2VLO_A_B,1EMV_A_B,1FR2_A_B,2GYK_A_B,2WPT_A_B	1	3
1380	1EMV	1EMV_A	P13479	RIM	['SFFL']	[-0.9]	TA38A	TA36A	[7.4e-14]	[1.62e-14]	1EMV_A_TA38A		2VLP_A_B,2VLN_A_B,2VLQ_A_B,2VLO_A_B,1EMV_A_B,1FR2_A_B,2GYK_A_B,2WPT_A_B	1	3
1381	1EMV	1EMV_A	P13479	SUP	['SFFL']	[-1.665]	VA37A	VA35A	[2.69e-13]	[1.62e-14]	1EMV_A_VA37A		2VLP_A_B,2VLN_A_B,2VLQ_A_B,2VLO_A_B,1EMV_A_B,1FR2_A_B,2GYK_A_B,2WPT_A_B	1	3
1382	1EMV	1EMV_A	P13479	INT	['SFFL']	[-0.907]	LA36A	LA34A	[7.49e-14]	[1.62e-14]	1EMV_A_LA36A		2VLP_A_B,2VLN_A_B,2VLQ_A_B,2VLO_A_B,1EMV_A_B,1FR2_A_B,2GYK_A_B,2WPT_A_B	1	3
1383	1EMV	1EMV_A	P13479	SUR	['SFFL']	[-0.192]	KA35A	KA33A	[2.24e-14]	[1.62e-14]	1EMV_A_KA35A		2VLP_A_B,2VLN_A_B,2VLQ_A_B,2VLO_A_B,1EMV_A_B,1FR2_A_B,2GYK_A_B,2WPT_A_B	1	3
1384	1EMV	1EMV_A	P13479	COR	['SFFL']	[-2.579]	VA34A	VA32A	[1.26e-12]	[1.62e-14]	1EMV_A_VA34A		2VLP_A_B,2VLN_A_B,2VLQ_A_B,2VLO_A_B,1EMV_A_B,1FR2_A_B,2GYK_A_B,2WPT_A_B	1	3
1385	1PPF	1PPF_I	P68390	COR	['FL']	[-6.147]	LI18P	LI18P	[5.26e-06]	[1.64e-10]	1PPF_I_LI18P	Pr/PI	Pr/PI	1	5
1386	1PPF	1PPF_I	P68390	COR	['FL']	[-0.915]	LI18T	LI18T	[7.69e-10]	[1.64e-10]	1PPF_I_LI18T	Pr/PI	Pr/PI	1	5
1387	1PPF	1PPF_I	P68390	COR	['FL']	[0.493]	LI18V	LI18V	[7.14e-11]	[1.64e-10]	1PPF_I_LI18V	Pr/PI	Pr/PI	1	5
1388	1PPF	1PPF_I	P68390	COR	['FL']	[0.09]	LI18C	LI18C	[1.41e-10]	[1.64e-10]	1PPF_I_LI18C	Pr/PI	Pr/PI	1	4
1389	1PPF	1PPF_I	P68390	COR	['FL']	[-3.092]	LI18S	LI18S	[3.03e-08]	[1.64e-10]	1PPF_I_LI18S	Pr/PI	Pr/PI	1	5
1390	1PPF	1PPF_I	P68390	COR	['FL']	[-3.333]	LI18G	LI18G	[4.55e-08]	[1.64e-10]	1PPF_I_LI18G	Pr/PI	Pr/PI	1	4
1391	1CHO	1CHO_I	P68390	COR	['FL']	[1.691]	LI18W	LI15W	[3.03e-13]	[5.26e-12]	1CHO_I_LI18W	Pr/PI	Pr/PI	1	2
1392	1CHO	1CHO_I	P68390	COR	['FL']	[2.225]	LI18Y	LI15Y	[1.23e-13]	[5.26e-12]	1CHO_I_LI18Y	Pr/PI	Pr/PI	1	2
1393	1CHO	1CHO_I	P68390	COR	['FL']	[-4.007]	LI18R	LI15R	[4.55e-09]	[5.26e-12]	1CHO_I_LI18R	Pr/PI	Pr/PI	1	2
1394	1CHO	1CHO_I	P68390	COR	['FL']	[1.502]	LI18F	LI15F	[4.17e-13]	[5.26e-12]	1CHO_I_LI18F	Pr/PI	Pr/PI	1	2
1395	1CHO	1CHO_I	P68390	COR	['FL']	[-3.001]	LI18H	LI15H	[8.33e-10]	[5.26e-12]	1CHO_I_LI18H	Pr/PI	Pr/PI	1	2
1396	1CHO	1CHO_I	P68390	COR	['FL']	[-7.201]	LI18D	LI15D	[1e-06]	[5.26e-12]	1CHO_I_LI18D	Pr/PI	Pr/PI	1	2
1397	1CHO	1CHO_I	P68390	COR	['FL']	[-3.357]	LI18N	LI15N	[1.52e-09]	[5.26e-12]	1CHO_I_LI18N	Pr/PI	Pr/PI	1	2
1398	1CHO	1CHO_I	P68390	COR	['FL']	[-4.479]	LI18I	LI15I	[1.01e-08]	[5.26e-12]	1CHO_I_LI18I	Pr/PI	Pr/PI	1	2
1399	1CHO	1CHO_I	P68390	COR	['FL']	[-8.802]	LI18P	LI15P	[1.49e-05]	[5.26e-12]	1CHO_I_LI18P	Pr/PI	Pr/PI	1	2
1400	1CHO	1CHO_I	P68390	COR	['FL']	[-4.485]	LI18T	LI15T	[1.02e-08]	[5.26e-12]	1CHO_I_LI18T	Pr/PI	Pr/PI	1	2
1401	1R0R	1R0R_I	P68390	COR	['FL']	[-1.5]	LI18N	LI13N	[3.7e-10]	[2.94e-11]	1R0R_I_LI18N	Pr/PI	Pr/PI	1	5
1402	1R0R	1R0R_I	P68390	COR	['FL']	[-3.254]	LI18I	LI13I	[7.14e-09]	[2.94e-11]	1R0R_I_LI18I	Pr/PI	Pr/PI	1	5
1403	1R0R	1R0R_I	P68390	COR	['FL']	[-7.688]	LI18P	LI13P	[1.27e-05]	[2.94e-11]	1R0R_I_LI18P	Pr/PI	Pr/PI	1	5
1404	1R0R	1R0R_I	P68390	COR	['FL']	[-0.16]	LI18T	LI13T	[3.85e-11]	[2.94e-11]	1R0R_I_LI18T	Pr/PI	Pr/PI	1	5
1405	1R0R	1R0R_I	P68390	COR	['FL']	[-2.157]	LI18V	LI13V	[1.12e-09]	[2.94e-11]	1R0R_I_LI18V	Pr/PI	Pr/PI	1	5
1406	1R0R	1R0R_I	P68390	COR	['FL']	[1.346]	LI18C	LI13C	[3.03e-12]	[2.94e-11]	1R0R_I_LI18C	Pr/PI	Pr/PI	1	5
1407	1R0R	1R0R_I	P68390	COR	['FL']	[-1.571]	LI18S	LI13S	[4.17e-10]	[2.94e-11]	1R0R_I_LI18S	Pr/PI	Pr/PI	1	5
1408	1R0R	1R0R_I	P68390	COR	['FL']	[-2.353]	LI18G	LI13G	[1.56e-09]	[2.94e-11]	1R0R_I_LI18G	Pr/PI	Pr/PI	1	5
1409	1PPF	1PPF_I	P68390	COR	['FL']	[-7.544]	LI18W	LI18W	[5.56e-05]	[1.64e-10]	1PPF_I_LI18W	Pr/PI	Pr/PI	1	5
1410	1PPF	1PPF_I	P68390	COR	['FL']	[-6.636]	LI18Y	LI18Y	[1.2e-05]	[1.64e-10]	1PPF_I_LI18Y	Pr/PI	Pr/PI	1	5
1411	1PPF	1PPF_I	P68390	COR	['FL']	[-7.185]	LI18R	LI18R	[3.03e-05]	[1.64e-10]	1PPF_I_LI18R	Pr/PI	Pr/PI	1	5
1412	1PPF	1PPF_I	P68390	COR	['FL']	[-5.17]	LI18F	LI18F	[1.01e-06]	[1.64e-10]	1PPF_I_LI18F	Pr/PI	Pr/PI	1	4
1413	1PPF	1PPF_I	P68390	COR	['FL']	[-6.471]	LI18H	LI18H	[9.09e-06]	[1.64e-10]	1PPF_I_LI18H	Pr/PI	Pr/PI	1	4
1414	1PPF	1PPF_I	P68390	COR	['FL']	[-7.613]	LI18D	LI18D	[6.25e-05]	[1.64e-10]	1PPF_I_LI18D	Pr/PI	Pr/PI	1	4
1415	1PPF	1PPF_I	P68390	COR	['FL']	[-5.225]	LI18N	LI18N	[1.11e-06]	[1.64e-10]	1PPF_I_LI18N	Pr/PI	Pr/PI	1	5
1416	1PPF	1PPF_I	P68390	COR	['FL']	[0.733]	LI18I	LI18I	[4.76e-11]	[1.64e-10]	1PPF_I_LI18I	Pr/PI	Pr/PI	1	5
1417	1EMV	1EMV_B	P09883	SUP	['RA']	[0.54]	SB78A	SB78A	[1.31e-14]	[3.26e-14]	1EMV_B_SB78A		2VLP_A_B,2VLN_A_B,2VLQ_A_B,2VLO_A_B,1EMV_A_B,1FR2_A_B,2GYK_A_B,2WPT_A_B	1	3
1418	1EMV	1EMV_B	P09883	COR	['RA']	[0.233]	SB77A	SB77A	[2.2e-14]	[3.26e-14]	1EMV_B_SB77A		2VLP_A_B,2VLN_A_B,2VLQ_A_B,2VLO_A_B,1EMV_A_B,1FR2_A_B,2GYK_A_B,2WPT_A_B	1	3
1419	1EMV	1EMV_B	P09883	SUP	['RA']	[-2.336]	NB75A	NB75A	[1.68e-12]	[3.26e-14]	1EMV_B_NB75A		2VLP_A_B,2VLN_A_B,2VLQ_A_B,2VLO_A_B,1EMV_A_B,1FR2_A_B,2GYK_A_B,2WPT_A_B	1	3
1420	1EMV	1EMV_B	P09883	COR	['RA']	[0.241]	SB74A	SB74A	[2.17e-14]	[3.26e-14]	1EMV_B_SB74A		2VLP_A_B,2VLN_A_B,2VLQ_A_B,2VLO_A_B,1EMV_A_B,1FR2_A_B,2GYK_A_B,2WPT_A_B	1	3
1421	1EMV	1EMV_B	P09883	COR	['RA']	[-1.165]	NB72A	NB72A	[2.33e-13]	[3.26e-14]	1EMV_B_NB72A		2VLP_A_B,2VLN_A_B,2VLQ_A_B,2VLO_A_B,1EMV_A_B,1FR2_A_B,2GYK_A_B,2WPT_A_B	1	3
1422	1EMV	1EMV_B	P09883	COR	['RA']	[-1.666]	RB54A	RB54A	[5.43e-13]	[3.26e-14]	1EMV_B_RB54A		2VLP_A_B,2VLN_A_B,2VLQ_A_B,2VLO_A_B,1EMV_A_B,1FR2_A_B,2GYK_A_B,2WPT_A_B	1	3
1423	2VLO	2VLO_B	P09883	SUP	['RA']	[1.961]	AB97K	AB95K	[3.26e-14]	[8.92e-13]	2VLO_B_AB97K		2VLP_A_B,2VLN_A_B,2VLQ_A_B,2VLO_A_B,1EMV_A_B,1FR2_A_B,2GYK_A_B,2WPT_A_B	1	7
1424	3SGB	3SGB_I	P68390	COR	['FL']	[0.013]	LI18C	LI12C	[1.75e-11]	[1.79e-11]	3SGB_I_LI18C	Pr/PI	Pr/PI	1	9
1425	3SGB	3SGB_I	P68390	COR	['FL']	[-4.158]	LI18S	LI12S	[2e-08]	[1.79e-11]	3SGB_I_LI18S	Pr/PI	Pr/PI	1	9
1426	3SGB	3SGB_I	P68390	COR	['FL']	[-5.003]	LI18G	LI12G	[8.33e-08]	[1.79e-11]	3SGB_I_LI18G	Pr/PI	Pr/PI	1	9
1427	1R0R	1R0R_I	P68390	COR	['FL']	[-1.524]	LI18W	LI13W	[3.85e-10]	[2.94e-11]	1R0R_I_LI18W	Pr/PI	Pr/PI	1	5
1428	1R0R	1R0R_I	P68390	COR	['FL']	[-0.447]	LI18Y	LI13Y	[6.25e-11]	[2.94e-11]	1R0R_I_LI18Y	Pr/PI	Pr/PI	1	5
1429	1R0R	1R0R_I	P68390	COR	['FL']	[-2.935]	LI18R	LI13R	[4.17e-09]	[2.94e-11]	1R0R_I_LI18R	Pr/PI	Pr/PI	1	5
1430	1R0R	1R0R_I	P68390	COR	['FL']	[-0.617]	LI18F	LI13F	[8.33e-11]	[2.94e-11]	1R0R_I_LI18F	Pr/PI	Pr/PI	1	5
1431	1R0R	1R0R_I	P68390	COR	['FL']	[-0.57]	LI18H	LI13H	[7.69e-11]	[2.94e-11]	1R0R_I_LI18H	Pr/PI	Pr/PI	1	5
1432	1R0R	1R0R_I	P68390	COR	['FL']	[-4.539]	LI18D	LI13D	[6.25e-08]	[2.94e-11]	1R0R_I_LI18D	Pr/PI	Pr/PI	1	5
1433	3SGB	3SGB_I	P68390	COR	['FL']	[-3.182]	LI18K	LI12K	[3.85e-09]	[1.79e-11]	3SGB_I_LI18K	Pr/PI	Pr/PI	1	9
1434	3SGB	3SGB_I	P68390	COR	['FL']	[-5.669]	LI18D	LI12D	[2.56e-07]	[1.79e-11]	3SGB_I_LI18D	Pr/PI	Pr/PI	1	9
1435	3SGB	3SGB_I	P68390	COR	['FL']	[-3.4]	LI18N	LI12N	[5.56e-09]	[1.79e-11]	3SGB_I_LI18N	Pr/PI	Pr/PI	1	9
1436	3SGB	3SGB_I	P68390	COR	['FL']	[-4.481]	LI18I	LI12I	[3.45e-08]	[1.79e-11]	3SGB_I_LI18I	Pr/PI	Pr/PI	1	9
1437	3SGB	3SGB_I	P68390	COR	['FL']	[-8.446]	LI18P	LI12P	[2.78e-05]	[1.79e-11]	3SGB_I_LI18P	Pr/PI	Pr/PI	1	9
1438	3SGB	3SGB_I	P68390	COR	['FL']	[-3.205]	LI18T	LI12T	[4e-09]	[1.79e-11]	3SGB_I_LI18T	Pr/PI	Pr/PI	1	9
1439	3SGB	3SGB_I	P68390	COR	['FL']	[-3.034]	LI18V	LI12V	[3e-09]	[1.79e-11]	3SGB_I_LI18V	Pr/PI	Pr/PI	1	9
1440	1EMV	1EMV_A	P13479	SUR	['SFFL']	[-0.337]	DA26A	DA24A	[2.86e-14]	[1.62e-14]	1EMV_A_DA26A		2VLP_A_B,2VLN_A_B,2VLQ_A_B,2VLO_A_B,1EMV_A_B,1FR2_A_B,2GYK_A_B,2WPT_A_B	1	3
1441	1EMV	1EMV_A	P13479	RIM	['SFFL']	[-0.139]	NA24A	NA22A	[2.05e-14]	[1.62e-14]	1EMV_A_NA24A		2VLP_A_B,2VLN_A_B,2VLQ_A_B,2VLO_A_B,1EMV_A_B,1FR2_A_B,2GYK_A_B,2WPT_A_B	1	3
1442	1EMV	1EMV_A	P13479	COR	['SFFL']	[-0.922]	CA23A	CA21A	[7.68e-14]	[1.62e-14]	1EMV_A_CA23A		2VLP_A_B,2VLN_A_B,2VLQ_A_B,2VLO_A_B,1EMV_A_B,1FR2_A_B,2GYK_A_B,2WPT_A_B	1	3
1443	1EMV	1EMV_B	P09883	SUP	['RA']	[-1.089]	VB98A	VB98A	[2.05e-13]	[3.26e-14]	1EMV_B_VB98A		2VLP_A_B,2VLN_A_B,2VLQ_A_B,2VLO_A_B,1EMV_A_B,1FR2_A_B,2GYK_A_B,2WPT_A_B	1	3
1444	1EMV	1EMV_B	P09883	COR	['RA']	[-1.961]	KB97A	KB97A	[8.92e-13]	[3.26e-14]	1EMV_B_KB97A		2VLP_A_B,2VLN_A_B,2VLQ_A_B,2VLO_A_B,1EMV_A_B,1FR2_A_B,2GYK_A_B,2WPT_A_B	1	3
1445	1EMV	1EMV_B	P09883	SUP	['RA']	[0.278]	QB92A	QB92A	[2.04e-14]	[3.26e-14]	1EMV_B_QB92A		2VLP_A_B,2VLN_A_B,2VLQ_A_B,2VLO_A_B,1EMV_A_B,1FR2_A_B,2GYK_A_B,2WPT_A_B	1	3
1446	1EMV	1EMV_B	P09883	SUP	['RA']	[-0.159]	TB87A	TB87A	[4.26e-14]	[3.26e-14]	1EMV_B_TB87A		2VLP_A_B,2VLN_A_B,2VLQ_A_B,2VLO_A_B,1EMV_A_B,1FR2_A_B,2GYK_A_B,2WPT_A_B	1	3
1447	1EMV	1EMV_B	P09883	COR	['RA']	[-3.881]	FB86A	FB86A	[2.28e-11]	[3.26e-14]	1EMV_B_FB86A		2VLP_A_B,2VLN_A_B,2VLQ_A_B,2VLO_A_B,1EMV_A_B,1FR2_A_B,2GYK_A_B,2WPT_A_B	1	3
1448	1EMV	1EMV_B	P09883	SUP	['RA']	[0.109]	SB84A	SB84A	[2.71e-14]	[3.26e-14]	1EMV_B_SB84A		2VLP_A_B,2VLN_A_B,2VLQ_A_B,2VLO_A_B,1EMV_A_B,1FR2_A_B,2GYK_A_B,2WPT_A_B	1	3
1449	1CHO	1CHO_I	P68390	COR	['FL']	[-2.499]	AI15K	AI12K	[3.57e-10]	[5.26e-12]	1CHO_I_AI15K	Pr/PI	Pr/PI	1	2
1450	1CHO	1CHO_I	P68390	COR	['FL']	[0.0]	AI15D	AI12D	[5.26e-12]	[5.26e-12]	1CHO_I_AI15D	Pr/PI	Pr/PI	1	2
1451	1CHO	1CHO_I	P68390	COR	['FL']	[0.289]	AI15N	AI12N	[3.23e-12]	[5.26e-12]	1CHO_I_AI15N	Pr/PI	Pr/PI	1	2
1452	1CHO	1CHO_I	P68390	COR	['FL']	[-0.141]	AI15M	AI12M	[6.67e-12]	[5.26e-12]	1CHO_I_AI15M	Pr/PI	Pr/PI	1	2
1453	1CHO	1CHO_I	P68390	COR	['FL']	[-0.655]	AI15I	AI12I	[1.59e-11]	[5.26e-12]	1CHO_I_AI15I	Pr/PI	Pr/PI	1	2
1454	1CHO	1CHO_I	P68390	COR	['FL']	[-0.141]	AI15L	AI12L	[6.67e-12]	[5.26e-12]	1CHO_I_AI15L	Pr/PI	Pr/PI	1	2
1455	1CHO	1CHO_I	P68390	COR	['FL']	[-3.109]	AI15P	AI12P	[1e-09]	[5.26e-12]	1CHO_I_AI15P	Pr/PI	Pr/PI	1	2
1456	1CHO	1CHO_I	P68390	COR	['FL']	[-0.969]	AI15T	AI12T	[2.7e-11]	[5.26e-12]	1CHO_I_AI15T	Pr/PI	Pr/PI	1	2
1457	1CHO	1CHO_I	P68390	COR	['FL']	[0.327]	AI15C	AI12C	[3.03e-12]	[5.26e-12]	1CHO_I_AI15C	Pr/PI	Pr/PI	1	2
1458	1CHO	1CHO_I	P68390	COR	['FL']	[-0.066]	AI15S	AI12S	[5.88e-12]	[5.26e-12]	1CHO_I_AI15S	Pr/PI	Pr/PI	1	2
1459	1CHO	1CHO_I	P68390	COR	['FL']	[-0.066]	AI15G	AI12G	[5.88e-12]	[5.26e-12]	1CHO_I_AI15G	Pr/PI	Pr/PI	1	2
1460	3SGB	3SGB_I	P68390	COR	['FL']	[-1.865]	LI18W	LI12W	[4.17e-10]	[1.79e-11]	3SGB_I_LI18W	Pr/PI	Pr/PI	1	9
1461	3SGB	3SGB_I	P68390	COR	['FL']	[-1.676]	LI18Y	LI12Y	[3.03e-10]	[1.79e-11]	3SGB_I_LI18Y	Pr/PI	Pr/PI	1	9
1462	3SGB	3SGB_I	P68390	COR	['FL']	[-3.367]	LI18R	LI12R	[5.26e-09]	[1.79e-11]	3SGB_I_LI18R	Pr/PI	Pr/PI	1	9
1463	3SGB	3SGB_I	P68390	COR	['FL']	[-1.374]	LI18F	LI12F	[1.82e-10]	[1.79e-11]	3SGB_I_LI18F	Pr/PI	Pr/PI	1	9
1464	3SGB	3SGB_I	P68390	COR	['FL']	[-1.714]	LI18H	LI12H	[3.23e-10]	[1.79e-11]	3SGB_I_LI18H	Pr/PI	Pr/PI	1	9
1465	1PPF	1PPF_I	P68390	COR	['FL']	[-0.915]	AI15N	AI15N	[7.69e-10]	[1.64e-10]	1PPF_I_AI15N	Pr/PI	Pr/PI	1	4
1466	1PPF	1PPF_I	P68390	COR	['FL']	[0.401]	AI15M	AI15M	[8.33e-11]	[1.64e-10]	1PPF_I_AI15M	Pr/PI	Pr/PI	1	4
1467	1PPF	1PPF_I	P68390	COR	['FL']	[-0.329]	AI15I	AI15I	[2.86e-10]	[1.64e-10]	1PPF_I_AI15I	Pr/PI	Pr/PI	1	4
1468	1PPF	1PPF_I	P68390	COR	['FL']	[-0.018]	AI15L	AI15L	[1.69e-10]	[1.64e-10]	1PPF_I_AI15L	Pr/PI	Pr/PI	1	4
1469	1PPF	1PPF_I	P68390	COR	['FL']	[-1.995]	AI15P	AI15P	[4.76e-09]	[1.64e-10]	1PPF_I_AI15P	Pr/PI	Pr/PI	1	4
1470	1PPF	1PPF_I	P68390	COR	['FL']	[-0.963]	AI15T	AI15T	[8.33e-10]	[1.64e-10]	1PPF_I_AI15T	Pr/PI	Pr/PI	1	4
1471	1PPF	1PPF_I	P68390	COR	['FL']	[0.674]	AI15C	AI15C	[5.26e-11]	[1.64e-10]	1PPF_I_AI15C	Pr/PI	Pr/PI	1	4
1472	1PPF	1PPF_I	P68390	COR	['FL']	[-0.756]	AI15S	AI15S	[5.88e-10]	[1.64e-10]	1PPF_I_AI15S	Pr/PI	Pr/PI	1	4
1473	1PPF	1PPF_I	P68390	COR	['FL']	[-1.138]	AI15G	AI15G	[1.12e-09]	[1.64e-10]	1PPF_I_AI15G	Pr/PI	Pr/PI	1	4
1474	1CHO	1CHO_I	P68390	COR	['FL']	[1.925]	AI15W	AI12W	[2.04e-13]	[5.26e-12]	1CHO_I_AI15W	Pr/PI	Pr/PI	1	2
1475	1CHO	1CHO_I	P68390	COR	['FL']	[0.876]	AI15Y	AI12Y	[1.2e-12]	[5.26e-12]	1CHO_I_AI15Y	Pr/PI	Pr/PI	1	2
1476	1CHO	1CHO_I	P68390	COR	['FL']	[-0.469]	AI15R	AI12R	[1.16e-11]	[5.26e-12]	1CHO_I_AI15R	Pr/PI	Pr/PI	1	2
1477	1CHO	1CHO_I	P68390	COR	['FL']	[0.735]	AI15F	AI12F	[1.52e-12]	[5.26e-12]	1CHO_I_AI15F	Pr/PI	Pr/PI	1	2
1478	1CHO	1CHO_I	P68390	COR	['FL']	[0.327]	AI15H	AI12H	[3.03e-12]	[5.26e-12]	1CHO_I_AI15H	Pr/PI	Pr/PI	1	2
1479	1CHO	1CHO_I	P68390	COR	['FL']	[-0.225]	AI15E	AI12E	[7.69e-12]	[5.26e-12]	1CHO_I_AI15E	Pr/PI	Pr/PI	1	2
1480	1CHO	1CHO_I	P68390	COR	['FL']	[-0.442]	AI15Q	AI12Q	[1.11e-11]	[5.26e-12]	1CHO_I_AI15Q	Pr/PI	Pr/PI	1	2
1481	1R0R	1R0R_I	P68390	COR	['FL']	[0.483]	AI15C	AI10C	[1.3e-11]	[2.94e-11]	1R0R_I_AI15C	Pr/PI	Pr/PI	1	5
1482	1R0R	1R0R_I	P68390	COR	['FL']	[-1.742]	AI15S	AI10S	[5.56e-10]	[2.94e-11]	1R0R_I_AI15S	Pr/PI	Pr/PI	1	5
1483	1R0R	1R0R_I	P68390	COR	['FL']	[-1.112]	AI15G	AI10G	[1.92e-10]	[2.94e-11]	1R0R_I_AI15G	Pr/PI	Pr/PI	1	5
1484	1PPF	1PPF_I	P68390	COR	['FL']	[0.641]	AI15W	AI15W	[5.56e-11]	[1.64e-10]	1PPF_I_AI15W	Pr/PI	Pr/PI	1	4
1485	1PPF	1PPF_I	P68390	COR	['FL']	[0.185]	AI15Y	AI15Y	[1.2e-10]	[1.64e-10]	1PPF_I_AI15Y	Pr/PI	Pr/PI	1	4
1486	1PPF	1PPF_I	P68390	COR	['FL']	[0.264]	AI15R	AI15R	[1.05e-10]	[1.64e-10]	1PPF_I_AI15R	Pr/PI	Pr/PI	1	4
1487	1PPF	1PPF_I	P68390	COR	['FL']	[0.073]	AI15F	AI15F	[1.45e-10]	[1.64e-10]	1PPF_I_AI15F	Pr/PI	Pr/PI	1	4
1488	1PPF	1PPF_I	P68390	COR	['FL']	[-0.553]	AI15H	AI15H	[4.17e-10]	[1.64e-10]	1PPF_I_AI15H	Pr/PI	Pr/PI	1	4
1489	2VLQ	2VLQ_B	P09883	COR	['RA']	[3.881]	AB86F	AB86F	[3.26e-14]	[2.28e-11]	2VLQ_B_AB86F		2VLP_A_B,2VLN_A_B,2VLQ_A_B,2VLO_A_B,1EMV_A_B,1FR2_A_B,2GYK_A_B,2WPT_A_B	1	7
1490	2VLN	2VLN_B	P09883	SUP	['RA']	[2.336]	AB75N	AB75N	[3.26e-14]	[1.68e-12]	2VLN_B_AB75N		2VLP_A_B,2VLN_A_B,2VLQ_A_B,2VLO_A_B,1EMV_A_B,1FR2_A_B,2GYK_A_B,2WPT_A_B	1	7
1491	2VLP	2VLP_B	P09883	INT	['RA']	[1.666]	AB54R	AB54R	[3.26e-14]	[5.43e-13]	2VLP_B_AB54R		2VLP_A_B,2VLN_A_B,2VLQ_A_B,2VLO_A_B,1EMV_A_B,1FR2_A_B,2GYK_A_B,2WPT_A_B	1	7
1492	2WPT	2WPT_A	P04482	SUP	['SFFL']	[-2.928]	PA56A	PA53A	[2.1e-06]	[1.5e-08]	2WPT_A_PA56A		2WPT_A_B,2VLP_A_B,2VLN_A_B,2VLQ_A_B,2VLO_A_B,1EMV_A_B,1FR2_A_B,2GYK_A_B	1	7
1493	1PPF	1PPF_I	P68390	COR	['FL']	[-0.106]	AI15E	AI15E	[1.96e-10]	[1.64e-10]	1PPF_I_AI15E	Pr/PI	Pr/PI	1	4
1494	1PPF	1PPF_I	P68390	COR	['FL']	[-0.25]	AI15Q	AI15Q	[2.5e-10]	[1.64e-10]	1PPF_I_AI15Q	Pr/PI	Pr/PI	1	4
1495	1PPF	1PPF_I	P68390	COR	['FL']	[-1.128]	AI15K	AI15K	[1.1e-09]	[1.64e-10]	1PPF_I_AI15K	Pr/PI	Pr/PI	1	4
1496	1PPF	1PPF_I	P68390	COR	['FL']	[-1.138]	AI15D	AI15D	[1.12e-09]	[1.64e-10]	1PPF_I_AI15D	Pr/PI	Pr/PI	1	4
1497	3SGB	3SGB_I	P68390	COR	['FL']	[-2.486]	AI15G	AI9G	[1.19e-09]	[1.79e-11]	3SGB_I_AI15G	Pr/PI	Pr/PI	1	9
1498	1R0R	1R0R_I	P68390	COR	['FL']	[-0.207]	AI15W	AI10W	[4.17e-11]	[2.94e-11]	1R0R_I_AI15W	Pr/PI	Pr/PI	1	5
1499	1R0R	1R0R_I	P68390	COR	['FL']	[0.838]	AI15Y	AI10Y	[7.14e-12]	[2.94e-11]	1R0R_I_AI15Y	Pr/PI	Pr/PI	1	5
1500	1R0R	1R0R_I	P68390	COR	['FL']	[-5.53]	AI15R	AI10R	[3.33e-07]	[2.94e-11]	1R0R_I_AI15R	Pr/PI	Pr/PI	1	5
1501	1R0R	1R0R_I	P68390	COR	['FL']	[2.243]	AI15F	AI10F	[6.67e-13]	[2.94e-11]	1R0R_I_AI15F	Pr/PI	Pr/PI	1	5
1502	1R0R	1R0R_I	P68390	COR	['FL']	[-1.775]	AI15H	AI10H	[5.88e-10]	[2.94e-11]	1R0R_I_AI15H	Pr/PI	Pr/PI	1	5
1503	1R0R	1R0R_I	P68390	COR	['FL']	[-4.578]	AI15E	AI10E	[6.67e-08]	[2.94e-11]	1R0R_I_AI15E	Pr/PI	Pr/PI	1	5
1504	1R0R	1R0R_I	P68390	COR	['FL']	[-1.811]	AI15Q	AI10Q	[6.25e-10]	[2.94e-11]	1R0R_I_AI15Q	Pr/PI	Pr/PI	1	5
1505	1R0R	1R0R_I	P68390	COR	['FL']	[-3.073]	AI15K	AI10K	[5.26e-09]	[2.94e-11]	1R0R_I_AI15K	Pr/PI	Pr/PI	1	5
1506	1R0R	1R0R_I	P68390	COR	['FL']	[-5.228]	AI15D	AI10D	[2e-07]	[2.94e-11]	1R0R_I_AI15D	Pr/PI	Pr/PI	1	5
1507	1R0R	1R0R_I	P68390	COR	['FL']	[-2.089]	AI15N	AI10N	[1e-09]	[2.94e-11]	1R0R_I_AI15N	Pr/PI	Pr/PI	1	5
1508	1R0R	1R0R_I	P68390	COR	['FL']	[1.74]	AI15M	AI10M	[1.56e-12]	[2.94e-11]	1R0R_I_AI15M	Pr/PI	Pr/PI	1	5
1509	1R0R	1R0R_I	P68390	COR	['FL']	[1.8]	AI15I	AI10I	[1.41e-12]	[2.94e-11]	1R0R_I_AI15I	Pr/PI	Pr/PI	1	5
1510	1R0R	1R0R_I	P68390	COR	['FL']	[1.755]	AI15L	AI10L	[1.52e-12]	[2.94e-11]	1R0R_I_AI15L	Pr/PI	Pr/PI	1	5
1511	1R0R	1R0R_I	P68390	COR	['FL']	[-3.345]	AI15P	AI10P	[8.33e-09]	[2.94e-11]	1R0R_I_AI15P	Pr/PI	Pr/PI	1	5
1512	1R0R	1R0R_I	P68390	COR	['FL']	[-1.268]	AI15T	AI10T	[2.5e-10]	[2.94e-11]	1R0R_I_AI15T	Pr/PI	Pr/PI	1	5
1513	3SGB	3SGB_I	P68390	COR	['FL']	[1.647]	AI15Y	AI9Y	[1.11e-12]	[1.79e-11]	3SGB_I_AI15Y	Pr/PI	Pr/PI	1	9
1514	3SGB	3SGB_I	P68390	COR	['FL']	[-2.036]	AI15R	AI9R	[5.56e-10]	[1.79e-11]	3SGB_I_AI15R	Pr/PI	Pr/PI	1	9
1515	3SGB	3SGB_I	P68390	COR	['FL']	[1.181]	AI15F	AI9F	[2.44e-12]	[1.79e-11]	3SGB_I_AI15F	Pr/PI	Pr/PI	1	9
1516	3SGB	3SGB_I	P68390	COR	['FL']	[0.453]	AI15H	AI9H	[8.33e-12]	[1.79e-11]	3SGB_I_AI15H	Pr/PI	Pr/PI	1	9
1517	3SGB	3SGB_I	P68390	COR	['FL']	[-0.671]	AI15E	AI9E	[5.56e-11]	[1.79e-11]	3SGB_I_AI15E	Pr/PI	Pr/PI	1	9
1518	3SGB	3SGB_I	P68390	COR	['FL']	[-0.43]	AI15Q	AI9Q	[3.7e-11]	[1.79e-11]	3SGB_I_AI15Q	Pr/PI	Pr/PI	1	9
1519	3SGB	3SGB_I	P68390	COR	['FL']	[-2.491]	AI15K	AI9K	[1.2e-09]	[1.79e-11]	3SGB_I_AI15K	Pr/PI	Pr/PI	1	9
1520	3SGB	3SGB_I	P68390	COR	['FL']	[-0.476]	AI15D	AI9D	[4e-11]	[1.79e-11]	3SGB_I_AI15D	Pr/PI	Pr/PI	1	9
1521	3SGB	3SGB_I	P68390	COR	['FL']	[0.089]	AI15N	AI9N	[1.54e-11]	[1.79e-11]	3SGB_I_AI15N	Pr/PI	Pr/PI	1	9
1522	3SGB	3SGB_I	P68390	COR	['FL']	[-0.089]	AI15M	AI9M	[2.08e-11]	[1.79e-11]	3SGB_I_AI15M	Pr/PI	Pr/PI	1	9
1523	3SGB	3SGB_I	P68390	COR	['FL']	[0.453]	AI15I	AI9I	[8.33e-12]	[1.79e-11]	3SGB_I_AI15I	Pr/PI	Pr/PI	1	9
1524	3SGB	3SGB_I	P68390	COR	['FL']	[-0.169]	AI15L	AI9L	[2.38e-11]	[1.79e-11]	3SGB_I_AI15L	Pr/PI	Pr/PI	1	9
1525	3SGB	3SGB_I	P68390	COR	['FL']	[-0.553]	AI15P	AI9P	[4.55e-11]	[1.79e-11]	3SGB_I_AI15P	Pr/PI	Pr/PI	1	9
1526	3SGB	3SGB_I	P68390	COR	['FL']	[-0.331]	AI15T	AI9T	[3.13e-11]	[1.79e-11]	3SGB_I_AI15T	Pr/PI	Pr/PI	1	9
1527	3SGB	3SGB_I	P68390	COR	['FL']	[-0.042]	AI15C	AI9C	[1.92e-11]	[1.79e-11]	3SGB_I_AI15C	Pr/PI	Pr/PI	1	9
1528	3SGB	3SGB_I	P68390	COR	['FL']	[-0.911]	AI15S	AI9S	[8.33e-11]	[1.79e-11]	3SGB_I_AI15S	Pr/PI	Pr/PI	1	9
1529	1CHO	1CHO_I	P68390	COR	['FL']	[-4.159]	TI17W	TI14W	[5.88e-09]	[5.26e-12]	1CHO_I_TI17W	Pr/PI	Pr/PI	1	2
1530	1CHO	1CHO_I	P68390	COR	['FL']	[-4.473]	TI17Y	TI14Y	[1e-08]	[5.26e-12]	1CHO_I_TI17Y	Pr/PI	Pr/PI	1	2
1531	1CHO	1CHO_I	P68390	COR	['FL']	[-3.884]	TI17R	TI14R	[3.7e-09]	[5.26e-12]	1CHO_I_TI17R	Pr/PI	Pr/PI	1	2
1532	1CHO	1CHO_I	P68390	COR	['FL']	[-4.233]	TI17F	TI14F	[6.67e-09]	[5.26e-12]	1CHO_I_TI17F	Pr/PI	Pr/PI	1	2
1533	1CHO	1CHO_I	P68390	COR	['FL']	[-3.652]	TI17H	TI14H	[2.5e-09]	[5.26e-12]	1CHO_I_TI17H	Pr/PI	Pr/PI	1	2
1534	1CHO	1CHO_I	P68390	COR	['FL']	[-3.682]	TI17Q	TI14Q	[2.63e-09]	[5.26e-12]	1CHO_I_TI17Q	Pr/PI	Pr/PI	1	2
1535	1CHO	1CHO_I	P68390	COR	['FL']	[-4.093]	TI17K	TI14K	[5.26e-09]	[5.26e-12]	1CHO_I_TI17K	Pr/PI	Pr/PI	1	2
1536	1CHO	1CHO_I	P68390	COR	['FL']	[-6.821]	TI17D	TI14D	[5.26e-07]	[5.26e-12]	1CHO_I_TI17D	Pr/PI	Pr/PI	1	2
1537	1CHO	1CHO_I	P68390	COR	['FL']	[-4.318]	TI17N	TI14N	[7.69e-09]	[5.26e-12]	1CHO_I_TI17N	Pr/PI	Pr/PI	1	2
1538	1CHO	1CHO_I	P68390	COR	['FL']	[-3.955]	TI17M	TI14M	[4.17e-09]	[5.26e-12]	1CHO_I_TI17M	Pr/PI	Pr/PI	1	2
1539	1CHO	1CHO_I	P68390	COR	['FL']	[-3.652]	TI17I	TI14I	[2.5e-09]	[5.26e-12]	1CHO_I_TI17I	Pr/PI	Pr/PI	1	2
1540	1CHO	1CHO_I	P68390	COR	['FL']	[-4.417]	TI17L	TI14L	[9.09e-09]	[5.26e-12]	1CHO_I_TI17L	Pr/PI	Pr/PI	1	2
1541	1CHO	1CHO_I	P68390	COR	['FL']	[-4.233]	TI17P	TI14P	[6.67e-09]	[5.26e-12]	1CHO_I_TI17P	Pr/PI	Pr/PI	1	2
1542	1CHO	1CHO_I	P68390	COR	['FL']	[-3.329]	TI17C	TI14C	[1.45e-09]	[5.26e-12]	1CHO_I_TI17C	Pr/PI	Pr/PI	1	2
1543	1CHO	1CHO_I	P68390	COR	['FL']	[-5.294]	TI17G	TI14G	[4e-08]	[5.26e-12]	1CHO_I_TI17G	Pr/PI	Pr/PI	1	2
1544	3SGB	3SGB_I	P68390	COR	['FL']	[1.554]	AI15W	AI9W	[1.3e-12]	[1.79e-11]	3SGB_I_AI15W	Pr/PI	Pr/PI	1	9
1545	1R0R	1R0R_I	P68390	COR	['FL']	[-3.139]	TI17G	TI12G	[5.88e-09]	[2.94e-11]	1R0R_I_TI17G	Pr/PI	Pr/PI	1	5
1546	1PPF	1PPF_I	P68390	COR	['FL']	[-2.195]	TI17W	TI17W	[6.67e-09]	[1.64e-10]	1PPF_I_TI17W	Pr/PI	Pr/PI	1	5
1547	1PPF	1PPF_I	P68390	COR	['FL']	[-2.481]	TI17Y	TI17Y	[1.08e-08]	[1.64e-10]	1PPF_I_TI17Y	Pr/PI	Pr/PI	1	5
1548	1PPF	1PPF_I	P68390	COR	['FL']	[-3.452]	TI17R	TI17R	[5.56e-08]	[1.64e-10]	1PPF_I_TI17R	Pr/PI	Pr/PI	1	5
1549	1PPF	1PPF_I	P68390	COR	['FL']	[-1.71]	TI17F	TI17F	[2.94e-09]	[1.64e-10]	1PPF_I_TI17F	Pr/PI	Pr/PI	1	5
1550	1PPF	1PPF_I	P68390	COR	['FL']	[-1.694]	TI17H	TI17H	[2.86e-09]	[1.64e-10]	1PPF_I_TI17H	Pr/PI	Pr/PI	1	5
1551	1PPF	1PPF_I	P68390	COR	['FL']	[-1.969]	TI17Q	TI17Q	[4.55e-09]	[1.64e-10]	1PPF_I_TI17Q	Pr/PI	Pr/PI	1	5
1552	1PPF	1PPF_I	P68390	COR	['FL']	[-3.389]	TI17K	TI17K	[5e-08]	[1.64e-10]	1PPF_I_TI17K	Pr/PI	Pr/PI	1	5
1553	1PPF	1PPF_I	P68390	COR	['FL']	[-4.924]	TI17D	TI17D	[6.67e-07]	[1.64e-10]	1PPF_I_TI17D	Pr/PI	Pr/PI	1	5
1554	1PPF	1PPF_I	P68390	COR	['FL']	[-2.699]	TI17N	TI17N	[1.56e-08]	[1.64e-10]	1PPF_I_TI17N	Pr/PI	Pr/PI	1	5
1555	1PPF	1PPF_I	P68390	COR	['FL']	[-2.502]	TI17M	TI17M	[1.12e-08]	[1.64e-10]	1PPF_I_TI17M	Pr/PI	Pr/PI	1	5
1556	1PPF	1PPF_I	P68390	COR	['FL']	[-1.482]	TI17I	TI17I	[2e-09]	[1.64e-10]	1PPF_I_TI17I	Pr/PI	Pr/PI	1	5
1557	1PPF	1PPF_I	P68390	COR	['FL']	[-2.28]	TI17L	TI17L	[7.69e-09]	[1.64e-10]	1PPF_I_TI17L	Pr/PI	Pr/PI	1	5
1558	1PPF	1PPF_I	P68390	COR	['FL']	[-3.074]	TI17P	TI17P	[2.94e-08]	[1.64e-10]	1PPF_I_TI17P	Pr/PI	Pr/PI	1	5
1559	1PPF	1PPF_I	P68390	COR	['FL']	[-2.087]	TI17C	TI17C	[5.56e-09]	[1.64e-10]	1PPF_I_TI17C	Pr/PI	Pr/PI	1	5
1560	1PPF	1PPF_I	P68390	COR	['FL']	[-3.6]	TI17G	TI17G	[7.14e-08]	[1.64e-10]	1PPF_I_TI17G	Pr/PI	Pr/PI	1	5
1561	2WPT	2WPT_A	P04482	RIM	['SFFL']	[-1.734]	EA30A	EA27A	[2.8e-07]	[1.5e-08]	2WPT_A_EA30A		2WPT_A_B,2VLP_A_B,2VLN_A_B,2VLQ_A_B,2VLO_A_B,1EMV_A_B,1FR2_A_B,2GYK_A_B	1	7
1562	2WPT	2WPT_A	P04482	SUR	['SFFL']	[0.372]	RA42E	RA39E	[8e-09]	[1.5e-08]	2WPT_A_RA42E		2WPT_A_B,2VLP_A_B,2VLN_A_B,2VLQ_A_B,2VLO_A_B,1EMV_A_B,1FR2_A_B,2GYK_A_B	1	7
1563	2WPT	2WPT_A	P04482	INT	['SFFL']	[-0.038]	EA39H	EA36H	[1.6e-08]	[1.5e-08]	2WPT_A_EA39H		2WPT_A_B,2VLP_A_B,2VLN_A_B,2VLQ_A_B,2VLO_A_B,1EMV_A_B,1FR2_A_B,2GYK_A_B	1	7
1564	2WPT	2WPT_A	P04482	RIM	['SFFL']	[1.038]	RA38T	RA35T	[2.6e-09]	[1.5e-08]	2WPT_A_RA38T		2WPT_A_B,2VLP_A_B,2VLN_A_B,2VLQ_A_B,2VLO_A_B,1EMV_A_B,1FR2_A_B,2GYK_A_B	1	7
1565	2WPT	2WPT_A	P04482	COR	['SFFL']	[0.897]	NA34V	NA31V	[3.3e-09]	[1.5e-08]	2WPT_A_NA34V		2WPT_A_B,2VLP_A_B,2VLN_A_B,2VLQ_A_B,2VLO_A_B,1EMV_A_B,1FR2_A_B,2GYK_A_B	1	7
1566	2WPT	2WPT_A	P04482	SUP	['SFFL']	[3.403]	DA33L	DA30L	[4.8e-11]	[1.5e-08]	2WPT_A_DA33L		2WPT_A_B,2VLP_A_B,2VLN_A_B,2VLQ_A_B,2VLO_A_B,1EMV_A_B,1FR2_A_B,2GYK_A_B	1	7
1567	1R0R	1R0R_I	P68390	COR	['FL']	[-0.526]	TI17H	TI12H	[7.14e-11]	[2.94e-11]	1R0R_I_TI17H	Pr/PI	Pr/PI	1	5
1568	1R0R	1R0R_I	P68390	COR	['FL']	[-2.222]	TI17Q	TI12Q	[1.25e-09]	[2.94e-11]	1R0R_I_TI17Q	Pr/PI	Pr/PI	1	5
1569	1R0R	1R0R_I	P68390	COR	['FL']	[-1.934]	TI17K	TI12K	[7.69e-10]	[2.94e-11]	1R0R_I_TI17K	Pr/PI	Pr/PI	1	5
1570	1R0R	1R0R_I	P68390	COR	['FL']	[-2.888]	TI17D	TI12D	[3.85e-09]	[2.94e-11]	1R0R_I_TI17D	Pr/PI	Pr/PI	1	5
1571	1R0R	1R0R_I	P68390	COR	['FL']	[-0.018]	TI17N	TI12N	[3.03e-11]	[2.94e-11]	1R0R_I_TI17N	Pr/PI	Pr/PI	1	5
1572	1R0R	1R0R_I	P68390	COR	['FL']	[-1.331]	TI17M	TI12M	[2.78e-10]	[2.94e-11]	1R0R_I_TI17M	Pr/PI	Pr/PI	1	5
1573	1R0R	1R0R_I	P68390	COR	['FL']	[-0.259]	TI17I	TI12I	[4.55e-11]	[2.94e-11]	1R0R_I_TI17I	Pr/PI	Pr/PI	1	5
1574	1R0R	1R0R_I	P68390	COR	['FL']	[-0.669]	TI17L	TI12L	[9.09e-11]	[2.94e-11]	1R0R_I_TI17L	Pr/PI	Pr/PI	1	5
1575	1R0R	1R0R_I	P68390	COR	['FL']	[-4.95]	TI17P	TI12P	[1.25e-07]	[2.94e-11]	1R0R_I_TI17P	Pr/PI	Pr/PI	1	5
1576	1R0R	1R0R_I	P68390	COR	['FL']	[-0.813]	TI17C	TI12C	[1.16e-10]	[2.94e-11]	1R0R_I_TI17C	Pr/PI	Pr/PI	1	5
1577	3SGB	3SGB_I	P68390	COR	['FL']	[-2.471]	TI17L	TI11L	[1.16e-09]	[1.79e-11]	3SGB_I_TI17L	Pr/PI	Pr/PI	1	9
1578	3SGB	3SGB_I	P68390	COR	['FL']	[-3.182]	TI17P	TI11P	[3.85e-09]	[1.79e-11]	3SGB_I_TI17P	Pr/PI	Pr/PI	1	9
1579	3SGB	3SGB_I	P68390	COR	['FL']	[-2.926]	TI17C	TI11C	[2.5e-09]	[1.79e-11]	3SGB_I_TI17C	Pr/PI	Pr/PI	1	9
1580	3SGB	3SGB_I	P68390	COR	['FL']	[-5.584]	TI17G	TI11G	[2.22e-07]	[1.79e-11]	3SGB_I_TI17G	Pr/PI	Pr/PI	1	9
1581	1R0R	1R0R_I	P68390	COR	['FL']	[-2.935]	TI17W	TI12W	[4.17e-09]	[2.94e-11]	1R0R_I_TI17W	Pr/PI	Pr/PI	1	5
1582	1R0R	1R0R_I	P68390	COR	['FL']	[0.879]	TI17Y	TI12Y	[6.67e-12]	[2.94e-11]	1R0R_I_TI17Y	Pr/PI	Pr/PI	1	5
1583	1R0R	1R0R_I	P68390	COR	['FL']	[-3.345]	TI17R	TI12R	[8.33e-09]	[2.94e-11]	1R0R_I_TI17R	Pr/PI	Pr/PI	1	5
1584	1R0R	1R0R_I	P68390	COR	['FL']	[0.066]	TI17F	TI12F	[2.63e-11]	[2.94e-11]	1R0R_I_TI17F	Pr/PI	Pr/PI	1	5
1585	2WPT	2WPT_A	P04482	RIM	['SFFL']	[-5.216]	YA55A	YA52A	[0.0001]	[1.5e-08]	2WPT_A_YA55A		2WPT_A_B,2VLP_A_B,2VLN_A_B,2VLQ_A_B,2VLO_A_B,1EMV_A_B,1FR2_A_B,2GYK_A_B	2	7
1586	2WPT	2WPT_A	P04482	COR	['SFFL']	[-5.216]	YA54A	YA51A	[0.0001]	[1.5e-08]	2WPT_A_YA54A		2WPT_A_B,2VLP_A_B,2VLN_A_B,2VLQ_A_B,2VLO_A_B,1EMV_A_B,1FR2_A_B,2GYK_A_B	2	7
1587	2WPT	2WPT_A	P04482	COR	['SFFL']	[-5.216]	DA51A	DA48A	[0.0001]	[1.5e-08]	2WPT_A_DA51A		2WPT_A_B,2VLP_A_B,2VLN_A_B,2VLQ_A_B,2VLO_A_B,1EMV_A_B,1FR2_A_B,2GYK_A_B	2	7
1588	2WPT	2WPT_A	P04482	COR	['SFFL']	[-2.426]	SA50A	SA47A	[9e-07]	[1.5e-08]	2WPT_A_SA50A		2WPT_A_B,2VLP_A_B,2VLN_A_B,2VLQ_A_B,2VLO_A_B,1EMV_A_B,1FR2_A_B,2GYK_A_B	1	7
1589	2WPT	2WPT_A	P04482	SUR	['SFFL']	[0.24]	RA42A	RA39A	[1e-08]	[1.5e-08]	2WPT_A_RA42A		2WPT_A_B,2VLP_A_B,2VLN_A_B,2VLQ_A_B,2VLO_A_B,1EMV_A_B,1FR2_A_B,2GYK_A_B	1	7
1590	2WPT	2WPT_A	P04482	COR	['SFFL']	[-4.503]	EA41A	EA38A	[3e-05]	[1.5e-08]	2WPT_A_EA41A		2WPT_A_B,2VLP_A_B,2VLN_A_B,2VLQ_A_B,2VLO_A_B,1EMV_A_B,1FR2_A_B,2GYK_A_B	1	7
1591	2WPT	2WPT_A	P04482	RIM	['SFFL']	[1.111]	RA38A	RA35A	[2.3e-09]	[1.5e-08]	2WPT_A_RA38A		2WPT_A_B,2VLP_A_B,2VLN_A_B,2VLQ_A_B,2VLO_A_B,1EMV_A_B,1FR2_A_B,2GYK_A_B	1	7
1592	2WPT	2WPT_A	P04482	SUP	['SFFL']	[-3.809]	VA37A	VA34A	[9.3e-06]	[1.5e-08]	2WPT_A_VA37A		2WPT_A_B,2VLP_A_B,2VLN_A_B,2VLQ_A_B,2VLO_A_B,1EMV_A_B,1FR2_A_B,2GYK_A_B	1	7
1593	1CHO	1CHO_I	P68390	COR	['FL']	[-2.439]	EI19V	EI16V	[3.23e-10]	[5.26e-12]	1CHO_I_EI19V	Pr/PI	Pr/PI	1	2
1594	1CHO	1CHO_I	P68390	COR	['FL']	[-2.728]	EI19C	EI16C	[5.26e-10]	[5.26e-12]	1CHO_I_EI19C	Pr/PI	Pr/PI	1	2
1595	1CHO	1CHO_I	P68390	COR	['FL']	[-2.794]	EI19S	EI16S	[5.88e-10]	[5.26e-12]	1CHO_I_EI19S	Pr/PI	Pr/PI	1	2
1596	1CHO	1CHO_I	P68390	COR	['FL']	[-2.333]	EI19A	EI16A	[2.7e-10]	[5.26e-12]	1CHO_I_EI19A	Pr/PI	Pr/PI	1	2
1597	1CHO	1CHO_I	P68390	COR	['FL']	[-3.623]	EI19G	EI16G	[2.38e-09]	[5.26e-12]	1CHO_I_EI19G	Pr/PI	Pr/PI	1	2
1598	3SGB	3SGB_I	P68390	COR	['FL']	[-3.034]	TI17W	TI11W	[3e-09]	[1.79e-11]	3SGB_I_TI17W	Pr/PI	Pr/PI	1	9
1599	3SGB	3SGB_I	P68390	COR	['FL']	[-3.367]	TI17Y	TI11Y	[5.26e-09]	[1.79e-11]	3SGB_I_TI17Y	Pr/PI	Pr/PI	1	9
1600	3SGB	3SGB_I	P68390	COR	['FL']	[-1.973]	TI17R	TI11R	[5e-10]	[1.79e-11]	3SGB_I_TI17R	Pr/PI	Pr/PI	1	9
1601	3SGB	3SGB_I	P68390	COR	['FL']	[-3.639]	TI17F	TI11F	[8.33e-09]	[1.79e-11]	3SGB_I_TI17F	Pr/PI	Pr/PI	1	9
1602	3SGB	3SGB_I	P68390	COR	['FL']	[-3.508]	TI17H	TI11H	[6.67e-09]	[1.79e-11]	3SGB_I_TI17H	Pr/PI	Pr/PI	1	9
1603	3SGB	3SGB_I	P68390	COR	['FL']	[-2.94]	TI17Q	TI11Q	[2.56e-09]	[1.79e-11]	3SGB_I_TI17Q	Pr/PI	Pr/PI	1	9
1604	3SGB	3SGB_I	P68390	COR	['FL']	[-2.036]	TI17K	TI11K	[5.56e-10]	[1.79e-11]	3SGB_I_TI17K	Pr/PI	Pr/PI	1	9
1605	3SGB	3SGB_I	P68390	COR	['FL']	[-4.956]	TI17D	TI11D	[7.69e-08]	[1.79e-11]	3SGB_I_TI17D	Pr/PI	Pr/PI	1	9
1606	3SGB	3SGB_I	P68390	COR	['FL']	[-3.254]	TI17N	TI11N	[4.35e-09]	[1.79e-11]	3SGB_I_TI17N	Pr/PI	Pr/PI	1	9
1607	3SGB	3SGB_I	P68390	COR	['FL']	[-2.036]	TI17M	TI11M	[5.56e-10]	[1.79e-11]	3SGB_I_TI17M	Pr/PI	Pr/PI	1	9
1608	3SGB	3SGB_I	P68390	COR	['FL']	[-1.753]	TI17I	TI11I	[3.45e-10]	[1.79e-11]	3SGB_I_TI17I	Pr/PI	Pr/PI	1	9
1609	1PPF	1PPF_I	P68390	RIM	['FL']	[-1.203]	EI19A	EI19A	[1.25e-09]	[1.64e-10]	1PPF_I_EI19A	Pr/PI	Pr/PI	1	4
1610	1PPF	1PPF_I	P68390	RIM	['FL']	[-2.121]	EI19G	EI19G	[5.88e-09]	[1.64e-10]	1PPF_I_EI19G	Pr/PI	Pr/PI	1	4
1611	1CHO	1CHO_I	P68390	COR	['FL']	[-3.16]	EI19W	EI16W	[1.09e-09]	[5.26e-12]	1CHO_I_EI19W	Pr/PI	Pr/PI	1	2
1612	1CHO	1CHO_I	P68390	COR	['FL']	[-2.669]	EI19Y	EI16Y	[4.76e-10]	[5.26e-12]	1CHO_I_EI19Y	Pr/PI	Pr/PI	1	2
1613	1CHO	1CHO_I	P68390	COR	['FL']	[-3.682]	EI19R	EI16R	[2.63e-09]	[5.26e-12]	1CHO_I_EI19R	Pr/PI	Pr/PI	1	2
1614	1CHO	1CHO_I	P68390	COR	['FL']	[-3.623]	EI19F	EI16F	[2.38e-09]	[5.26e-12]	1CHO_I_EI19F	Pr/PI	Pr/PI	1	2
1615	1CHO	1CHO_I	P68390	COR	['FL']	[-2.09]	EI19H	EI16H	[1.79e-10]	[5.26e-12]	1CHO_I_EI19H	Pr/PI	Pr/PI	1	2
1616	1CHO	1CHO_I	P68390	COR	['FL']	[-1.334]	EI19Q	EI16Q	[5e-11]	[5.26e-12]	1CHO_I_EI19Q	Pr/PI	Pr/PI	1	2
1617	1CHO	1CHO_I	P68390	COR	['FL']	[-3.595]	EI19K	EI16K	[2.27e-09]	[5.26e-12]	1CHO_I_EI19K	Pr/PI	Pr/PI	1	2
1618	1CHO	1CHO_I	P68390	COR	['FL']	[-0.882]	EI19D	EI16D	[2.33e-11]	[5.26e-12]	1CHO_I_EI19D	Pr/PI	Pr/PI	1	2
1619	1CHO	1CHO_I	P68390	COR	['FL']	[-2.333]	EI19N	EI16N	[2.7e-10]	[5.26e-12]	1CHO_I_EI19N	Pr/PI	Pr/PI	1	2
1620	1CHO	1CHO_I	P68390	COR	['FL']	[-2.698]	EI19M	EI16M	[5e-10]	[5.26e-12]	1CHO_I_EI19M	Pr/PI	Pr/PI	1	2
1621	1CHO	1CHO_I	P68390	COR	['FL']	[-2.642]	EI19I	EI16I	[4.55e-10]	[5.26e-12]	1CHO_I_EI19I	Pr/PI	Pr/PI	1	2
1622	1CHO	1CHO_I	P68390	COR	['FL']	[-2.869]	EI19L	EI16L	[6.67e-10]	[5.26e-12]	1CHO_I_EI19L	Pr/PI	Pr/PI	1	2
1623	1CHO	1CHO_I	P68390	COR	['FL']	[-2.591]	EI19P	EI16P	[4.17e-10]	[5.26e-12]	1CHO_I_EI19P	Pr/PI	Pr/PI	1	2
1624	1CHO	1CHO_I	P68390	COR	['FL']	[-2.909]	EI19T	EI16T	[7.14e-10]	[5.26e-12]	1CHO_I_EI19T	Pr/PI	Pr/PI	1	2
1625	1PPF	1PPF_I	P68390	RIM	['FL']	[-1.249]	EI19Y	EI19Y	[1.35e-09]	[1.64e-10]	1PPF_I_EI19Y	Pr/PI	Pr/PI	1	4
1626	1PPF	1PPF_I	P68390	RIM	['FL']	[-1.482]	EI19R	EI19R	[2e-09]	[1.64e-10]	1PPF_I_EI19R	Pr/PI	Pr/PI	1	4
1627	1PPF	1PPF_I	P68390	RIM	['FL']	[-1.364]	EI19F	EI19F	[1.64e-09]	[1.64e-10]	1PPF_I_EI19F	Pr/PI	Pr/PI	1	4
1628	1PPF	1PPF_I	P68390	RIM	['FL']	[-0.69]	EI19H	EI19H	[5.26e-10]	[1.64e-10]	1PPF_I_EI19H	Pr/PI	Pr/PI	1	4
1629	1PPF	1PPF_I	P68390	RIM	['FL']	[-0.66]	EI19Q	EI19Q	[5e-10]	[1.64e-10]	1PPF_I_EI19Q	Pr/PI	Pr/PI	1	4
1630	1PPF	1PPF_I	P68390	RIM	['FL']	[-2.121]	EI19K	EI19K	[5.88e-09]	[1.64e-10]	1PPF_I_EI19K	Pr/PI	Pr/PI	1	4
1631	1PPF	1PPF_I	P68390	RIM	['FL']	[-0.578]	EI19D	EI19D	[4.35e-10]	[1.64e-10]	1PPF_I_EI19D	Pr/PI	Pr/PI	1	4
1632	1PPF	1PPF_I	P68390	RIM	['FL']	[-1.213]	EI19N	EI19N	[1.27e-09]	[1.64e-10]	1PPF_I_EI19N	Pr/PI	Pr/PI	1	4
1633	1PPF	1PPF_I	P68390	RIM	['FL']	[-1.149]	EI19M	EI19M	[1.14e-09]	[1.64e-10]	1PPF_I_EI19M	Pr/PI	Pr/PI	1	4
1634	1PPF	1PPF_I	P68390	RIM	['FL']	[-0.723]	EI19I	EI19I	[5.56e-10]	[1.64e-10]	1PPF_I_EI19I	Pr/PI	Pr/PI	1	4
1635	1PPF	1PPF_I	P68390	RIM	['FL']	[-1.071]	EI19L	EI19L	[1e-09]	[1.64e-10]	1PPF_I_EI19L	Pr/PI	Pr/PI	1	4
1636	1PPF	1PPF_I	P68390	RIM	['FL']	[-3.21]	EI19P	EI19P	[3.7e-08]	[1.64e-10]	1PPF_I_EI19P	Pr/PI	Pr/PI	1	4
1637	1PPF	1PPF_I	P68390	RIM	['FL']	[-1.505]	EI19T	EI19T	[2.08e-09]	[1.64e-10]	1PPF_I_EI19T	Pr/PI	Pr/PI	1	4
1638	1PPF	1PPF_I	P68390	RIM	['FL']	[-1.159]	EI19V	EI19V	[1.16e-09]	[1.64e-10]	1PPF_I_EI19V	Pr/PI	Pr/PI	1	4
1639	1PPF	1PPF_I	P68390	RIM	['FL']	[-1.403]	EI19C	EI19C	[1.75e-09]	[1.64e-10]	1PPF_I_EI19C	Pr/PI	Pr/PI	1	4
1640	1PPF	1PPF_I	P68390	RIM	['FL']	[-1.846]	EI19S	EI19S	[3.7e-09]	[1.64e-10]	1PPF_I_EI19S	Pr/PI	Pr/PI	1	4
1641	1R0R	1R0R_I	P68390	COR	['FL']	[-1.709]	EI19H	EI14H	[5.26e-10]	[2.94e-11]	1R0R_I_EI19H	Pr/PI	Pr/PI	1	5
1642	1R0R	1R0R_I	P68390	COR	['FL']	[-1.282]	EI19Q	EI14Q	[2.56e-10]	[2.94e-11]	1R0R_I_EI19Q	Pr/PI	Pr/PI	1	5
1643	1R0R	1R0R_I	P68390	COR	['FL']	[-2.712]	EI19K	EI14K	[2.86e-09]	[2.94e-11]	1R0R_I_EI19K	Pr/PI	Pr/PI	1	5
1644	1R0R	1R0R_I	P68390	COR	['FL']	[-0.259]	EI19D	EI14D	[4.55e-11]	[2.94e-11]	1R0R_I_EI19D	Pr/PI	Pr/PI	1	5
1645	1R0R	1R0R_I	P68390	COR	['FL']	[-2.118]	EI19N	EI14N	[1.05e-09]	[2.94e-11]	1R0R_I_EI19N	Pr/PI	Pr/PI	1	5
1646	1R0R	1R0R_I	P68390	COR	['FL']	[-1.571]	EI19M	EI14M	[4.17e-10]	[2.94e-11]	1R0R_I_EI19M	Pr/PI	Pr/PI	1	5
1647	1R0R	1R0R_I	P68390	COR	['FL']	[-0.737]	EI19I	EI14I	[1.02e-10]	[2.94e-11]	1R0R_I_EI19I	Pr/PI	Pr/PI	1	5
1648	1R0R	1R0R_I	P68390	COR	['FL']	[-0.57]	EI19L	EI14L	[7.69e-11]	[2.94e-11]	1R0R_I_EI19L	Pr/PI	Pr/PI	1	5
1649	1R0R	1R0R_I	P68390	COR	['FL']	[-3.764]	EI19P	EI14P	[1.69e-08]	[2.94e-11]	1R0R_I_EI19P	Pr/PI	Pr/PI	1	5
1650	1R0R	1R0R_I	P68390	COR	['FL']	[-4.252]	EI19T	EI14T	[3.85e-08]	[2.94e-11]	1R0R_I_EI19T	Pr/PI	Pr/PI	1	5
1651	1R0R	1R0R_I	P68390	COR	['FL']	[-0.095]	EI19V	EI14V	[3.45e-11]	[2.94e-11]	1R0R_I_EI19V	Pr/PI	Pr/PI	1	5
1652	1R0R	1R0R_I	P68390	COR	['FL']	[-2.372]	EI19C	EI14C	[1.61e-09]	[2.94e-11]	1R0R_I_EI19C	Pr/PI	Pr/PI	1	5
1653	1R0R	1R0R_I	P68390	COR	['FL']	[-3.175]	EI19S	EI14S	[6.25e-09]	[2.94e-11]	1R0R_I_EI19S	Pr/PI	Pr/PI	1	5
1654	1R0R	1R0R_I	P68390	COR	['FL']	[-2.089]	EI19A	EI14A	[1e-09]	[2.94e-11]	1R0R_I_EI19A	Pr/PI	Pr/PI	1	5
1655	1R0R	1R0R_I	P68390	COR	['FL']	[-2.712]	EI19G	EI14G	[2.86e-09]	[2.94e-11]	1R0R_I_EI19G	Pr/PI	Pr/PI	1	5
1656	1PPF	1PPF_I	P68390	RIM	['FL']	[-1.53]	EI19W	EI19W	[2.17e-09]	[1.64e-10]	1PPF_I_EI19W	Pr/PI	Pr/PI	1	4
1657	3SGB	3SGB_I	P68390	RIM	['FL']	[-0.553]	EI19D	EI13D	[4.55e-11]	[1.79e-11]	3SGB_I_EI19D	Pr/PI	Pr/PI	1	9
1658	3SGB	3SGB_I	P68390	RIM	['FL']	[-1.102]	EI19N	EI13N	[1.15e-10]	[1.79e-11]	3SGB_I_EI19N	Pr/PI	Pr/PI	1	9
1659	3SGB	3SGB_I	P68390	RIM	['FL']	[0.189]	EI19M	EI13M	[1.3e-11]	[1.79e-11]	3SGB_I_EI19M	Pr/PI	Pr/PI	1	9
1660	3SGB	3SGB_I	P68390	RIM	['FL']	[0.623]	EI19I	EI13I	[6.25e-12]	[1.79e-11]	3SGB_I_EI19I	Pr/PI	Pr/PI	1	9
1661	3SGB	3SGB_I	P68390	RIM	['FL']	[-0.779]	EI19L	EI13L	[6.67e-11]	[1.79e-11]	3SGB_I_EI19L	Pr/PI	Pr/PI	1	9
1662	3SGB	3SGB_I	P68390	RIM	['FL']	[-2.275]	EI19P	EI13P	[8.33e-10]	[1.79e-11]	3SGB_I_EI19P	Pr/PI	Pr/PI	1	9
1663	3SGB	3SGB_I	P68390	RIM	['FL']	[-2.143]	EI19T	EI13T	[6.67e-10]	[1.79e-11]	3SGB_I_EI19T	Pr/PI	Pr/PI	1	9
1664	3SGB	3SGB_I	P68390	RIM	['FL']	[-0.128]	EI19V	EI13V	[2.22e-11]	[1.79e-11]	3SGB_I_EI19V	Pr/PI	Pr/PI	1	9
1665	3SGB	3SGB_I	P68390	RIM	['FL']	[-1.175]	EI19C	EI13C	[1.3e-10]	[1.79e-11]	3SGB_I_EI19C	Pr/PI	Pr/PI	1	9
1666	3SGB	3SGB_I	P68390	RIM	['FL']	[-1.944]	EI19S	EI13S	[4.76e-10]	[1.79e-11]	3SGB_I_EI19S	Pr/PI	Pr/PI	1	9
1667	3SGB	3SGB_I	P68390	RIM	['FL']	[-1.019]	EI19A	EI13A	[1e-10]	[1.79e-11]	3SGB_I_EI19A	Pr/PI	Pr/PI	1	9
1668	3SGB	3SGB_I	P68390	RIM	['FL']	[-2.105]	EI19G	EI13G	[6.25e-10]	[1.79e-11]	3SGB_I_EI19G	Pr/PI	Pr/PI	1	9
1669	1R0R	1R0R_I	P68390	COR	['FL']	[-1.85]	EI19W	EI14W	[6.67e-10]	[2.94e-11]	1R0R_I_EI19W	Pr/PI	Pr/PI	1	5
1670	1R0R	1R0R_I	P68390	COR	['FL']	[-1.89]	EI19Y	EI14Y	[7.14e-10]	[2.94e-11]	1R0R_I_EI19Y	Pr/PI	Pr/PI	1	5
1671	1R0R	1R0R_I	P68390	COR	['FL']	[-2.089]	EI19R	EI14R	[1e-09]	[2.94e-11]	1R0R_I_EI19R	Pr/PI	Pr/PI	1	5
1672	1R0R	1R0R_I	P68390	COR	['FL']	[-3.618]	EI19F	EI14F	[1.32e-08]	[2.94e-11]	1R0R_I_EI19F	Pr/PI	Pr/PI	1	5
1673	1CHO	1CHO_I	P68390	COR	['FL']	[-2.109]	YI20I	YI17I	[1.85e-10]	[5.26e-12]	1CHO_I_YI20I	Pr/PI	Pr/PI	1	2
1674	1CHO	1CHO_I	P68390	COR	['FL']	[-0.684]	YI20L	YI17L	[1.67e-11]	[5.26e-12]	1CHO_I_YI20L	Pr/PI	Pr/PI	1	2
1675	1CHO	1CHO_I	P68390	COR	['FL']	[-8.566]	YI20P	YI17P	[1e-05]	[5.26e-12]	1CHO_I_YI20P	Pr/PI	Pr/PI	1	2
1676	1CHO	1CHO_I	P68390	COR	['FL']	[-3.304]	YI20T	YI17T	[1.39e-09]	[5.26e-12]	1CHO_I_YI20T	Pr/PI	Pr/PI	1	2
1677	1CHO	1CHO_I	P68390	COR	['FL']	[-3.464]	YI20V	YI17V	[1.82e-09]	[5.26e-12]	1CHO_I_YI20V	Pr/PI	Pr/PI	1	2
1678	1CHO	1CHO_I	P68390	COR	['FL']	[-2.543]	YI20C	YI17C	[3.85e-10]	[5.26e-12]	1CHO_I_YI20C	Pr/PI	Pr/PI	1	2
1679	1CHO	1CHO_I	P68390	COR	['FL']	[-2.869]	YI20S	YI17S	[6.67e-10]	[5.26e-12]	1CHO_I_YI20S	Pr/PI	Pr/PI	1	2
1680	1CHO	1CHO_I	P68390	COR	['FL']	[-2.543]	YI20A	YI17A	[3.85e-10]	[5.26e-12]	1CHO_I_YI20A	Pr/PI	Pr/PI	1	2
1681	1CHO	1CHO_I	P68390	COR	['FL']	[-3.176]	YI20G	YI17G	[1.12e-09]	[5.26e-12]	1CHO_I_YI20G	Pr/PI	Pr/PI	1	2
1682	3SGB	3SGB_I	P68390	RIM	['FL']	[-1.548]	EI19W	EI13W	[2.44e-10]	[1.79e-11]	3SGB_I_EI19W	Pr/PI	Pr/PI	1	9
1683	3SGB	3SGB_I	P68390	RIM	['FL']	[-0.779]	EI19Y	EI13Y	[6.67e-11]	[1.79e-11]	3SGB_I_EI19Y	Pr/PI	Pr/PI	1	9
1684	3SGB	3SGB_I	P68390	RIM	['FL']	[-1.275]	EI19R	EI13R	[1.54e-10]	[1.79e-11]	3SGB_I_EI19R	Pr/PI	Pr/PI	1	9
1685	3SGB	3SGB_I	P68390	RIM	['FL']	[-1.944]	EI19F	EI13F	[4.76e-10]	[1.79e-11]	3SGB_I_EI19F	Pr/PI	Pr/PI	1	9
1686	3SGB	3SGB_I	P68390	RIM	['FL']	[-0.526]	EI19H	EI13H	[4.35e-11]	[1.79e-11]	3SGB_I_EI19H	Pr/PI	Pr/PI	1	9
1687	3SGB	3SGB_I	P68390	RIM	['FL']	[-0.184]	EI19Q	EI13Q	[2.44e-11]	[1.79e-11]	3SGB_I_EI19Q	Pr/PI	Pr/PI	1	9
1688	3SGB	3SGB_I	P68390	RIM	['FL']	[-0.169]	EI19K	EI13K	[2.38e-11]	[1.79e-11]	3SGB_I_EI19K	Pr/PI	Pr/PI	1	9
1689	1PPF	1PPF_I	P68390	COR	['FL']	[-1.375]	YI20L	YI20L	[1.67e-09]	[1.64e-10]	1PPF_I_YI20L	Pr/PI	Pr/PI	1	5
1690	1PPF	1PPF_I	P68390	COR	['FL']	[-5.367]	YI20P	YI20P	[1.41e-06]	[1.64e-10]	1PPF_I_YI20P	Pr/PI	Pr/PI	1	5
1691	1PPF	1PPF_I	P68390	COR	['FL']	[-5.055]	YI20T	YI20T	[8.33e-07]	[1.64e-10]	1PPF_I_YI20T	Pr/PI	Pr/PI	1	5
1692	1PPF	1PPF_I	P68390	COR	['FL']	[-4.186]	YI20V	YI20V	[1.92e-07]	[1.64e-10]	1PPF_I_YI20V	Pr/PI	Pr/PI	1	5
1693	1PPF	1PPF_I	P68390	COR	['FL']	[-3.452]	YI20C	YI20C	[5.56e-08]	[1.64e-10]	1PPF_I_YI20C	Pr/PI	Pr/PI	1	5
1694	1PPF	1PPF_I	P68390	COR	['FL']	[-3.644]	YI20S	YI20S	[7.69e-08]	[1.64e-10]	1PPF_I_YI20S	Pr/PI	Pr/PI	1	5
1695	1PPF	1PPF_I	P68390	COR	['FL']	[-3.21]	YI20A	YI20A	[3.7e-08]	[1.64e-10]	1PPF_I_YI20A	Pr/PI	Pr/PI	1	5
1696	1PPF	1PPF_I	P68390	COR	['FL']	[-4.186]	YI20G	YI20G	[1.92e-07]	[1.64e-10]	1PPF_I_YI20G	Pr/PI	Pr/PI	1	5
1697	1CHO	1CHO_I	P68390	COR	['FL']	[-0.392]	YI20W	YI17W	[1.02e-11]	[5.26e-12]	1CHO_I_YI20W	Pr/PI	Pr/PI	1	2
1698	1CHO	1CHO_I	P68390	COR	['FL']	[-2.909]	YI20R	YI17R	[7.14e-10]	[5.26e-12]	1CHO_I_YI20R	Pr/PI	Pr/PI	1	2
1699	1CHO	1CHO_I	P68390	COR	['FL']	[-0.181]	YI20F	YI17F	[7.14e-12]	[5.26e-12]	1CHO_I_YI20F	Pr/PI	Pr/PI	1	2
1700	1CHO	1CHO_I	P68390	COR	['FL']	[-5.016]	YI20E	YI17E	[2.5e-08]	[5.26e-12]	1CHO_I_YI20E	Pr/PI	Pr/PI	1	2
1701	1CHO	1CHO_I	P68390	COR	['FL']	[-3.155]	YI20Q	YI17Q	[1.08e-09]	[5.26e-12]	1CHO_I_YI20Q	Pr/PI	Pr/PI	1	2
1702	1CHO	1CHO_I	P68390	COR	['FL']	[-3.165]	YI20K	YI17K	[1.1e-09]	[5.26e-12]	1CHO_I_YI20K	Pr/PI	Pr/PI	1	2
1703	1CHO	1CHO_I	P68390	COR	['FL']	[-3.001]	YI20N	YI17N	[8.33e-10]	[5.26e-12]	1CHO_I_YI20N	Pr/PI	Pr/PI	1	2
1704	1CHO	1CHO_I	P68390	COR	['FL']	[-1.227]	YI20M	YI17M	[4.17e-11]	[5.26e-12]	1CHO_I_YI20M	Pr/PI	Pr/PI	1	2
1705	1R0R	1R0R_I	P68390	COR	['FL']	[-5.475]	YI20T	YI15T	[3.03e-07]	[2.94e-11]	1R0R_I_YI20T	Pr/PI	Pr/PI	1	5
1706	1R0R	1R0R_I	P68390	COR	['FL']	[-3.51]	YI20V	YI15V	[1.1e-08]	[2.94e-11]	1R0R_I_YI20V	Pr/PI	Pr/PI	1	5
1707	1R0R	1R0R_I	P68390	COR	['FL']	[-3.254]	YI20C	YI15C	[7.14e-09]	[2.94e-11]	1R0R_I_YI20C	Pr/PI	Pr/PI	1	5
1708	1R0R	1R0R_I	P68390	COR	['FL']	[-5.163]	YI20S	YI15S	[1.79e-07]	[2.94e-11]	1R0R_I_YI20S	Pr/PI	Pr/PI	1	5
1709	1R0R	1R0R_I	P68390	COR	['FL']	[-5.475]	YI20A	YI15A	[3.03e-07]	[2.94e-11]	1R0R_I_YI20A	Pr/PI	Pr/PI	1	5
1710	1R0R	1R0R_I	P68390	COR	['FL']	[-6.402]	YI20G	YI15G	[1.45e-06]	[2.94e-11]	1R0R_I_YI20G	Pr/PI	Pr/PI	1	5
1711	1PPF	1PPF_I	P68390	COR	['FL']	[-0.235]	YI20W	YI20W	[2.44e-10]	[1.64e-10]	1PPF_I_YI20W	Pr/PI	Pr/PI	1	5
1712	1PPF	1PPF_I	P68390	COR	['FL']	[-4.372]	YI20R	YI20R	[2.63e-07]	[1.64e-10]	1PPF_I_YI20R	Pr/PI	Pr/PI	1	5
1713	1PPF	1PPF_I	P68390	COR	['FL']	[-0.482]	YI20F	YI20F	[3.7e-10]	[1.64e-10]	1PPF_I_YI20F	Pr/PI	Pr/PI	1	5
1714	1PPF	1PPF_I	P68390	COR	['FL']	[-6.42]	YI20E	YI20E	[8.33e-06]	[1.64e-10]	1PPF_I_YI20E	Pr/PI	Pr/PI	1	5
1715	1PPF	1PPF_I	P68390	COR	['FL']	[-4.697]	YI20Q	YI20Q	[4.55e-07]	[1.64e-10]	1PPF_I_YI20Q	Pr/PI	Pr/PI	1	5
1716	1PPF	1PPF_I	P68390	COR	['FL']	[-4.494]	YI20K	YI20K	[3.23e-07]	[1.64e-10]	1PPF_I_YI20K	Pr/PI	Pr/PI	1	5
1717	1PPF	1PPF_I	P68390	COR	['FL']	[-6.42]	YI20D	YI20D	[8.33e-06]	[1.64e-10]	1PPF_I_YI20D	Pr/PI	Pr/PI	1	5
1718	1PPF	1PPF_I	P68390	COR	['FL']	[-3.644]	YI20N	YI20N	[7.69e-08]	[1.64e-10]	1PPF_I_YI20N	Pr/PI	Pr/PI	1	5
1719	1PPF	1PPF_I	P68390	COR	['FL']	[-2.812]	YI20M	YI20M	[1.89e-08]	[1.64e-10]	1PPF_I_YI20M	Pr/PI	Pr/PI	1	5
1720	1PPF	1PPF_I	P68390	COR	['FL']	[-3.932]	YI20I	YI20I	[1.25e-07]	[1.64e-10]	1PPF_I_YI20I	Pr/PI	Pr/PI	1	5
1721	3SGB	3SGB_I	P68390	COR	['FL']	[-4.422]	YI20V	YI14V	[3.12e-08]	[1.79e-11]	3SGB_I_YI20V	Pr/PI	Pr/PI	1	9
1722	3SGB	3SGB_I	P68390	COR	['FL']	[-1.695]	YI20C	YI14C	[3.13e-10]	[1.79e-11]	3SGB_I_YI20C	Pr/PI	Pr/PI	1	9
1723	3SGB	3SGB_I	P68390	COR	['FL']	[-2.036]	YI20S	YI14S	[5.56e-10]	[1.79e-11]	3SGB_I_YI20S	Pr/PI	Pr/PI	1	9
1724	3SGB	3SGB_I	P68390	COR	['FL']	[-1.944]	YI20A	YI14A	[4.76e-10]	[1.79e-11]	3SGB_I_YI20A	Pr/PI	Pr/PI	1	9
1725	3SGB	3SGB_I	P68390	COR	['FL']	[-2.842]	YI20G	YI14G	[2.17e-09]	[1.79e-11]	3SGB_I_YI20G	Pr/PI	Pr/PI	1	9
1726	1R0R	1R0R_I	P68390	COR	['FL']	[0.364]	YI20W	YI15W	[1.59e-11]	[2.94e-11]	1R0R_I_YI20W	Pr/PI	Pr/PI	1	5
1727	1R0R	1R0R_I	P68390	COR	['FL']	[-4.47]	YI20R	YI15R	[5.56e-08]	[2.94e-11]	1R0R_I_YI20R	Pr/PI	Pr/PI	1	5
1728	1R0R	1R0R_I	P68390	COR	['FL']	[-0.617]	YI20F	YI15F	[8.33e-11]	[2.94e-11]	1R0R_I_YI20F	Pr/PI	Pr/PI	1	5
1729	1R0R	1R0R_I	P68390	COR	['FL']	[-4.618]	YI20E	YI15E	[7.14e-08]	[2.94e-11]	1R0R_I_YI20E	Pr/PI	Pr/PI	1	5
1730	1R0R	1R0R_I	P68390	COR	['FL']	[-4.503]	YI20Q	YI15Q	[5.88e-08]	[2.94e-11]	1R0R_I_YI20Q	Pr/PI	Pr/PI	1	5
1731	1R0R	1R0R_I	P68390	COR	['FL']	[-5.512]	YI20K	YI15K	[3.23e-07]	[2.94e-11]	1R0R_I_YI20K	Pr/PI	Pr/PI	1	5
1732	1R0R	1R0R_I	P68390	COR	['FL']	[-5.616]	YI20N	YI15N	[3.85e-07]	[2.94e-11]	1R0R_I_YI20N	Pr/PI	Pr/PI	1	5
1733	1R0R	1R0R_I	P68390	COR	['FL']	[-3.139]	YI20M	YI15M	[5.88e-09]	[2.94e-11]	1R0R_I_YI20M	Pr/PI	Pr/PI	1	5
1734	1R0R	1R0R_I	P68390	COR	['FL']	[-2.865]	YI20I	YI15I	[3.7e-09]	[2.94e-11]	1R0R_I_YI20I	Pr/PI	Pr/PI	1	5
1735	1R0R	1R0R_I	P68390	COR	['FL']	[-2.575]	YI20L	YI15L	[2.27e-09]	[2.94e-11]	1R0R_I_YI20L	Pr/PI	Pr/PI	1	5
1736	1R0R	1R0R_I	P68390	COR	['FL']	[-6.654]	YI20P	YI15P	[2.22e-06]	[2.94e-11]	1R0R_I_YI20P	Pr/PI	Pr/PI	1	5
1737	1CHO	1CHO_I	P68390	RIM	['FL']	[-3.52]	RI21C	RI18C	[2e-09]	[5.26e-12]	1CHO_I_RI21C	Pr/PI	Pr/PI	1	2
1738	1CHO	1CHO_I	P68390	RIM	['FL']	[-3.187]	RI21S	RI18S	[1.14e-09]	[5.26e-12]	1CHO_I_RI21S	Pr/PI	Pr/PI	1	2
1739	1CHO	1CHO_I	P68390	RIM	['FL']	[-3.192]	RI21A	RI18A	[1.15e-09]	[5.26e-12]	1CHO_I_RI21A	Pr/PI	Pr/PI	1	2
1740	1CHO	1CHO_I	P68390	RIM	['FL']	[-3.486]	RI21G	RI18G	[1.89e-09]	[5.26e-12]	1CHO_I_RI21G	Pr/PI	Pr/PI	1	2
1741	3SGB	3SGB_I	P68390	COR	['FL']	[-0.389]	YI20W	YI14W	[3.45e-11]	[1.79e-11]	3SGB_I_YI20W	Pr/PI	Pr/PI	1	9
1742	3SGB	3SGB_I	P68390	COR	['FL']	[-2.761]	YI20R	YI14R	[1.89e-09]	[1.79e-11]	3SGB_I_YI20R	Pr/PI	Pr/PI	1	9
1743	3SGB	3SGB_I	P68390	COR	['FL']	[-0.169]	YI20F	YI14F	[2.38e-11]	[1.79e-11]	3SGB_I_YI20F	Pr/PI	Pr/PI	1	9
1744	3SGB	3SGB_I	P68390	COR	['FL']	[-2.036]	YI20E	YI14E	[5.56e-10]	[1.79e-11]	3SGB_I_YI20E	Pr/PI	Pr/PI	1	9
1745	3SGB	3SGB_I	P68390	COR	['FL']	[-3.281]	YI20Q	YI14Q	[4.55e-09]	[1.79e-11]	3SGB_I_YI20Q	Pr/PI	Pr/PI	1	9
1746	3SGB	3SGB_I	P68390	COR	['FL']	[-3.433]	YI20K	YI14K	[5.88e-09]	[1.79e-11]	3SGB_I_YI20K	Pr/PI	Pr/PI	1	9
1747	3SGB	3SGB_I	P68390	COR	['FL']	[-3.159]	YI20N	YI14N	[3.7e-09]	[1.79e-11]	3SGB_I_YI20N	Pr/PI	Pr/PI	1	9
1748	3SGB	3SGB_I	P68390	COR	['FL']	[-2.003]	YI20M	YI14M	[5.26e-10]	[1.79e-11]	3SGB_I_YI20M	Pr/PI	Pr/PI	1	9
1749	3SGB	3SGB_I	P68390	COR	['FL']	[-3.592]	YI20I	YI14I	[7.69e-09]	[1.79e-11]	3SGB_I_YI20I	Pr/PI	Pr/PI	1	9
1750	3SGB	3SGB_I	P68390	COR	['FL']	[-1.576]	YI20L	YI14L	[2.56e-10]	[1.79e-11]	3SGB_I_YI20L	Pr/PI	Pr/PI	1	9
1751	3SGB	3SGB_I	P68390	COR	['FL']	[-6.276]	YI20P	YI14P	[7.14e-07]	[1.79e-11]	3SGB_I_YI20P	Pr/PI	Pr/PI	1	9
1752	3SGB	3SGB_I	P68390	COR	['FL']	[-4.872]	YI20T	YI14T	[6.67e-08]	[1.79e-11]	3SGB_I_YI20T	Pr/PI	Pr/PI	1	9
1753	1PPF	1PPF_I	P68390	RIM	['FL']	[-0.578]	RI21G	RI21G	[4.35e-10]	[1.64e-10]	1PPF_I_RI21G	Pr/PI	Pr/PI	1	5
1754	1CHO	1CHO_I	P68390	RIM	['FL']	[-2.439]	RI21W	RI18W	[3.23e-10]	[5.26e-12]	1CHO_I_RI21W	Pr/PI	Pr/PI	1	2
1755	1CHO	1CHO_I	P68390	RIM	['FL']	[-3.001]	RI21Y	RI18Y	[8.33e-10]	[5.26e-12]	1CHO_I_RI21Y	Pr/PI	Pr/PI	1	2
1756	1CHO	1CHO_I	P68390	RIM	['FL']	[-2.953]	RI21F	RI18F	[7.69e-10]	[5.26e-12]	1CHO_I_RI21F	Pr/PI	Pr/PI	1	2
1757	1CHO	1CHO_I	P68390	RIM	['FL']	[-2.794]	RI21H	RI18H	[5.88e-10]	[5.26e-12]	1CHO_I_RI21H	Pr/PI	Pr/PI	1	2
1758	1CHO	1CHO_I	P68390	RIM	['FL']	[-3.52]	RI21E	RI18E	[2e-09]	[5.26e-12]	1CHO_I_RI21E	Pr/PI	Pr/PI	1	2
1759	1CHO	1CHO_I	P68390	RIM	['FL']	[-2.478]	RI21Q	RI18Q	[3.45e-10]	[5.26e-12]	1CHO_I_RI21Q	Pr/PI	Pr/PI	1	2
1760	1CHO	1CHO_I	P68390	RIM	['FL']	[-0.663]	RI21K	RI18K	[1.61e-11]	[5.26e-12]	1CHO_I_RI21K	Pr/PI	Pr/PI	1	2
1761	1CHO	1CHO_I	P68390	RIM	['FL']	[-3.783]	RI21D	RI18D	[3.12e-09]	[5.26e-12]	1CHO_I_RI21D	Pr/PI	Pr/PI	1	2
1762	1CHO	1CHO_I	P68390	RIM	['FL']	[-3.52]	RI21N	RI18N	[2e-09]	[5.26e-12]	1CHO_I_RI21N	Pr/PI	Pr/PI	1	2
1763	1CHO	1CHO_I	P68390	RIM	['FL']	[-2.616]	RI21M	RI18M	[4.35e-10]	[5.26e-12]	1CHO_I_RI21M	Pr/PI	Pr/PI	1	2
1764	1CHO	1CHO_I	P68390	RIM	['FL']	[-2.109]	RI21I	RI18I	[1.85e-10]	[5.26e-12]	1CHO_I_RI21I	Pr/PI	Pr/PI	1	2
1765	1CHO	1CHO_I	P68390	RIM	['FL']	[-2.831]	RI21L	RI18L	[6.25e-10]	[5.26e-12]	1CHO_I_RI21L	Pr/PI	Pr/PI	1	2
1766	1CHO	1CHO_I	P68390	RIM	['FL']	[-7.289]	RI21P	RI18P	[1.16e-06]	[5.26e-12]	1CHO_I_RI21P	Pr/PI	Pr/PI	1	2
1767	1CHO	1CHO_I	P68390	RIM	['FL']	[-2.669]	RI21T	RI18T	[4.76e-10]	[5.26e-12]	1CHO_I_RI21T	Pr/PI	Pr/PI	1	2
1768	1CHO	1CHO_I	P68390	RIM	['FL']	[-2.066]	RI21V	RI18V	[1.72e-10]	[5.26e-12]	1CHO_I_RI21V	Pr/PI	Pr/PI	1	2
1769	1PPF	1PPF_I	P68390	RIM	['FL']	[0.981]	RI21F	RI21F	[3.13e-11]	[1.64e-10]	1PPF_I_RI21F	Pr/PI	Pr/PI	1	5
1770	1PPF	1PPF_I	P68390	RIM	['FL']	[0.493]	RI21H	RI21H	[7.14e-11]	[1.64e-10]	1PPF_I_RI21H	Pr/PI	Pr/PI	1	5
1771	1PPF	1PPF_I	P68390	RIM	['FL']	[-0.461]	RI21E	RI21E	[3.57e-10]	[1.64e-10]	1PPF_I_RI21E	Pr/PI	Pr/PI	1	5
1772	1PPF	1PPF_I	P68390	RIM	['FL']	[0.018]	RI21Q	RI21Q	[1.59e-10]	[1.64e-10]	1PPF_I_RI21Q	Pr/PI	Pr/PI	1	5
1773	1PPF	1PPF_I	P68390	RIM	['FL']	[-0.605]	RI21K	RI21K	[4.55e-10]	[1.64e-10]	1PPF_I_RI21K	Pr/PI	Pr/PI	1	5
1774	1PPF	1PPF_I	P68390	RIM	['FL']	[-0.208]	RI21D	RI21D	[2.33e-10]	[1.64e-10]	1PPF_I_RI21D	Pr/PI	Pr/PI	1	5
1775	1PPF	1PPF_I	P68390	RIM	['FL']	[-0.329]	RI21N	RI21N	[2.86e-10]	[1.64e-10]	1PPF_I_RI21N	Pr/PI	Pr/PI	1	5
1776	1PPF	1PPF_I	P68390	RIM	['FL']	[0.76]	RI21M	RI21M	[4.55e-11]	[1.64e-10]	1PPF_I_RI21M	Pr/PI	Pr/PI	1	5
1777	1PPF	1PPF_I	P68390	RIM	['FL']	[0.811]	RI21I	RI21I	[4.17e-11]	[1.64e-10]	1PPF_I_RI21I	Pr/PI	Pr/PI	1	5
1778	1PPF	1PPF_I	P68390	RIM	['FL']	[0.859]	RI21L	RI21L	[3.85e-11]	[1.64e-10]	1PPF_I_RI21L	Pr/PI	Pr/PI	1	5
1779	1PPF	1PPF_I	P68390	RIM	['FL']	[-6.706]	RI21P	RI21P	[1.35e-05]	[1.64e-10]	1PPF_I_RI21P	Pr/PI	Pr/PI	1	5
1780	1PPF	1PPF_I	P68390	RIM	['FL']	[0.018]	RI21T	RI21T	[1.59e-10]	[1.64e-10]	1PPF_I_RI21T	Pr/PI	Pr/PI	1	5
1781	1PPF	1PPF_I	P68390	RIM	['FL']	[0.35]	RI21V	RI21V	[9.09e-11]	[1.64e-10]	1PPF_I_RI21V	Pr/PI	Pr/PI	1	5
1782	1PPF	1PPF_I	P68390	RIM	['FL']	[0.081]	RI21C	RI21C	[1.43e-10]	[1.64e-10]	1PPF_I_RI21C	Pr/PI	Pr/PI	1	5
1783	1PPF	1PPF_I	P68390	RIM	['FL']	[-0.42]	RI21S	RI21S	[3.33e-10]	[1.64e-10]	1PPF_I_RI21S	Pr/PI	Pr/PI	1	5
1784	1PPF	1PPF_I	P68390	RIM	['FL']	[-0.208]	RI21A	RI21A	[2.33e-10]	[1.64e-10]	1PPF_I_RI21A	Pr/PI	Pr/PI	1	5
1785	1R0R	1R0R_I	P68390	RIM	['FL']	[-0.182]	RI21Q	RI16Q	[4e-11]	[2.94e-11]	1R0R_I_RI21Q	Pr/PI	Pr/PI	1	5
1786	1R0R	1R0R_I	P68390	RIM	['FL']	[0.096]	RI21K	RI16K	[2.5e-11]	[2.94e-11]	1R0R_I_RI21K	Pr/PI	Pr/PI	1	5
1787	1R0R	1R0R_I	P68390	RIM	['FL']	[0.18]	RI21D	RI16D	[2.17e-11]	[2.94e-11]	1R0R_I_RI21D	Pr/PI	Pr/PI	1	5
1788	1R0R	1R0R_I	P68390	RIM	['FL']	[0.05]	RI21N	RI16N	[2.7e-11]	[2.94e-11]	1R0R_I_RI21N	Pr/PI	Pr/PI	1	5
1789	1R0R	1R0R_I	P68390	RIM	['FL']	[-0.447]	RI21M	RI16M	[6.25e-11]	[2.94e-11]	1R0R_I_RI21M	Pr/PI	Pr/PI	1	5
1790	1R0R	1R0R_I	P68390	RIM	['FL']	[-0.207]	RI21I	RI16I	[4.17e-11]	[2.94e-11]	1R0R_I_RI21I	Pr/PI	Pr/PI	1	5
1791	1R0R	1R0R_I	P68390	RIM	['FL']	[-0.232]	RI21L	RI16L	[4.35e-11]	[2.94e-11]	1R0R_I_RI21L	Pr/PI	Pr/PI	1	5
1792	1R0R	1R0R_I	P68390	RIM	['FL']	[-7.391]	RI21P	RI16P	[7.69e-06]	[2.94e-11]	1R0R_I_RI21P	Pr/PI	Pr/PI	1	5
1793	1R0R	1R0R_I	P68390	RIM	['FL']	[-0.345]	RI21T	RI16T	[5.26e-11]	[2.94e-11]	1R0R_I_RI21T	Pr/PI	Pr/PI	1	5
1794	1R0R	1R0R_I	P68390	RIM	['FL']	[-0.115]	RI21V	RI16V	[3.57e-11]	[2.94e-11]	1R0R_I_RI21V	Pr/PI	Pr/PI	1	5
1795	1R0R	1R0R_I	P68390	RIM	['FL']	[-0.115]	RI21C	RI16C	[3.57e-11]	[2.94e-11]	1R0R_I_RI21C	Pr/PI	Pr/PI	1	5
1796	1R0R	1R0R_I	P68390	RIM	['FL']	[0.016]	RI21S	RI16S	[2.86e-11]	[2.94e-11]	1R0R_I_RI21S	Pr/PI	Pr/PI	1	5
1797	1R0R	1R0R_I	P68390	RIM	['FL']	[0.096]	RI21A	RI16A	[2.5e-11]	[2.94e-11]	1R0R_I_RI21A	Pr/PI	Pr/PI	1	5
1798	1R0R	1R0R_I	P68390	RIM	['FL']	[-2.089]	RI21G	RI16G	[1e-09]	[2.94e-11]	1R0R_I_RI21G	Pr/PI	Pr/PI	1	5
1799	1PPF	1PPF_I	P68390	RIM	['FL']	[0.533]	RI21W	RI21W	[6.67e-11]	[1.64e-10]	1PPF_I_RI21W	Pr/PI	Pr/PI	1	5
1800	1PPF	1PPF_I	P68390	RIM	['FL']	[-0.221]	RI21Y	RI21Y	[2.38e-10]	[1.64e-10]	1PPF_I_RI21Y	Pr/PI	Pr/PI	1	5
1801	3SGB	3SGB_I	P68390	RIM	['FL']	[-0.331]	RI21N	RI15N	[3.13e-11]	[1.79e-11]	3SGB_I_RI21N	Pr/PI	Pr/PI	1	9
1802	3SGB	3SGB_I	P68390	RIM	['FL']	[-0.128]	RI21M	RI15M	[2.22e-11]	[1.79e-11]	3SGB_I_RI21M	Pr/PI	Pr/PI	1	9
1803	3SGB	3SGB_I	P68390	RIM	['FL']	[-0.244]	RI21I	RI15I	[2.7e-11]	[1.79e-11]	3SGB_I_RI21I	Pr/PI	Pr/PI	1	9
1804	3SGB	3SGB_I	P68390	RIM	['FL']	[-0.228]	RI21L	RI15L	[2.63e-11]	[1.79e-11]	3SGB_I_RI21L	Pr/PI	Pr/PI	1	9
1805	3SGB	3SGB_I	P68390	RIM	['FL']	[-7.684]	RI21P	RI15P	[7.69e-06]	[1.79e-11]	3SGB_I_RI21P	Pr/PI	Pr/PI	1	9
1806	3SGB	3SGB_I	P68390	RIM	['FL']	[-0.454]	RI21T	RI15T	[3.85e-11]	[1.79e-11]	3SGB_I_RI21T	Pr/PI	Pr/PI	1	9
1807	3SGB	3SGB_I	P68390	RIM	['FL']	[0.024]	RI21V	RI15V	[1.72e-11]	[1.79e-11]	3SGB_I_RI21V	Pr/PI	Pr/PI	1	9
1808	3SGB	3SGB_I	P68390	RIM	['FL']	[-0.553]	RI21C	RI15C	[4.55e-11]	[1.79e-11]	3SGB_I_RI21C	Pr/PI	Pr/PI	1	9
1809	3SGB	3SGB_I	P68390	RIM	['FL']	[-0.278]	RI21S	RI15S	[2.86e-11]	[1.79e-11]	3SGB_I_RI21S	Pr/PI	Pr/PI	1	9
1810	3SGB	3SGB_I	P68390	RIM	['FL']	[-0.054]	RI21A	RI15A	[1.96e-11]	[1.79e-11]	3SGB_I_RI21A	Pr/PI	Pr/PI	1	9
1811	3SGB	3SGB_I	P68390	RIM	['FL']	[-1.107]	RI21G	RI15G	[1.16e-10]	[1.79e-11]	3SGB_I_RI21G	Pr/PI	Pr/PI	1	9
1812	1R0R	1R0R_I	P68390	RIM	['FL']	[-0.945]	RI21W	RI16W	[1.45e-10]	[2.94e-11]	1R0R_I_RI21W	Pr/PI	Pr/PI	1	5
1813	1R0R	1R0R_I	P68390	RIM	['FL']	[-0.823]	RI21Y	RI16Y	[1.18e-10]	[2.94e-11]	1R0R_I_RI21Y	Pr/PI	Pr/PI	1	5
1814	1R0R	1R0R_I	P68390	RIM	['FL']	[-0.447]	RI21F	RI16F	[6.25e-11]	[2.94e-11]	1R0R_I_RI21F	Pr/PI	Pr/PI	1	5
1815	1R0R	1R0R_I	P68390	RIM	['FL']	[-0.526]	RI21H	RI16H	[7.14e-11]	[2.94e-11]	1R0R_I_RI21H	Pr/PI	Pr/PI	1	5
1816	1R0R	1R0R_I	P68390	RIM	['FL']	[-0.345]	RI21E	RI16E	[5.26e-11]	[2.94e-11]	1R0R_I_RI21E	Pr/PI	Pr/PI	1	5
1817	1CHO	1CHO_I	P68390	RIM	['FL']	[0.511]	PI14I	PI11I	[2.22e-12]	[5.26e-12]	1CHO_I_PI14I	Pr/PI	Pr/PI	1	2
1818	1CHO	1CHO_I	P68390	RIM	['FL']	[0.525]	PI14L	PI11L	[2.17e-12]	[5.26e-12]	1CHO_I_PI14L	Pr/PI	Pr/PI	1	2
1819	1CHO	1CHO_I	P68390	RIM	['FL']	[0.55]	PI14T	PI11T	[2.08e-12]	[5.26e-12]	1CHO_I_PI14T	Pr/PI	Pr/PI	1	2
1820	1CHO	1CHO_I	P68390	RIM	['FL']	[0.55]	PI14V	PI11V	[2.08e-12]	[5.26e-12]	1CHO_I_PI14V	Pr/PI	Pr/PI	1	2
1821	1CHO	1CHO_I	P68390	RIM	['FL']	[0.984]	PI14C	PI11C	[1e-12]	[5.26e-12]	1CHO_I_PI14C	Pr/PI	Pr/PI	1	2
1822	1CHO	1CHO_I	P68390	RIM	['FL']	[0.441]	PI14S	PI11S	[2.5e-12]	[5.26e-12]	1CHO_I_PI14S	Pr/PI	Pr/PI	1	2
1823	1CHO	1CHO_I	P68390	RIM	['FL']	[-0.381]	PI14A	PI11A	[1e-11]	[5.26e-12]	1CHO_I_PI14A	Pr/PI	Pr/PI	1	2
1824	1CHO	1CHO_I	P68390	RIM	['FL']	[-0.636]	PI14G	PI11G	[1.54e-11]	[5.26e-12]	1CHO_I_PI14G	Pr/PI	Pr/PI	1	2
1825	3SGB	3SGB_I	P68390	RIM	['FL']	[-0.312]	RI21W	RI15W	[3.03e-11]	[1.79e-11]	3SGB_I_RI21W	Pr/PI	Pr/PI	1	9
1826	3SGB	3SGB_I	P68390	RIM	['FL']	[-0.294]	RI21Y	RI15Y	[2.94e-11]	[1.79e-11]	3SGB_I_RI21Y	Pr/PI	Pr/PI	1	9
1827	3SGB	3SGB_I	P68390	RIM	['FL']	[-0.228]	RI21F	RI15F	[2.63e-11]	[1.79e-11]	3SGB_I_RI21F	Pr/PI	Pr/PI	1	9
1828	3SGB	3SGB_I	P68390	RIM	['FL']	[-0.454]	RI21H	RI15H	[3.85e-11]	[1.79e-11]	3SGB_I_RI21H	Pr/PI	Pr/PI	1	9
1829	3SGB	3SGB_I	P68390	RIM	['FL']	[-0.671]	RI21E	RI15E	[5.56e-11]	[1.79e-11]	3SGB_I_RI21E	Pr/PI	Pr/PI	1	9
1830	3SGB	3SGB_I	P68390	RIM	['FL']	[-0.042]	RI21Q	RI15Q	[1.92e-11]	[1.79e-11]	3SGB_I_RI21Q	Pr/PI	Pr/PI	1	9
1831	3SGB	3SGB_I	P68390	RIM	['FL']	[0.278]	RI21K	RI15K	[1.12e-11]	[1.79e-11]	3SGB_I_RI21K	Pr/PI	Pr/PI	1	9
1832	3SGB	3SGB_I	P68390	RIM	['FL']	[-0.639]	RI21D	RI15D	[5.26e-11]	[1.79e-11]	3SGB_I_RI21D	Pr/PI	Pr/PI	1	9
1833	1PPF	1PPF_I	P68390	RIM	['FL']	[1.525]	PI14V	PI14V	[1.25e-11]	[1.64e-10]	1PPF_I_PI14V	Pr/PI	Pr/PI	1	5
1834	1PPF	1PPF_I	P68390	RIM	['FL']	[2.005]	PI14C	PI14C	[5.56e-12]	[1.64e-10]	1PPF_I_PI14C	Pr/PI	Pr/PI	1	5
1835	1PPF	1PPF_I	P68390	RIM	['FL']	[0.572]	PI14S	PI14S	[6.25e-11]	[1.64e-10]	1PPF_I_PI14S	Pr/PI	Pr/PI	1	5
1836	1PPF	1PPF_I	P68390	RIM	['FL']	[0.124]	PI14A	PI14A	[1.33e-10]	[1.64e-10]	1PPF_I_PI14A	Pr/PI	Pr/PI	1	5
1837	1PPF	1PPF_I	P68390	RIM	['FL']	[-0.093]	PI14G	PI14G	[1.92e-10]	[1.64e-10]	1PPF_I_PI14G	Pr/PI	Pr/PI	1	5
1838	1CHO	1CHO_I	P68390	RIM	['FL']	[0.208]	PI14W	PI11W	[3.7e-12]	[5.26e-12]	1CHO_I_PI14W	Pr/PI	Pr/PI	1	2
1839	1CHO	1CHO_I	P68390	RIM	['FL']	[0.395]	PI14Y	PI11Y	[2.7e-12]	[5.26e-12]	1CHO_I_PI14Y	Pr/PI	Pr/PI	1	2
1840	1CHO	1CHO_I	P68390	RIM	['FL']	[-0.398]	PI14R	PI11R	[1.03e-11]	[5.26e-12]	1CHO_I_PI14R	Pr/PI	Pr/PI	1	2
1841	1CHO	1CHO_I	P68390	RIM	['FL']	[0.308]	PI14F	PI11F	[3.13e-12]	[5.26e-12]	1CHO_I_PI14F	Pr/PI	Pr/PI	1	2
1842	1CHO	1CHO_I	P68390	RIM	['FL']	[0.113]	PI14H	PI11H	[4.35e-12]	[5.26e-12]	1CHO_I_PI14H	Pr/PI	Pr/PI	1	2
1843	1CHO	1CHO_I	P68390	RIM	['FL']	[0.72]	PI14E	PI11E	[1.56e-12]	[5.26e-12]	1CHO_I_PI14E	Pr/PI	Pr/PI	1	2
1844	1CHO	1CHO_I	P68390	RIM	['FL']	[0.728]	PI14Q	PI11Q	[1.54e-12]	[5.26e-12]	1CHO_I_PI14Q	Pr/PI	Pr/PI	1	2
1845	1CHO	1CHO_I	P68390	RIM	['FL']	[-0.387]	PI14K	PI11K	[1.01e-11]	[5.26e-12]	1CHO_I_PI14K	Pr/PI	Pr/PI	1	2
1846	1CHO	1CHO_I	P68390	RIM	['FL']	[0.851]	PI14D	PI11D	[1.25e-12]	[5.26e-12]	1CHO_I_PI14D	Pr/PI	Pr/PI	1	2
1847	1CHO	1CHO_I	P68390	RIM	['FL']	[0.78]	PI14N	PI11N	[1.41e-12]	[5.26e-12]	1CHO_I_PI14N	Pr/PI	Pr/PI	1	2
1848	1CHO	1CHO_I	P68390	RIM	['FL']	[0.828]	PI14M	PI11M	[1.3e-12]	[5.26e-12]	1CHO_I_PI14M	Pr/PI	Pr/PI	1	2
1849	1R0R	1R0R_I	P68390	RIM	['FL']	[0.639]	PI14A	PI9A	[1e-11]	[2.94e-11]	1R0R_I_PI14A	Pr/PI	Pr/PI	1	5
1850	1R0R	1R0R_I	P68390	RIM	['FL']	[0.346]	PI14G	PI9G	[1.64e-11]	[2.94e-11]	1R0R_I_PI14G	Pr/PI	Pr/PI	1	5
1851	1PPF	1PPF_I	P68390	RIM	['FL']	[2.005]	PI14W	PI14W	[5.56e-12]	[1.64e-10]	1PPF_I_PI14W	Pr/PI	Pr/PI	1	5
1852	1PPF	1PPF_I	P68390	RIM	['FL']	[0.963]	PI14Y	PI14Y	[3.23e-11]	[1.64e-10]	1PPF_I_PI14Y	Pr/PI	Pr/PI	1	5
1853	1PPF	1PPF_I	P68390	RIM	['FL']	[0.138]	PI14R	PI14R	[1.3e-10]	[1.64e-10]	1PPF_I_PI14R	Pr/PI	Pr/PI	1	5
1854	1PPF	1PPF_I	P68390	RIM	['FL']	[1.857]	PI14F	PI14F	[7.14e-12]	[1.64e-10]	1PPF_I_PI14F	Pr/PI	Pr/PI	1	5
1855	1PPF	1PPF_I	P68390	RIM	['FL']	[1.766]	PI14H	PI14H	[8.33e-12]	[1.64e-10]	1PPF_I_PI14H	Pr/PI	Pr/PI	1	5
1856	1PPF	1PPF_I	P68390	RIM	['FL']	[1.429]	PI14E	PI14E	[1.47e-11]	[1.64e-10]	1PPF_I_PI14E	Pr/PI	Pr/PI	1	5
1857	1PPF	1PPF_I	P68390	RIM	['FL']	[0.811]	PI14Q	PI14Q	[4.17e-11]	[1.64e-10]	1PPF_I_PI14Q	Pr/PI	Pr/PI	1	5
1858	1PPF	1PPF_I	P68390	RIM	['FL']	[0.449]	PI14K	PI14K	[7.69e-11]	[1.64e-10]	1PPF_I_PI14K	Pr/PI	Pr/PI	1	5
1859	1PPF	1PPF_I	P68390	RIM	['FL']	[0.493]	PI14D	PI14D	[7.14e-11]	[1.64e-10]	1PPF_I_PI14D	Pr/PI	Pr/PI	1	5
1860	1PPF	1PPF_I	P68390	RIM	['FL']	[0.641]	PI14N	PI14N	[5.56e-11]	[1.64e-10]	1PPF_I_PI14N	Pr/PI	Pr/PI	1	5
1861	1PPF	1PPF_I	P68390	RIM	['FL']	[1.574]	PI14M	PI14M	[1.15e-11]	[1.64e-10]	1PPF_I_PI14M	Pr/PI	Pr/PI	1	5
1862	1PPF	1PPF_I	P68390	RIM	['FL']	[1.651]	PI14I	PI14I	[1.01e-11]	[1.64e-10]	1PPF_I_PI14I	Pr/PI	Pr/PI	1	5
1863	1PPF	1PPF_I	P68390	RIM	['FL']	[2.923]	PI14L	PI14L	[1.18e-12]	[1.64e-10]	1PPF_I_PI14L	Pr/PI	Pr/PI	1	5
1864	1PPF	1PPF_I	P68390	RIM	['FL']	[0.264]	PI14T	PI14T	[1.05e-10]	[1.64e-10]	1PPF_I_PI14T	Pr/PI	Pr/PI	1	5
1865	1R0R	1R0R_I	P68390	RIM	['FL']	[-0.857]	PI14Y	PI9Y	[1.25e-10]	[2.94e-11]	1R0R_I_PI14Y	Pr/PI	Pr/PI	1	5
1866	1R0R	1R0R_I	P68390	RIM	['FL']	[-1.102]	PI14R	PI9R	[1.89e-10]	[2.94e-11]	1R0R_I_PI14R	Pr/PI	Pr/PI	1	5
1867	1R0R	1R0R_I	P68390	RIM	['FL']	[-1.382]	PI14F	PI9F	[3.03e-10]	[2.94e-11]	1R0R_I_PI14F	Pr/PI	Pr/PI	1	5
1868	1R0R	1R0R_I	P68390	RIM	['FL']	[0.217]	PI14H	PI9H	[2.04e-11]	[2.94e-11]	1R0R_I_PI14H	Pr/PI	Pr/PI	1	5
1869	1R0R	1R0R_I	P68390	RIM	['FL']	[2.243]	PI14E	PI9E	[6.67e-13]	[2.94e-11]	1R0R_I_PI14E	Pr/PI	Pr/PI	1	5
1870	1R0R	1R0R_I	P68390	RIM	['FL']	[1.415]	PI14Q	PI9Q	[2.7e-12]	[2.94e-11]	1R0R_I_PI14Q	Pr/PI	Pr/PI	1	5
1871	1R0R	1R0R_I	P68390	RIM	['FL']	[-0.345]	PI14K	PI9K	[5.26e-11]	[2.94e-11]	1R0R_I_PI14K	Pr/PI	Pr/PI	1	5
1872	1R0R	1R0R_I	P68390	RIM	['FL']	[2.521]	PI14D	PI9D	[4.17e-13]	[2.94e-11]	1R0R_I_PI14D	Pr/PI	Pr/PI	1	5
1873	1R0R	1R0R_I	P68390	RIM	['FL']	[0.917]	PI14N	PI9N	[6.25e-12]	[2.94e-11]	1R0R_I_PI14N	Pr/PI	Pr/PI	1	5
1874	1R0R	1R0R_I	P68390	RIM	['FL']	[0.033]	PI14M	PI9M	[2.78e-11]	[2.94e-11]	1R0R_I_PI14M	Pr/PI	Pr/PI	1	5
1875	1R0R	1R0R_I	P68390	RIM	['FL']	[-1.742]	PI14I	PI9I	[5.56e-10]	[2.94e-11]	1R0R_I_PI14I	Pr/PI	Pr/PI	1	5
1876	1R0R	1R0R_I	P68390	RIM	['FL']	[-1.184]	PI14L	PI9L	[2.17e-10]	[2.94e-11]	1R0R_I_PI14L	Pr/PI	Pr/PI	1	5
1877	1R0R	1R0R_I	P68390	RIM	['FL']	[-1.198]	PI14T	PI9T	[2.22e-10]	[2.94e-11]	1R0R_I_PI14T	Pr/PI	Pr/PI	1	5
1878	1R0R	1R0R_I	P68390	RIM	['FL']	[-1.331]	PI14V	PI9V	[2.78e-10]	[2.94e-11]	1R0R_I_PI14V	Pr/PI	Pr/PI	1	5
1879	1R0R	1R0R_I	P68390	RIM	['FL']	[0.987]	PI14C	PI9C	[5.56e-12]	[2.94e-11]	1R0R_I_PI14C	Pr/PI	Pr/PI	1	5
1880	1R0R	1R0R_I	P68390	RIM	['FL']	[-0.136]	PI14S	PI9S	[3.7e-11]	[2.94e-11]	1R0R_I_PI14S	Pr/PI	Pr/PI	1	5
1881	3SGB	3SGB_I	P68390	RIM	['FL']	[-0.278]	PI14H	PI8H	[2.86e-11]	[1.79e-11]	3SGB_I_PI14H	Pr/PI	Pr/PI	1	9
1882	3SGB	3SGB_I	P68390	RIM	['FL']	[0.623]	PI14E	PI8E	[6.25e-12]	[1.79e-11]	3SGB_I_PI14E	Pr/PI	Pr/PI	1	9
1883	3SGB	3SGB_I	P68390	RIM	['FL']	[0.316]	PI14Q	PI8Q	[1.05e-11]	[1.79e-11]	3SGB_I_PI14Q	Pr/PI	Pr/PI	1	9
1884	3SGB	3SGB_I	P68390	RIM	['FL']	[-0.114]	PI14K	PI8K	[2.17e-11]	[1.79e-11]	3SGB_I_PI14K	Pr/PI	Pr/PI	1	9
1885	3SGB	3SGB_I	P68390	RIM	['FL']	[1.033]	PI14D	PI8D	[3.13e-12]	[1.79e-11]	3SGB_I_PI14D	Pr/PI	Pr/PI	1	9
1886	3SGB	3SGB_I	P68390	RIM	['FL']	[0.125]	PI14N	PI8N	[1.45e-11]	[1.79e-11]	3SGB_I_PI14N	Pr/PI	Pr/PI	1	9
1887	3SGB	3SGB_I	P68390	RIM	['FL']	[0.501]	PI14M	PI8M	[7.69e-12]	[1.79e-11]	3SGB_I_PI14M	Pr/PI	Pr/PI	1	9
1888	3SGB	3SGB_I	P68390	RIM	['FL']	[0.024]	PI14I	PI8I	[1.72e-11]	[1.79e-11]	3SGB_I_PI14I	Pr/PI	Pr/PI	1	9
1889	3SGB	3SGB_I	P68390	RIM	['FL']	[0.141]	PI14L	PI8L	[1.41e-11]	[1.79e-11]	3SGB_I_PI14L	Pr/PI	Pr/PI	1	9
1890	3SGB	3SGB_I	P68390	RIM	['FL']	[0.109]	PI14T	PI8T	[1.49e-11]	[1.79e-11]	3SGB_I_PI14T	Pr/PI	Pr/PI	1	9
1891	3SGB	3SGB_I	P68390	RIM	['FL']	[0.31]	PI14V	PI8V	[1.06e-11]	[1.79e-11]	3SGB_I_PI14V	Pr/PI	Pr/PI	1	9
1892	3SGB	3SGB_I	P68390	RIM	['FL']	[0.327]	PI14C	PI8C	[1.03e-11]	[1.79e-11]	3SGB_I_PI14C	Pr/PI	Pr/PI	1	9
1893	3SGB	3SGB_I	P68390	RIM	['FL']	[-0.066]	PI14S	PI8S	[2e-11]	[1.79e-11]	3SGB_I_PI14S	Pr/PI	Pr/PI	1	9
1894	3SGB	3SGB_I	P68390	RIM	['FL']	[0.189]	PI14A	PI8A	[1.3e-11]	[1.79e-11]	3SGB_I_PI14A	Pr/PI	Pr/PI	1	9
1895	3SGB	3SGB_I	P68390	RIM	['FL']	[-0.054]	PI14G	PI8G	[1.96e-11]	[1.79e-11]	3SGB_I_PI14G	Pr/PI	Pr/PI	1	9
1896	1R0R	1R0R_I	P68390	RIM	['FL']	[-0.485]	PI14W	PI9W	[6.67e-11]	[2.94e-11]	1R0R_I_PI14W	Pr/PI	Pr/PI	1	5
1897	1CHO	1CHO_I	P68390	RIM	['FL']	[0.511]	KI13D	KI10D	[2.22e-12]	[5.26e-12]	1CHO_I_KI13D	Pr/PI	Pr/PI	1	2
1898	1CHO	1CHO_I	P68390	RIM	['FL']	[0.361]	KI13N	KI10N	[2.86e-12]	[5.26e-12]	1CHO_I_KI13N	Pr/PI	Pr/PI	1	2
1899	1CHO	1CHO_I	P68390	RIM	['FL']	[-0.426]	KI13M	KI10M	[1.08e-11]	[5.26e-12]	1CHO_I_KI13M	Pr/PI	Pr/PI	1	2
1900	1CHO	1CHO_I	P68390	RIM	['FL']	[-1.545]	KI13I	KI10I	[7.14e-11]	[5.26e-12]	1CHO_I_KI13I	Pr/PI	Pr/PI	1	2
1901	1CHO	1CHO_I	P68390	RIM	['FL']	[-0.381]	KI13L	KI10L	[1e-11]	[5.26e-12]	1CHO_I_KI13L	Pr/PI	Pr/PI	1	2
1902	1CHO	1CHO_I	P68390	RIM	['FL']	[-2.076]	KI13P	KI10P	[1.75e-10]	[5.26e-12]	1CHO_I_KI13P	Pr/PI	Pr/PI	1	2
1903	1CHO	1CHO_I	P68390	RIM	['FL']	[-0.381]	KI13T	KI10T	[1e-11]	[5.26e-12]	1CHO_I_KI13T	Pr/PI	Pr/PI	1	2
1904	1CHO	1CHO_I	P68390	RIM	['FL']	[-1.202]	KI13V	KI10V	[4e-11]	[5.26e-12]	1CHO_I_KI13V	Pr/PI	Pr/PI	1	2
1905	1CHO	1CHO_I	P68390	RIM	['FL']	[-0.503]	KI13C	KI10C	[1.23e-11]	[5.26e-12]	1CHO_I_KI13C	Pr/PI	Pr/PI	1	2
1906	1CHO	1CHO_I	P68390	RIM	['FL']	[0.427]	KI13S	KI10S	[2.56e-12]	[5.26e-12]	1CHO_I_KI13S	Pr/PI	Pr/PI	1	2
1907	1CHO	1CHO_I	P68390	RIM	['FL']	[-0.181]	KI13A	KI10A	[7.14e-12]	[5.26e-12]	1CHO_I_KI13A	Pr/PI	Pr/PI	1	2
1908	1CHO	1CHO_I	P68390	RIM	['FL']	[-1.822]	KI13G	KI10G	[1.14e-10]	[5.26e-12]	1CHO_I_KI13G	Pr/PI	Pr/PI	1	2
1909	3SGB	3SGB_I	P68390	RIM	['FL']	[0.501]	PI14W	PI8W	[7.69e-12]	[1.79e-11]	3SGB_I_PI14W	Pr/PI	Pr/PI	1	9
1910	3SGB	3SGB_I	P68390	RIM	['FL']	[0.401]	PI14Y	PI8Y	[9.09e-12]	[1.79e-11]	3SGB_I_PI14Y	Pr/PI	Pr/PI	1	9
1911	3SGB	3SGB_I	P68390	RIM	['FL']	[-0.312]	PI14R	PI8R	[3.03e-11]	[1.79e-11]	3SGB_I_PI14R	Pr/PI	Pr/PI	1	9
1912	3SGB	3SGB_I	P68390	RIM	['FL']	[0.345]	PI14F	PI8F	[1e-11]	[1.79e-11]	3SGB_I_PI14F	Pr/PI	Pr/PI	1	9
1913	1PPF	1PPF_I	P68390	RIM	['FL']	[-0.631]	KI13I	KI13I	[4.76e-10]	[1.64e-10]	1PPF_I_KI13I	Pr/PI	Pr/PI	1	4
1914	1PPF	1PPF_I	P68390	RIM	['FL']	[-0.402]	KI13L	KI13L	[3.23e-10]	[1.64e-10]	1PPF_I_KI13L	Pr/PI	Pr/PI	1	4
1915	1PPF	1PPF_I	P68390	RIM	['FL']	[-1.266]	KI13P	KI13P	[1.39e-09]	[1.64e-10]	1PPF_I_KI13P	Pr/PI	Pr/PI	1	4
1916	1PPF	1PPF_I	P68390	RIM	['FL']	[-0.166]	KI13T	KI13T	[2.17e-10]	[1.64e-10]	1PPF_I_KI13T	Pr/PI	Pr/PI	1	4
1917	1PPF	1PPF_I	P68390	RIM	['FL']	[-0.872]	KI13V	KI13V	[7.14e-10]	[1.64e-10]	1PPF_I_KI13V	Pr/PI	Pr/PI	1	4
1918	1PPF	1PPF_I	P68390	RIM	['FL']	[-0.963]	KI13C	KI13C	[8.33e-10]	[1.64e-10]	1PPF_I_KI13C	Pr/PI	Pr/PI	1	4
1919	1PPF	1PPF_I	P68390	RIM	['FL']	[-0.461]	KI13S	KI13S	[3.57e-10]	[1.64e-10]	1PPF_I_KI13S	Pr/PI	Pr/PI	1	4
1920	1PPF	1PPF_I	P68390	RIM	['FL']	[-0.756]	KI13A	KI13A	[5.88e-10]	[1.64e-10]	1PPF_I_KI13A	Pr/PI	Pr/PI	1	4
1921	1PPF	1PPF_I	P68390	RIM	['FL']	[-1.249]	KI13G	KI13G	[1.35e-09]	[1.64e-10]	1PPF_I_KI13G	Pr/PI	Pr/PI	1	4
1922	1CHO	1CHO_I	P68390	RIM	['FL']	[-1.02]	KI13W	KI10W	[2.94e-11]	[5.26e-12]	1CHO_I_KI13W	Pr/PI	Pr/PI	1	2
1923	1CHO	1CHO_I	P68390	RIM	['FL']	[-1.075]	KI13Y	KI10Y	[3.23e-11]	[5.26e-12]	1CHO_I_KI13Y	Pr/PI	Pr/PI	1	2
1924	1CHO	1CHO_I	P68390	RIM	['FL']	[0.378]	KI13R	KI10R	[2.78e-12]	[5.26e-12]	1CHO_I_KI13R	Pr/PI	Pr/PI	1	2
1925	1CHO	1CHO_I	P68390	RIM	['FL']	[-1.093]	KI13F	KI10F	[3.33e-11]	[5.26e-12]	1CHO_I_KI13F	Pr/PI	Pr/PI	1	2
1926	1CHO	1CHO_I	P68390	RIM	['FL']	[-0.141]	KI13H	KI10H	[6.67e-12]	[5.26e-12]	1CHO_I_KI13H	Pr/PI	Pr/PI	1	2
1927	1CHO	1CHO_I	P68390	RIM	['FL']	[-0.181]	KI13E	KI10E	[7.14e-12]	[5.26e-12]	1CHO_I_KI13E	Pr/PI	Pr/PI	1	2
1928	1CHO	1CHO_I	P68390	RIM	['FL']	[0.573]	KI13Q	KI10Q	[2e-12]	[5.26e-12]	1CHO_I_KI13Q	Pr/PI	Pr/PI	1	2
1929	1R0R	1R0R_I	P68390	COR	['FL']	[-0.89]	KI13T	KI8T	[1.32e-10]	[2.94e-11]	1R0R_I_KI13T	Pr/PI	Pr/PI	1	5
1930	1R0R	1R0R_I	P68390	COR	['FL']	[-0.411]	KI13V	KI8V	[5.88e-11]	[2.94e-11]	1R0R_I_KI13V	Pr/PI	Pr/PI	1	5
1931	1R0R	1R0R_I	P68390	COR	['FL']	[0.616]	KI13C	KI8C	[1.04e-11]	[2.94e-11]	1R0R_I_KI13C	Pr/PI	Pr/PI	1	5
1932	1R0R	1R0R_I	P68390	COR	['FL']	[0.307]	KI13S	KI8S	[1.75e-11]	[2.94e-11]	1R0R_I_KI13S	Pr/PI	Pr/PI	1	5
1933	1R0R	1R0R_I	P68390	COR	['FL']	[0.61]	KI13A	KI8A	[1.05e-11]	[2.94e-11]	1R0R_I_KI13A	Pr/PI	Pr/PI	1	5
1934	1R0R	1R0R_I	P68390	COR	['FL']	[0.838]	KI13G	KI8G	[7.14e-12]	[2.94e-11]	1R0R_I_KI13G	Pr/PI	Pr/PI	1	5
1935	1PPF	1PPF_I	P68390	RIM	['FL']	[-0.831]	KI13W	KI13W	[6.67e-10]	[1.64e-10]	1PPF_I_KI13W	Pr/PI	Pr/PI	1	4
1936	1PPF	1PPF_I	P68390	RIM	['FL']	[-0.506]	KI13Y	KI13Y	[3.85e-10]	[1.64e-10]	1PPF_I_KI13Y	Pr/PI	Pr/PI	1	4
1937	1PPF	1PPF_I	P68390	RIM	['FL']	[0.641]	KI13R	KI13R	[5.56e-11]	[1.64e-10]	1PPF_I_KI13R	Pr/PI	Pr/PI	1	4
1938	1PPF	1PPF_I	P68390	RIM	['FL']	[-0.963]	KI13F	KI13F	[8.33e-10]	[1.64e-10]	1PPF_I_KI13F	Pr/PI	Pr/PI	1	4
1939	1PPF	1PPF_I	P68390	RIM	['FL']	[-1.015]	KI13H	KI13H	[9.09e-10]	[1.64e-10]	1PPF_I_KI13H	Pr/PI	Pr/PI	1	4
1940	1PPF	1PPF_I	P68390	RIM	['FL']	[-1.133]	KI13E	KI13E	[1.11e-09]	[1.64e-10]	1PPF_I_KI13E	Pr/PI	Pr/PI	1	4
1941	1PPF	1PPF_I	P68390	RIM	['FL']	[-0.25]	KI13Q	KI13Q	[2.5e-10]	[1.64e-10]	1PPF_I_KI13Q	Pr/PI	Pr/PI	1	4
1942	1PPF	1PPF_I	P68390	RIM	['FL']	[-0.631]	KI13D	KI13D	[4.76e-10]	[1.64e-10]	1PPF_I_KI13D	Pr/PI	Pr/PI	1	4
1943	1PPF	1PPF_I	P68390	RIM	['FL']	[-0.66]	KI13N	KI13N	[5e-10]	[1.64e-10]	1PPF_I_KI13N	Pr/PI	Pr/PI	1	4
1944	1PPF	1PPF_I	P68390	RIM	['FL']	[-0.208]	KI13M	KI13M	[2.33e-10]	[1.64e-10]	1PPF_I_KI13M	Pr/PI	Pr/PI	1	4
1945	3SGB	3SGB_I	P68390	COR	['FL']	[2.588]	KI13S	KI7S	[2.27e-13]	[1.79e-11]	3SGB_I_KI13S	Pr/PI	Pr/PI	1	9
1946	3SGB	3SGB_I	P68390	COR	['FL']	[2.572]	KI13A	KI7A	[2.33e-13]	[1.79e-11]	3SGB_I_KI13A	Pr/PI	Pr/PI	1	9
1947	3SGB	3SGB_I	P68390	COR	['FL']	[0.726]	KI13G	KI7G	[5.26e-12]	[1.79e-11]	3SGB_I_KI13G	Pr/PI	Pr/PI	1	9
1948	1R0R	1R0R_I	P68390	COR	['FL']	[1.105]	KI13W	KI8W	[4.55e-12]	[2.94e-11]	1R0R_I_KI13W	Pr/PI	Pr/PI	1	5
1949	1R0R	1R0R_I	P68390	COR	['FL']	[0.695]	KI13Y	KI8Y	[9.09e-12]	[2.94e-11]	1R0R_I_KI13Y	Pr/PI	Pr/PI	1	5
1950	1R0R	1R0R_I	P68390	COR	['FL']	[-0.136]	KI13R	KI8R	[3.7e-11]	[2.94e-11]	1R0R_I_KI13R	Pr/PI	Pr/PI	1	5
1951	1R0R	1R0R_I	P68390	COR	['FL']	[0.795]	KI13F	KI8F	[7.69e-12]	[2.94e-11]	1R0R_I_KI13F	Pr/PI	Pr/PI	1	5
1952	1R0R	1R0R_I	P68390	COR	['FL']	[0.593]	KI13H	KI8H	[1.08e-11]	[2.94e-11]	1R0R_I_KI13H	Pr/PI	Pr/PI	1	5
1953	1R0R	1R0R_I	P68390	COR	['FL']	[0.11]	KI13E	KI8E	[2.44e-11]	[2.94e-11]	1R0R_I_KI13E	Pr/PI	Pr/PI	1	5
1954	1R0R	1R0R_I	P68390	COR	['FL']	[0.531]	KI13Q	KI8Q	[1.2e-11]	[2.94e-11]	1R0R_I_KI13Q	Pr/PI	Pr/PI	1	5
1955	1R0R	1R0R_I	P68390	COR	['FL']	[0.593]	KI13D	KI8D	[1.08e-11]	[2.94e-11]	1R0R_I_KI13D	Pr/PI	Pr/PI	1	5
1956	1R0R	1R0R_I	P68390	COR	['FL']	[0.391]	KI13N	KI8N	[1.52e-11]	[2.94e-11]	1R0R_I_KI13N	Pr/PI	Pr/PI	1	5
1957	1R0R	1R0R_I	P68390	COR	['FL']	[0.561]	KI13M	KI8M	[1.14e-11]	[2.94e-11]	1R0R_I_KI13M	Pr/PI	Pr/PI	1	5
1958	1R0R	1R0R_I	P68390	COR	['FL']	[-1.124]	KI13I	KI8I	[1.96e-10]	[2.94e-11]	1R0R_I_KI13I	Pr/PI	Pr/PI	1	5
1959	1R0R	1R0R_I	P68390	COR	['FL']	[0.328]	KI13L	KI8L	[1.69e-11]	[2.94e-11]	1R0R_I_KI13L	Pr/PI	Pr/PI	1	5
1960	1R0R	1R0R_I	P68390	COR	['FL']	[-1.348]	KI13P	KI8P	[2.86e-10]	[2.94e-11]	1R0R_I_KI13P	Pr/PI	Pr/PI	1	5
1961	1EFN	1EFN_A	P06241	COR	['SPR']	[-1.244]	TA97H	TA13H	[3.1e-06]	[3.8e-07]	1EFN_A_TA97H		1EFN_A_B,1GCQ_AB_C	1	3
1962	1VFB	1VFB_A	P01635	COR	['FL']	[-1.647]	TA53R	TA53R	[2.4e-08]	[1.49e-09]	1VFB_A_TA53R	AB/AG	AB/AG	2	5
1963	1VFB	1VFB_A	P01635	RIM	['FL']	[-0.471]	TA52F	TA52F	[3.3e-09]	[1.49e-09]	1VFB_A_TA52F	AB/AG	AB/AG	2	5
1964	3SGB	3SGB_I	P68390	COR	['FL']	[0.726]	KI13F	KI7F	[5.26e-12]	[1.79e-11]	3SGB_I_KI13F	Pr/PI	Pr/PI	1	9
1965	3SGB	3SGB_I	P68390	COR	['FL']	[0.401]	KI13H	KI7H	[9.09e-12]	[1.79e-11]	3SGB_I_KI13H	Pr/PI	Pr/PI	1	9
1966	3SGB	3SGB_I	P68390	COR	['FL']	[-0.032]	KI13E	KI7E	[1.89e-11]	[1.79e-11]	3SGB_I_KI13E	Pr/PI	Pr/PI	1	9
1967	3SGB	3SGB_I	P68390	COR	['FL']	[0.623]	KI13Q	KI7Q	[6.25e-12]	[1.79e-11]	3SGB_I_KI13Q	Pr/PI	Pr/PI	1	9
1968	3SGB	3SGB_I	P68390	COR	['FL']	[0.623]	KI13D	KI7D	[6.25e-12]	[1.79e-11]	3SGB_I_KI13D	Pr/PI	Pr/PI	1	9
1969	3SGB	3SGB_I	P68390	COR	['FL']	[0.66]	KI13N	KI7N	[5.88e-12]	[1.79e-11]	3SGB_I_KI13N	Pr/PI	Pr/PI	1	9
1970	3SGB	3SGB_I	P68390	COR	['FL']	[1.166]	KI13M	KI7M	[2.5e-12]	[1.79e-11]	3SGB_I_KI13M	Pr/PI	Pr/PI	1	9
1971	3SGB	3SGB_I	P68390	COR	['FL']	[1.345]	KI13I	KI7I	[1.85e-12]	[1.79e-11]	3SGB_I_KI13I	Pr/PI	Pr/PI	1	9
1972	3SGB	3SGB_I	P68390	COR	['FL']	[1.817]	KI13L	KI7L	[8.33e-13]	[1.79e-11]	3SGB_I_KI13L	Pr/PI	Pr/PI	1	9
1973	3SGB	3SGB_I	P68390	COR	['FL']	[0.0]	KI13P	KI7P	[1.79e-11]	[1.79e-11]	3SGB_I_KI13P	Pr/PI	Pr/PI	1	9
1974	3SGB	3SGB_I	P68390	COR	['FL']	[1.949]	KI13T	KI7T	[6.67e-13]	[1.79e-11]	3SGB_I_KI13T	Pr/PI	Pr/PI	1	9
1975	3SGB	3SGB_I	P68390	COR	['FL']	[0.955]	KI13V	KI7V	[3.57e-12]	[1.79e-11]	3SGB_I_KI13V	Pr/PI	Pr/PI	1	9
1976	3SGB	3SGB_I	P68390	COR	['FL']	[0.585]	KI13C	KI7C	[6.67e-12]	[1.79e-11]	3SGB_I_KI13C	Pr/PI	Pr/PI	1	9
1977	1CHO	1CHO_I	P68390	SUP	['FL']	[-0.324]	GI32P	GI29P	[9.09e-12]	[5.26e-12]	1CHO_I_GI32P	Pr/PI	Pr/PI	1	2
1978	1CHO	1CHO_I	P68390	SUP	['FL']	[-2.076]	GI32T	GI29T	[1.75e-10]	[5.26e-12]	1CHO_I_GI32T	Pr/PI	Pr/PI	1	2
1979	1CHO	1CHO_I	P68390	SUP	['FL']	[-2.543]	GI32C	GI29C	[3.85e-10]	[5.26e-12]	1CHO_I_GI32C	Pr/PI	Pr/PI	1	2
1980	1CHO	1CHO_I	P68390	SUP	['FL']	[0.138]	GI32S	GI29S	[4.17e-12]	[5.26e-12]	1CHO_I_GI32S	Pr/PI	Pr/PI	1	2
1981	3SGB	3SGB_I	P68390	COR	['FL']	[0.013]	KI13W	KI7W	[1.75e-11]	[1.79e-11]	3SGB_I_KI13W	Pr/PI	Pr/PI	1	9
1982	3SGB	3SGB_I	P68390	COR	['FL']	[0.585]	KI13Y	KI7Y	[6.67e-12]	[1.79e-11]	3SGB_I_KI13Y	Pr/PI	Pr/PI	1	9
1983	3SGB	3SGB_I	P68390	COR	['FL']	[0.693]	KI13R	KI7R	[5.56e-12]	[1.79e-11]	3SGB_I_KI13R	Pr/PI	Pr/PI	1	9
1984	2HRK	2HRK_A	P46655	RIM	['SPR']	[-0.954]	KA159A	KA140A	[2.65e-07]	[5.3e-08]	2HRK_A_KA159A		2HRK_A_B	1	6
1985	2HRK	2HRK_A	P46655	COR	['SPR']	[-0.721]	TA127V	TA108V	[1.79e-07]	[5.3e-08]	2HRK_A_TA127V		2HRK_A_B	1	6
1986	2HRK	2HRK_B	P46672	COR	['SPR']	[-0.624]	TB57V	TB55V	[1.52e-07]	[5.3e-08]	2HRK_B_TB57V		2HRK_A_B	1	6
1987	2VIR	2VIR_C	P03437	COR	['SPR']	[-4.914]	TC131I	TC89I	[4e-06]	[1e-09]	2VIR_C_TC131I	AB/AG	AB/AG	1	7
1988	2VIR	2VIR_C	P03437	COR	['SPR']	[-3.682]	SC157L	SC115L	[5e-07]	[1e-09]	2VIR_C_SC157L	AB/AG	AB/AG	1	7
1989	2VIS	2VIS_C	P03437	COR	['SPR']	[4.914]	IC131T	IC89T	[1e-09]	[4e-06]	2VIS_C_IC131T	AB/AG	AB/AG	1	7
1990	3BP8	3BP8_C	P69786	COR	['SPR']	[-0.615]	AC63F	AC51F	[1.17e-08]	[4.14e-09]	3BP8_C_AC63F		3BP8_A_C	1	7
1991	3BP8	3BP8_A	P50456	SUP	['SPR']	[-0.709]	FA136A	FA115A	[1.37e-08]	[4.14e-09]	3BP8_A_FA136A		3BP8_A_C	1	7
1992	1EFN	1EFN_A	P06241	COR	['SPR']	[-1.451]	IA96A	IA12A	[4.4e-06]	[3.8e-07]	1EFN_A_IA96A		1EFN_A_B,1GCQ_AB_C	1	3
1993	1PPF	1PPF_I	P68390	COR	['FL']	[-2.812]	GI32T	GI32T	[1.89e-08]	[1.64e-10]	1PPF_I_GI32T	Pr/PI	Pr/PI	1	4
1994	1PPF	1PPF_I	P68390	COR	['FL']	[-1.179]	GI32C	GI32C	[1.2e-09]	[1.64e-10]	1PPF_I_GI32C	Pr/PI	Pr/PI	1	4
1995	1PPF	1PPF_I	P68390	COR	['FL']	[-0.915]	GI32S	GI32S	[7.69e-10]	[1.64e-10]	1PPF_I_GI32S	Pr/PI	Pr/PI	1	4
1996	1CHO	1CHO_I	P68390	SUP	['FL']	[-1.057]	GI32W	GI29W	[3.13e-11]	[5.26e-12]	1CHO_I_GI32W	Pr/PI	Pr/PI	1	2
1997	1CHO	1CHO_I	P68390	SUP	['FL']	[0.984]	GI32Y	GI29Y	[1e-12]	[5.26e-12]	1CHO_I_GI32Y	Pr/PI	Pr/PI	1	2
1998	1CHO	1CHO_I	P68390	SUP	['FL']	[-1.745]	GI32R	GI29R	[1e-10]	[5.26e-12]	1CHO_I_GI32R	Pr/PI	Pr/PI	1	2
1999	1CHO	1CHO_I	P68390	SUP	['FL']	[-0.102]	GI32F	GI29F	[6.25e-12]	[5.26e-12]	1CHO_I_GI32F	Pr/PI	Pr/PI	1	2
2000	1CHO	1CHO_I	P68390	SUP	['FL']	[0.984]	GI32H	GI29H	[1e-12]	[5.26e-12]	1CHO_I_GI32H	Pr/PI	Pr/PI	1	2
2001	1CHO	1CHO_I	P68390	SUP	['FL']	[-2.616]	GI32E	GI29E	[4.35e-10]	[5.26e-12]	1CHO_I_GI32E	Pr/PI	Pr/PI	1	2
2002	1CHO	1CHO_I	P68390	SUP	['FL']	[-2.384]	GI32Q	GI29Q	[2.94e-10]	[5.26e-12]	1CHO_I_GI32Q	Pr/PI	Pr/PI	1	2
2003	1CHO	1CHO_I	P68390	SUP	['FL']	[-1.589]	GI32K	GI29K	[7.69e-11]	[5.26e-12]	1CHO_I_GI32K	Pr/PI	Pr/PI	1	2
2004	1CHO	1CHO_I	P68390	SUP	['FL']	[-3.109]	GI32D	GI29D	[1e-09]	[5.26e-12]	1CHO_I_GI32D	Pr/PI	Pr/PI	1	2
2005	1CHO	1CHO_I	P68390	SUP	['FL']	[-0.954]	GI32N	GI29N	[2.63e-11]	[5.26e-12]	1CHO_I_GI32N	Pr/PI	Pr/PI	1	2
2006	1CHO	1CHO_I	P68390	SUP	['FL']	[-1.637]	GI32M	GI29M	[8.33e-11]	[5.26e-12]	1CHO_I_GI32M	Pr/PI	Pr/PI	1	2
2007	1CHO	1CHO_I	P68390	SUP	['FL']	[-2.367]	GI32I	GI29I	[2.86e-10]	[5.26e-12]	1CHO_I_GI32I	Pr/PI	Pr/PI	1	2
2008	1CHO	1CHO_I	P68390	SUP	['FL']	[-1.751]	GI32L	GI29L	[1.01e-10]	[5.26e-12]	1CHO_I_GI32L	Pr/PI	Pr/PI	1	2
2009	1R0R	1R0R_I	P68390	SUP	['FL']	[-1.42]	GI32C	GI27C	[3.23e-10]	[2.94e-11]	1R0R_I_GI32C	Pr/PI	Pr/PI	1	5
2010	1R0R	1R0R_I	P68390	SUP	['FL']	[-0.912]	GI32S	GI27S	[1.37e-10]	[2.94e-11]	1R0R_I_GI32S	Pr/PI	Pr/PI	1	5
2011	1PPF	1PPF_I	P68390	COR	['FL']	[-1.644]	GI32W	GI32W	[2.63e-09]	[1.64e-10]	1PPF_I_GI32W	Pr/PI	Pr/PI	1	4
2012	1PPF	1PPF_I	P68390	COR	['FL']	[-1.203]	GI32Y	GI32Y	[1.25e-09]	[1.64e-10]	1PPF_I_GI32Y	Pr/PI	Pr/PI	1	4
2013	1PPF	1PPF_I	P68390	COR	['FL']	[-4.849]	GI32R	GI32R	[5.88e-07]	[1.64e-10]	1PPF_I_GI32R	Pr/PI	Pr/PI	1	4
2014	1PPF	1PPF_I	P68390	COR	['FL']	[-1.482]	GI32F	GI32F	[2e-09]	[1.64e-10]	1PPF_I_GI32F	Pr/PI	Pr/PI	1	4
2015	1PPF	1PPF_I	P68390	COR	['FL']	[-1.505]	GI32H	GI32H	[2.08e-09]	[1.64e-10]	1PPF_I_GI32H	Pr/PI	Pr/PI	1	4
2016	1PPF	1PPF_I	P68390	COR	['FL']	[-1.458]	GI32E	GI32E	[1.92e-09]	[1.64e-10]	1PPF_I_GI32E	Pr/PI	Pr/PI	1	4
2017	1PPF	1PPF_I	P68390	COR	['FL']	[-2.8]	GI32Q	GI32Q	[1.85e-08]	[1.64e-10]	1PPF_I_GI32Q	Pr/PI	Pr/PI	1	4
2018	1PPF	1PPF_I	P68390	COR	['FL']	[-3.306]	GI32K	GI32K	[4.35e-08]	[1.64e-10]	1PPF_I_GI32K	Pr/PI	Pr/PI	1	4
2019	1PPF	1PPF_I	P68390	COR	['FL']	[-2.497]	GI32D	GI32D	[1.11e-08]	[1.64e-10]	1PPF_I_GI32D	Pr/PI	Pr/PI	1	4
2020	1PPF	1PPF_I	P68390	COR	['FL']	[-1.614]	GI32N	GI32N	[2.5e-09]	[1.64e-10]	1PPF_I_GI32N	Pr/PI	Pr/PI	1	4
2021	1PPF	1PPF_I	P68390	COR	['FL']	[-2.195]	GI32M	GI32M	[6.67e-09]	[1.64e-10]	1PPF_I_GI32M	Pr/PI	Pr/PI	1	4
2022	1PPF	1PPF_I	P68390	COR	['FL']	[-4.372]	GI32I	GI32I	[2.63e-07]	[1.64e-10]	1PPF_I_GI32I	Pr/PI	Pr/PI	1	4
2023	1PPF	1PPF_I	P68390	COR	['FL']	[-3.13]	GI32L	GI32L	[3.23e-08]	[1.64e-10]	1PPF_I_GI32L	Pr/PI	Pr/PI	1	4
2024	1PPF	1PPF_I	P68390	COR	['FL']	[-0.264]	GI32P	GI32P	[2.56e-10]	[1.64e-10]	1PPF_I_GI32P	Pr/PI	Pr/PI	1	4
2025	3SGB	3SGB_I	P68390	COR	['FL']	[-1.608]	GI32S	GI26S	[2.7e-10]	[1.79e-11]	3SGB_I_GI32S	Pr/PI	Pr/PI	1	9
2026	1R0R	1R0R_I	P68390	SUP	['FL']	[-1.401]	GI32W	GI27W	[3.13e-10]	[2.94e-11]	1R0R_I_GI32W	Pr/PI	Pr/PI	1	5
2027	1R0R	1R0R_I	P68390	SUP	['FL']	[-0.485]	GI32Y	GI27Y	[6.67e-11]	[2.94e-11]	1R0R_I_GI32Y	Pr/PI	Pr/PI	1	5
2028	1R0R	1R0R_I	P68390	SUP	['FL']	[-3.471]	GI32R	GI27R	[1.03e-08]	[2.94e-11]	1R0R_I_GI32R	Pr/PI	Pr/PI	1	5
2029	1R0R	1R0R_I	P68390	SUP	['FL']	[-0.115]	GI32F	GI27F	[3.57e-11]	[2.94e-11]	1R0R_I_GI32F	Pr/PI	Pr/PI	1	5
2030	1R0R	1R0R_I	P68390	SUP	['FL']	[-2.192]	GI32H	GI27H	[1.19e-09]	[2.94e-11]	1R0R_I_GI32H	Pr/PI	Pr/PI	1	5
2031	1R0R	1R0R_I	P68390	SUP	['FL']	[-1.981]	GI32E	GI27E	[8.33e-10]	[2.94e-11]	1R0R_I_GI32E	Pr/PI	Pr/PI	1	5
2032	1R0R	1R0R_I	P68390	SUP	['FL']	[-2.033]	GI32Q	GI27Q	[9.09e-10]	[2.94e-11]	1R0R_I_GI32Q	Pr/PI	Pr/PI	1	5
2033	1R0R	1R0R_I	P68390	SUP	['FL']	[-2.935]	GI32K	GI27K	[4.17e-09]	[2.94e-11]	1R0R_I_GI32K	Pr/PI	Pr/PI	1	5
2034	1R0R	1R0R_I	P68390	SUP	['FL']	[-2.888]	GI32D	GI27D	[3.85e-09]	[2.94e-11]	1R0R_I_GI32D	Pr/PI	Pr/PI	1	5
2035	1R0R	1R0R_I	P68390	SUP	['FL']	[-1.282]	GI32N	GI27N	[2.56e-10]	[2.94e-11]	1R0R_I_GI32N	Pr/PI	Pr/PI	1	5
2036	1R0R	1R0R_I	P68390	SUP	['FL']	[-2.157]	GI32M	GI27M	[1.12e-09]	[2.94e-11]	1R0R_I_GI32M	Pr/PI	Pr/PI	1	5
2037	1R0R	1R0R_I	P68390	SUP	['FL']	[-1.981]	GI32I	GI27I	[8.33e-10]	[2.94e-11]	1R0R_I_GI32I	Pr/PI	Pr/PI	1	5
2038	1R0R	1R0R_I	P68390	SUP	['FL']	[-2.411]	GI32L	GI27L	[1.72e-09]	[2.94e-11]	1R0R_I_GI32L	Pr/PI	Pr/PI	1	5
2039	1R0R	1R0R_I	P68390	SUP	['FL']	[-1.08]	GI32P	GI27P	[1.82e-10]	[2.94e-11]	1R0R_I_GI32P	Pr/PI	Pr/PI	1	5
2040	1R0R	1R0R_I	P68390	SUP	['FL']	[-1.679]	GI32T	GI27T	[5e-10]	[2.94e-11]	1R0R_I_GI32T	Pr/PI	Pr/PI	1	5
2041	3SGB	3SGB_I	P68390	COR	['FL']	[-3.912]	GI32W	GI26W	[1.32e-08]	[1.79e-11]	3SGB_I_GI32W	Pr/PI	Pr/PI	1	9
2042	3SGB	3SGB_I	P68390	COR	['FL']	[-3.096]	GI32Y	GI26Y	[3.33e-09]	[1.79e-11]	3SGB_I_GI32Y	Pr/PI	Pr/PI	1	9
2043	3SGB	3SGB_I	P68390	COR	['FL']	[-3.508]	GI32R	GI26R	[6.67e-09]	[1.79e-11]	3SGB_I_GI32R	Pr/PI	Pr/PI	1	9
2044	3SGB	3SGB_I	P68390	COR	['FL']	[-3.022]	GI32F	GI26F	[2.94e-09]	[1.79e-11]	3SGB_I_GI32F	Pr/PI	Pr/PI	1	9
2045	3SGB	3SGB_I	P68390	COR	['FL']	[-2.738]	GI32H	GI26H	[1.82e-09]	[1.79e-11]	3SGB_I_GI32H	Pr/PI	Pr/PI	1	9
2046	3SGB	3SGB_I	P68390	COR	['FL']	[-1.973]	GI32E	GI26E	[5e-10]	[1.79e-11]	3SGB_I_GI32E	Pr/PI	Pr/PI	1	9
2047	3SGB	3SGB_I	P68390	COR	['FL']	[-2.956]	GI32Q	GI26Q	[2.63e-09]	[1.79e-11]	3SGB_I_GI32Q	Pr/PI	Pr/PI	1	9
2048	3SGB	3SGB_I	P68390	COR	['FL']	[-2.525]	GI32K	GI26K	[1.27e-09]	[1.79e-11]	3SGB_I_GI32K	Pr/PI	Pr/PI	1	9
2049	3SGB	3SGB_I	P68390	COR	['FL']	[-1.625]	GI32D	GI26D	[2.78e-10]	[1.79e-11]	3SGB_I_GI32D	Pr/PI	Pr/PI	1	9
2050	3SGB	3SGB_I	P68390	COR	['FL']	[-2.275]	GI32N	GI26N	[8.33e-10]	[1.79e-11]	3SGB_I_GI32N	Pr/PI	Pr/PI	1	9
2051	3SGB	3SGB_I	P68390	COR	['FL']	[-2.794]	GI32M	GI26M	[2e-09]	[1.79e-11]	3SGB_I_GI32M	Pr/PI	Pr/PI	1	9
2052	3SGB	3SGB_I	P68390	COR	['FL']	[-4.093]	GI32I	GI26I	[1.79e-08]	[1.79e-11]	3SGB_I_GI32I	Pr/PI	Pr/PI	1	9
2053	3SGB	3SGB_I	P68390	COR	['FL']	[-2.658]	GI32L	GI26L	[1.59e-09]	[1.79e-11]	3SGB_I_GI32L	Pr/PI	Pr/PI	1	9
2054	3SGB	3SGB_I	P68390	COR	['FL']	[-1.097]	GI32P	GI26P	[1.14e-10]	[1.79e-11]	3SGB_I_GI32P	Pr/PI	Pr/PI	1	9
2055	3SGB	3SGB_I	P68390	COR	['FL']	[-3.034]	GI32T	GI26T	[3e-09]	[1.79e-11]	3SGB_I_GI32T	Pr/PI	Pr/PI	1	9
2056	3SGB	3SGB_I	P68390	COR	['FL']	[-2.612]	GI32C	GI26C	[1.47e-09]	[1.79e-11]	3SGB_I_GI32C	Pr/PI	Pr/PI	1	9
2057	1CHO	1CHO_I	P68390	COR	['FL']	[-2.367]	NI36F	NI33F	[2.86e-10]	[5.26e-12]	1CHO_I_NI36F	Pr/PI	Pr/PI	1	2
2058	1CHO	1CHO_I	P68390	COR	['FL']	[0.735]	NI36H	NI33H	[1.52e-12]	[5.26e-12]	1CHO_I_NI36H	Pr/PI	Pr/PI	1	2
2059	1CHO	1CHO_I	P68390	COR	['FL']	[-2.333]	NI36E	NI33E	[2.7e-10]	[5.26e-12]	1CHO_I_NI36E	Pr/PI	Pr/PI	1	2
2060	1CHO	1CHO_I	P68390	COR	['FL']	[0.185]	NI36Q	NI33Q	[3.85e-12]	[5.26e-12]	1CHO_I_NI36Q	Pr/PI	Pr/PI	1	2
2061	1CHO	1CHO_I	P68390	COR	['FL']	[-2.333]	NI36K	NI33K	[2.7e-10]	[5.26e-12]	1CHO_I_NI36K	Pr/PI	Pr/PI	1	2
2062	1CHO	1CHO_I	P68390	COR	['FL']	[1.04]	NI36D	NI33D	[9.09e-13]	[5.26e-12]	1CHO_I_NI36D	Pr/PI	Pr/PI	1	2
2063	1CHO	1CHO_I	P68390	COR	['FL']	[0.208]	NI36M	NI33M	[3.7e-12]	[5.26e-12]	1CHO_I_NI36M	Pr/PI	Pr/PI	1	2
2064	1CHO	1CHO_I	P68390	COR	['FL']	[0.03]	NI36I	NI33I	[5e-12]	[5.26e-12]	1CHO_I_NI36I	Pr/PI	Pr/PI	1	2
2065	1CHO	1CHO_I	P68390	COR	['FL']	[-0.617]	NI36L	NI33L	[1.49e-11]	[5.26e-12]	1CHO_I_NI36L	Pr/PI	Pr/PI	1	2
2066	1CHO	1CHO_I	P68390	COR	['FL']	[1.834]	NI36P	NI33P	[2.38e-13]	[5.26e-12]	1CHO_I_NI36P	Pr/PI	Pr/PI	1	2
2067	1CHO	1CHO_I	P68390	COR	['FL']	[1.298]	NI36T	NI33T	[5.88e-13]	[5.26e-12]	1CHO_I_NI36T	Pr/PI	Pr/PI	1	2
2068	1CHO	1CHO_I	P68390	COR	['FL']	[-0.033]	NI36V	NI33V	[5.56e-12]	[5.26e-12]	1CHO_I_NI36V	Pr/PI	Pr/PI	1	2
2069	1CHO	1CHO_I	P68390	COR	['FL']	[0.113]	NI36C	NI33C	[4.35e-12]	[5.26e-12]	1CHO_I_NI36C	Pr/PI	Pr/PI	1	2
2070	1CHO	1CHO_I	P68390	COR	['FL']	[1.477]	NI36S	NI33S	[4.35e-13]	[5.26e-12]	1CHO_I_NI36S	Pr/PI	Pr/PI	1	2
2071	1CHO	1CHO_I	P68390	COR	['FL']	[1.364]	NI36A	NI33A	[5.26e-13]	[5.26e-12]	1CHO_I_NI36A	Pr/PI	Pr/PI	1	2
2072	1CHO	1CHO_I	P68390	COR	['FL']	[1.394]	NI36G	NI33G	[5e-13]	[5.26e-12]	1CHO_I_NI36G	Pr/PI	Pr/PI	1	2
2073	1PPF	1PPF_I	P68390	RIM	['FL']	[-0.383]	NI36Q	NI36Q	[3.13e-10]	[1.64e-10]	1PPF_I_NI36Q	Pr/PI	Pr/PI	1	5
2074	1PPF	1PPF_I	P68390	RIM	['FL']	[-2.622]	NI36K	NI36K	[1.37e-08]	[1.64e-10]	1PPF_I_NI36K	Pr/PI	Pr/PI	1	5
2075	1PPF	1PPF_I	P68390	RIM	['FL']	[3.078]	NI36D	NI36D	[9.09e-13]	[1.64e-10]	1PPF_I_NI36D	Pr/PI	Pr/PI	1	5
2076	1PPF	1PPF_I	P68390	RIM	['FL']	[-1.071]	NI36M	NI36M	[1e-09]	[1.64e-10]	1PPF_I_NI36M	Pr/PI	Pr/PI	1	5
2077	1PPF	1PPF_I	P68390	RIM	['FL']	[-0.872]	NI36I	NI36I	[7.14e-10]	[1.64e-10]	1PPF_I_NI36I	Pr/PI	Pr/PI	1	5
2078	1PPF	1PPF_I	P68390	RIM	['FL']	[-2.647]	NI36L	NI36L	[1.43e-08]	[1.64e-10]	1PPF_I_NI36L	Pr/PI	Pr/PI	1	5
2079	1PPF	1PPF_I	P68390	RIM	['FL']	[2.96]	NI36P	NI36P	[1.11e-12]	[1.64e-10]	1PPF_I_NI36P	Pr/PI	Pr/PI	1	5
2080	1PPF	1PPF_I	P68390	RIM	['FL']	[-0.553]	NI36T	NI36T	[4.17e-10]	[1.64e-10]	1PPF_I_NI36T	Pr/PI	Pr/PI	1	5
2081	1PPF	1PPF_I	P68390	RIM	['FL']	[-0.346]	NI36V	NI36V	[2.94e-10]	[1.64e-10]	1PPF_I_NI36V	Pr/PI	Pr/PI	1	5
2082	1PPF	1PPF_I	P68390	RIM	['FL']	[-0.605]	NI36C	NI36C	[4.55e-10]	[1.64e-10]	1PPF_I_NI36C	Pr/PI	Pr/PI	1	5
2083	1PPF	1PPF_I	P68390	RIM	['FL']	[1.346]	NI36S	NI36S	[1.69e-11]	[1.64e-10]	1PPF_I_NI36S	Pr/PI	Pr/PI	1	5
2084	1PPF	1PPF_I	P68390	RIM	['FL']	[1.646]	NI36A	NI36A	[1.02e-11]	[1.64e-10]	1PPF_I_NI36A	Pr/PI	Pr/PI	1	5
2085	1PPF	1PPF_I	P68390	RIM	['FL']	[0.572]	NI36G	NI36G	[6.25e-11]	[1.64e-10]	1PPF_I_NI36G	Pr/PI	Pr/PI	1	5
2086	1CHO	1CHO_I	P68390	COR	['FL']	[-2.179]	NI36W	NI33W	[2.08e-10]	[5.26e-12]	1CHO_I_NI36W	Pr/PI	Pr/PI	1	2
2087	1CHO	1CHO_I	P68390	COR	['FL']	[-2.566]	NI36Y	NI33Y	[4e-10]	[5.26e-12]	1CHO_I_NI36Y	Pr/PI	Pr/PI	1	2
2088	1CHO	1CHO_I	P68390	COR	['FL']	[-1.589]	NI36R	NI33R	[7.69e-11]	[5.26e-12]	1CHO_I_NI36R	Pr/PI	Pr/PI	1	2
2089	1R0R	1R0R_I	P68390	RIM	['FL']	[-0.315]	NI36M	NI31M	[5e-11]	[2.94e-11]	1R0R_I_NI36M	Pr/PI	Pr/PI	1	5
2090	1R0R	1R0R_I	P68390	RIM	['FL']	[-0.315]	NI36I	NI31I	[5e-11]	[2.94e-11]	1R0R_I_NI36I	Pr/PI	Pr/PI	1	5
2091	1R0R	1R0R_I	P68390	RIM	['FL']	[-1.547]	NI36L	NI31L	[4e-10]	[2.94e-11]	1R0R_I_NI36L	Pr/PI	Pr/PI	1	5
2092	1R0R	1R0R_I	P68390	RIM	['FL']	[-1.479]	NI36P	NI31P	[3.57e-10]	[2.94e-11]	1R0R_I_NI36P	Pr/PI	Pr/PI	1	5
2093	1R0R	1R0R_I	P68390	RIM	['FL']	[-0.57]	NI36T	NI31T	[7.69e-11]	[2.94e-11]	1R0R_I_NI36T	Pr/PI	Pr/PI	1	5
2094	1R0R	1R0R_I	P68390	RIM	['FL']	[-0.669]	NI36V	NI31V	[9.09e-11]	[2.94e-11]	1R0R_I_NI36V	Pr/PI	Pr/PI	1	5
2095	1R0R	1R0R_I	P68390	RIM	['FL']	[-0.57]	NI36C	NI31C	[7.69e-11]	[2.94e-11]	1R0R_I_NI36C	Pr/PI	Pr/PI	1	5
2096	1R0R	1R0R_I	P68390	RIM	['FL']	[-0.485]	NI36S	NI31S	[6.67e-11]	[2.94e-11]	1R0R_I_NI36S	Pr/PI	Pr/PI	1	5
2097	1R0R	1R0R_I	P68390	RIM	['FL']	[0.033]	NI36A	NI31A	[2.78e-11]	[2.94e-11]	1R0R_I_NI36A	Pr/PI	Pr/PI	1	5
2098	1R0R	1R0R_I	P68390	RIM	['FL']	[-0.285]	NI36G	NI31G	[4.76e-11]	[2.94e-11]	1R0R_I_NI36G	Pr/PI	Pr/PI	1	5
2099	1PPF	1PPF_I	P68390	RIM	['FL']	[-1.722]	NI36W	NI36W	[3e-09]	[1.64e-10]	1PPF_I_NI36W	Pr/PI	Pr/PI	1	5
2100	1PPF	1PPF_I	P68390	RIM	['FL']	[-1.677]	NI36Y	NI36Y	[2.78e-09]	[1.64e-10]	1PPF_I_NI36Y	Pr/PI	Pr/PI	1	5
2101	1PPF	1PPF_I	P68390	RIM	['FL']	[-1.87]	NI36R	NI36R	[3.85e-09]	[1.64e-10]	1PPF_I_NI36R	Pr/PI	Pr/PI	1	5
2102	1PPF	1PPF_I	P68390	RIM	['FL']	[-1.846]	NI36F	NI36F	[3.7e-09]	[1.64e-10]	1PPF_I_NI36F	Pr/PI	Pr/PI	1	5
2103	1PPF	1PPF_I	P68390	RIM	['FL']	[0.533]	NI36H	NI36H	[6.67e-11]	[1.64e-10]	1PPF_I_NI36H	Pr/PI	Pr/PI	1	5
2104	1PPF	1PPF_I	P68390	RIM	['FL']	[1.018]	NI36E	NI36E	[2.94e-11]	[1.64e-10]	1PPF_I_NI36E	Pr/PI	Pr/PI	1	5
2105	3SGB	3SGB_I	P68390	RIM	['FL']	[-0.579]	NI36P	NI30P	[4.76e-11]	[1.79e-11]	3SGB_I_NI36P	Pr/PI	Pr/PI	1	9
2106	3SGB	3SGB_I	P68390	RIM	['FL']	[-0.01]	NI36T	NI30T	[1.82e-11]	[1.79e-11]	3SGB_I_NI36T	Pr/PI	Pr/PI	1	9
2107	3SGB	3SGB_I	P68390	RIM	['FL']	[0.242]	NI36V	NI30V	[1.19e-11]	[1.79e-11]	3SGB_I_NI36V	Pr/PI	Pr/PI	1	9
2108	3SGB	3SGB_I	P68390	RIM	['FL']	[-0.35]	NI36C	NI30C	[3.23e-11]	[1.79e-11]	3SGB_I_NI36C	Pr/PI	Pr/PI	1	9
2109	3SGB	3SGB_I	P68390	RIM	['FL']	[-0.409]	NI36S	NI30S	[3.57e-11]	[1.79e-11]	3SGB_I_NI36S	Pr/PI	Pr/PI	1	9
2110	3SGB	3SGB_I	P68390	RIM	['FL']	[-0.331]	NI36A	NI30A	[3.13e-11]	[1.79e-11]	3SGB_I_NI36A	Pr/PI	Pr/PI	1	9
2111	3SGB	3SGB_I	P68390	RIM	['FL']	[-0.312]	NI36G	NI30G	[3.03e-11]	[1.79e-11]	3SGB_I_NI36G	Pr/PI	Pr/PI	1	9
2112	1R0R	1R0R_I	P68390	RIM	['FL']	[-0.056]	NI36W	NI31W	[3.23e-11]	[2.94e-11]	1R0R_I_NI36W	Pr/PI	Pr/PI	1	5
2113	1R0R	1R0R_I	P68390	RIM	['FL']	[-0.182]	NI36Y	NI31Y	[4e-11]	[2.94e-11]	1R0R_I_NI36Y	Pr/PI	Pr/PI	1	5
2114	1R0R	1R0R_I	P68390	RIM	['FL']	[-1.459]	NI36R	NI31R	[3.45e-10]	[2.94e-11]	1R0R_I_NI36R	Pr/PI	Pr/PI	1	5
2115	1R0R	1R0R_I	P68390	RIM	['FL']	[0.18]	NI36F	NI31F	[2.17e-11]	[2.94e-11]	1R0R_I_NI36F	Pr/PI	Pr/PI	1	5
2116	1R0R	1R0R_I	P68390	RIM	['FL']	[-0.285]	NI36H	NI31H	[4.76e-11]	[2.94e-11]	1R0R_I_NI36H	Pr/PI	Pr/PI	1	5
2117	1R0R	1R0R_I	P68390	RIM	['FL']	[0.205]	NI36E	NI31E	[2.08e-11]	[2.94e-11]	1R0R_I_NI36E	Pr/PI	Pr/PI	1	5
2118	1R0R	1R0R_I	P68390	RIM	['FL']	[0.274]	NI36Q	NI31Q	[1.85e-11]	[2.94e-11]	1R0R_I_NI36Q	Pr/PI	Pr/PI	1	5
2119	1R0R	1R0R_I	P68390	RIM	['FL']	[-1.148]	NI36K	NI31K	[2.04e-10]	[2.94e-11]	1R0R_I_NI36K	Pr/PI	Pr/PI	1	5
2120	1R0R	1R0R_I	P68390	RIM	['FL']	[-0.57]	NI36D	NI31D	[7.69e-11]	[2.94e-11]	1R0R_I_NI36D	Pr/PI	Pr/PI	1	5
2121	1DAN	1DAN_U	P13726	INT	['SPR']	[0.33]	YU185A	YU91A	[3.53e-09]	[6.16e-09]	1DAN_U_YU185A		1DAN_HL_UT	1	2
2122	1DAN	1DAN_U	P13726	SUR	['SPR']	[0.003]	SU195A	SU101A	[6.13e-09]	[6.16e-09]	1DAN_U_SU195A		1DAN_HL_UT	1	2
2123	1DAN	1DAN_U	P13726	RIM	['SPR']	[-0.135]	TU203A	TU109A	[7.74e-09]	[6.16e-09]	1DAN_U_TU203A		1DAN_HL_UT	1	2
2124	1DAN	1DAN_U	P13726	RIM	['SPR']	[0.005]	EU208A	EU114A	[6.11e-09]	[6.16e-09]	1DAN_U_EU208A		1DAN_HL_UT	1	2
2125	3SGB	3SGB_I	P68390	RIM	['FL']	[-0.526]	NI36W	NI30W	[4.35e-11]	[1.79e-11]	3SGB_I_NI36W	Pr/PI	Pr/PI	1	9
2126	3SGB	3SGB_I	P68390	RIM	['FL']	[0.109]	NI36Y	NI30Y	[1.49e-11]	[1.79e-11]	3SGB_I_NI36Y	Pr/PI	Pr/PI	1	9
2127	3SGB	3SGB_I	P68390	RIM	['FL']	[-0.579]	NI36R	NI30R	[4.76e-11]	[1.79e-11]	3SGB_I_NI36R	Pr/PI	Pr/PI	1	9
2128	3SGB	3SGB_I	P68390	RIM	['FL']	[0.141]	NI36F	NI30F	[1.41e-11]	[1.79e-11]	3SGB_I_NI36F	Pr/PI	Pr/PI	1	9
2129	3SGB	3SGB_I	P68390	RIM	['FL']	[0.125]	NI36H	NI30H	[1.45e-11]	[1.79e-11]	3SGB_I_NI36H	Pr/PI	Pr/PI	1	9
2130	3SGB	3SGB_I	P68390	RIM	['FL']	[-0.963]	NI36E	NI30E	[9.09e-11]	[1.79e-11]	3SGB_I_NI36E	Pr/PI	Pr/PI	1	9
2131	3SGB	3SGB_I	P68390	RIM	['FL']	[-0.244]	NI36Q	NI30Q	[2.7e-11]	[1.79e-11]	3SGB_I_NI36Q	Pr/PI	Pr/PI	1	9
2132	3SGB	3SGB_I	P68390	RIM	['FL']	[-0.579]	NI36K	NI30K	[4.76e-11]	[1.79e-11]	3SGB_I_NI36K	Pr/PI	Pr/PI	1	9
2133	3SGB	3SGB_I	P68390	RIM	['FL']	[-0.911]	NI36D	NI30D	[8.33e-11]	[1.79e-11]	3SGB_I_NI36D	Pr/PI	Pr/PI	1	9
2134	3SGB	3SGB_I	P68390	RIM	['FL']	[-0.141]	NI36M	NI30M	[2.27e-11]	[1.79e-11]	3SGB_I_NI36M	Pr/PI	Pr/PI	1	9
2135	3SGB	3SGB_I	P68390	RIM	['FL']	[-0.198]	NI36I	NI30I	[2.5e-11]	[1.79e-11]	3SGB_I_NI36I	Pr/PI	Pr/PI	1	9
2136	3SGB	3SGB_I	P68390	RIM	['FL']	[-0.741]	NI36L	NI30L	[6.25e-11]	[1.79e-11]	3SGB_I_NI36L	Pr/PI	Pr/PI	1	9
2137	1DAN	1DAN_U	P13726	SUR	['SPR']	[-0.086]	EU128A	EU38A	[7.12e-09]	[6.16e-09]	1DAN_U_EU128A		1DAN_HL_UT	1	2
2138	1DAN	1DAN_U	P13726	SUR	['SPR']	[0.027]	DU129A	DU39A	[5.89e-09]	[6.16e-09]	1DAN_U_DU129A		1DAN_HL_UT	1	2
2139	1DAN	1DAN_U	P13726	COR	['SPR']	[0.028]	LU133A	LU43A	[5.88e-09]	[6.16e-09]	1DAN_U_LU133A		1DAN_HL_UT	1	2
2140	1DAN	1DAN_U	P13726	SUR	['SPR']	[0.016]	TU139A	TU49A	[6e-09]	[6.16e-09]	1DAN_U_TU139A		1DAN_HL_UT	1	2
2141	1DAN	1DAN_U	P13726	INT	['SPR']	[0.003]	RU144A	RU54A	[6.13e-09]	[6.16e-09]	1DAN_U_RU144A		1DAN_HL_UT	1	2
2142	1DAN	1DAN_U	P13726	SUR	['SPR']	[0.011]	DU145A	DU55A	[6.05e-09]	[6.16e-09]	1DAN_U_DU145A		1DAN_HL_UT	1	2
2143	1DAN	1DAN_U	P13726	INT	['SPR']	[-0.179]	IU152A	IU62A	[8.33e-09]	[6.16e-09]	1DAN_U_IU152A		1DAN_HL_UT	1	2
2144	1DAN	1DAN_U	P13726	RIM	['SPR']	[-0.155]	YU156L	YU66L	[8e-09]	[6.16e-09]	1DAN_U_YU156L		1DAN_HL_UT	1	2
2145	1DAN	1DAN_U	P13726	COR	['SPR']	[-0.123]	WU158F	WU68F	[7.58e-09]	[6.16e-09]	1DAN_U_WU158F		1DAN_HL_UT	1	2
2146	1DAN	1DAN_U	P13726	RIM	['SPR']	[-0.023]	SU163A	SU69A	[6.4e-09]	[6.16e-09]	1DAN_U_SU163A		1DAN_HL_UT	1	2
2147	1DAN	1DAN_U	P13726	RIM	['SPR']	[0.163]	GU164R	GU70R	[4.68e-09]	[6.16e-09]	1DAN_U_GU164R		1DAN_HL_UT	1	2
2148	1DAN	1DAN_U	P13726	SUR	['SPR']	[-0.212]	TU167A	TU73A	[8.81e-09]	[6.16e-09]	1DAN_U_TU167A		1DAN_HL_UT	1	2
2149	1DAN	1DAN_U	P13726	SUR	['SPR']	[-0.117]	KU169A	KU75A	[7.5e-09]	[6.16e-09]	1DAN_U_KU169A		1DAN_HL_UT	1	2
2150	1DAN	1DAN_U	P13726	SUR	['SPR']	[0.026]	TU172A	TU78A	[5.9e-09]	[6.16e-09]	1DAN_U_TU172A		1DAN_HL_UT	1	2
2151	1DAN	1DAN_U	P13726	SUR	['SPR']	[-0.08]	LU176A	LU82A	[7.05e-09]	[6.16e-09]	1DAN_U_LU176A		1DAN_HL_UT	1	2
2152	1DAN	1DAN_U	P13726	SUR	['SPR']	[-0.017]	KU181A	KU87A	[6.34e-09]	[6.16e-09]	1DAN_U_KU181A		1DAN_HL_UT	1	2
2153	1DAN	1DAN_T	P13726	INT	['SPR']	[0.159]	TT21A	TT16A	[4.71e-09]	[6.16e-09]	1DAN_T_TT21A		1DAN_HL_UT	1	2
2154	1DAN	1DAN_T	P13726	SUP	['SPR']	[-0.645]	IT22A	IT17A	[1.83e-08]	[6.16e-09]	1DAN_T_IT22A		1DAN_HL_UT	1	2
2155	1DAN	1DAN_T	P13726	RIM	['SPR']	[-0.658]	ET24A	ET19A	[1.87e-08]	[6.16e-09]	1DAN_T_ET24A		1DAN_HL_UT	1	2
2156	1DAN	1DAN_T	P13726	INT	['SPR']	[-0.615]	WT25F	WT20F	[1.74e-08]	[6.16e-09]	1DAN_T_WT25F		1DAN_HL_UT	1	2
2157	1DAN	1DAN_T	P13726	SUR	['SPR']	[-0.101]	ET26A	ET21A	[7.31e-09]	[6.16e-09]	1DAN_T_ET26A		1DAN_HL_UT	1	2
2158	1DAN	1DAN_T	P13726	SUR	['SPR']	[-0.117]	KT28A	KT23A	[7.5e-09]	[6.16e-09]	1DAN_T_KT28A		1DAN_HL_UT	1	2
2159	1DAN	1DAN_T	P13726	RIM	['SPR']	[-0.322]	KT41A	KT36A	[1.06e-08]	[6.16e-09]	1DAN_T_KT41A		1DAN_HL_UT	1	2
2160	1DAN	1DAN_T	P13726	RIM	['SPR']	[0.069]	ST42A	ST37A	[5.48e-09]	[6.16e-09]	1DAN_T_ST42A		1DAN_HL_UT	1	2
2161	1DAN	1DAN_T	P13726	COR	['SPR']	[-1.271]	WT45F	WT40F	[5.26e-08]	[6.16e-09]	1DAN_T_WT45F		1DAN_HL_UT	1	2
2162	1DAN	1DAN_T	P13726	COR	['SPR']	[-0.438]	FT50A	FT45A	[1.29e-08]	[6.16e-09]	1DAN_T_FT50A		1DAN_HL_UT	1	2
2163	1DAN	1DAN_T	P13726	INT	['SPR']	[-0.405]	TT52A	TT47A	[1.22e-08]	[6.16e-09]	1DAN_T_TT52A		1DAN_HL_UT	1	2
2164	1DAN	1DAN_T	P13726	COR	['SPR']	[-1.99]	DT58A	DT53A	[1.77e-07]	[6.16e-09]	1DAN_T_DT58A		1DAN_HL_UT	1	2
2165	1DAN	1DAN_T	P13726	COR	['SPR']	[-1.38]	DT58E	DT53E	[6.33e-08]	[6.16e-09]	1DAN_T_DT58E		1DAN_HL_UT	1	2
2166	1DAN	1DAN_T	P13726	SUR	['SPR']	[0.07]	KT68A	KT63A	[5.47e-09]	[6.16e-09]	1DAN_T_KT68A		1DAN_HL_UT	1	2
2167	1DAN	1DAN_U	P13726	SUR	['SPR']	[0.176]	EU99A	EU9A	[4.58e-09]	[6.16e-09]	1DAN_U_EU99A		1DAN_HL_UT	1	2
2168	1DAN	1DAN_U	P13726	INT	['SPR']	[0.124]	KU122A	KU32A	[5e-09]	[6.16e-09]	1DAN_U_KU122A		1DAN_HL_UT	1	2
2169	3BTE	3BTE_I	P00974	COR	['IASP']	[9.424]	EI515K	EI13K	[5.88e-14]	[4.76e-07]	3BTE_I_EI515K	Pr/PI	Pr/PI	1	7
2170	3BTD	3BTD_I	P00974	COR	['IASP']	[11.503]	DI515K	DI13K	[5.88e-14]	[1.59e-05]	3BTD_I_DI515K	Pr/PI	Pr/PI	1	7
2171	1F5R	1F5R_A	P00763	INT	['ITC']	[1.171]	KA156Q	KA129Q	[9e-06]	[6.5e-05]	1F5R_A_KA156Q	Pr/PI	Pr/PI	1	3
2172	3TGK	3TGK_E	P00763	INT	['ITC']	[0.17]	NE194D	NE170D	[9e-06]	[1.2e-05]	3TGK_E_NE194D	Pr/PI	Pr/PI	1	9
2173	1FY8	1FY8_E	P00763	INT	['ITC']	[-1.171]	QE156K	QE128K	[6.5e-05]	[9e-06]	1FY8_E_QE156K	Pr/PI	Pr/PI	1	3
2174	1FY8	1FY8_E	P00763	INT	['ITC']	[-0.17]	DE194N	DE168N	[1.2e-05]	[9e-06]	1FY8_E_DE194N	Pr/PI	Pr/PI	1	3
2175	1SMF	1SMF_I	P01062	COR	['IAFL']	[-5.689]	KI11A	KI3A	[0.0045]	[3.04e-07]	1SMF_I_KI11A	Pr/PI	Pr/PI	2	5
2176	1SMF	1SMF_I	P01062	COR	['IAFL']	[-3.511]	II13A	II5A	[0.000114]	[3.04e-07]	1SMF_I_II13A	Pr/PI	Pr/PI	1	5
2177	1SMF	1SMF_I	P01062	COR	['IAFL']	[-2.046]	TI10A	TI2A	[9.61e-06]	[3.04e-07]	1SMF_I_TI10A	Pr/PI	Pr/PI	1	5
2178	1SMF	1SMF_I	P01062	COR	['IAFL']	[-1.9]	SI12A	SI4A	[7.51e-06]	[3.04e-07]	1SMF_I_SI12A	Pr/PI	Pr/PI	1	5
2179	1SMF	1SMF_I	P01062	RIM	['IAFL']	[-1.013]	EI16A	EI8A	[1.68e-06]	[3.04e-07]	1SMF_I_EI16A	Pr/PI	Pr/PI	1	5
2180	1DAN	1DAN_T	P13726	INT	['SPR']	[-0.692]	WT14F	WT9F	[1.98e-08]	[6.16e-09]	1DAN_T_WT14F		1DAN_HL_UT	1	2
2181	1DAN	1DAN_T	P13726	RIM	['SPR']	[0.397]	KT15A	KT10A	[3.15e-09]	[6.16e-09]	1DAN_T_KT15A		1DAN_HL_UT	1	2
2182	1DAN	1DAN_T	P13726	COR	['SPR']	[-0.121]	TT17A	TT12A	[7.55e-09]	[6.16e-09]	1DAN_T_TT17A		1DAN_HL_UT	1	2
2183	1DAN	1DAN_T	P13726	SUP	['SPR']	[-0.18]	NT18A	NT13A	[8.35e-09]	[6.16e-09]	1DAN_T_NT18A		1DAN_HL_UT	1	2
2184	1DAN	1DAN_T	P13726	COR	['SPR']	[-1.686]	KT20R	KT15R	[1.06e-07]	[6.16e-09]	1DAN_T_KT20R		1DAN_HL_UT	1	2
2185	1SGN	1SGN_I	P68390	COR	['SP']	[3.4]	NI18L	NI13L	[1.79e-11]	[5.56e-09]	1SGN_I_NI18L	Pr/PI	Pr/PI	1	5
2186	1SGE	1SGE_I	P68390	COR	['SP']	[5.983]	EI18L	EI13L	[1.79e-11]	[4.35e-07]	1SGE_I_EI18L	Pr/PI	Pr/PI	1	5
2187	1SGD	1SGD_I	P68390	COR	['SP']	[5.669]	DI18L	DI13L	[1.79e-11]	[2.56e-07]	1SGD_I_DI18L	Pr/PI	Pr/PI	1	5
2188	2SGQ	2SGQ_I	P68390	COR	['SP']	[2.604]	QI18L	QI13L	[1.79e-11]	[1.45e-09]	2SGQ_I_QI18L	Pr/PI	Pr/PI	1	6
2189	1CT4	1CT4_I	P68390	COR	['SP']	[3.034]	VI18L	VI13L	[1.79e-11]	[3e-09]	1CT4_I_VI18L	Pr/PI	Pr/PI	1	2
2190	1CT2	1CT2_I	P68390	COR	['SP']	[3.205]	TI18L	TI13L	[1.79e-11]	[4e-09]	1CT2_I_TI18L	Pr/PI	Pr/PI	1	2
2191	1CT0	1CT0_I	P68390	COR	['SP']	[4.158]	SI18L	SI13L	[1.79e-11]	[2e-08]	1CT0_I_SI18L	Pr/PI	Pr/PI	1	2
2192	1CSO	1CSO_I	P68390	COR	['SP']	[4.481]	II18L	II13L	[1.79e-11]	[3.45e-08]	1CSO_I_II18L	Pr/PI	Pr/PI	1	2
2193	2SGP	2SGP_I	P68390	COR	['SP']	[8.446]	PI18L	PI13L	[1.79e-11]	[2.78e-05]	2SGP_I_PI18L	Pr/PI	Pr/PI	1	6
2194	3BTT	3BTT_I	P00974	COR	['IASP']	[10.598]	TI515K	TI13K	[5.88e-14]	[3.45e-06]	3BTT_I_TI515K	Pr/PI	Pr/PI	1	7
2195	3BTW	3BTW_I	P00974	COR	['IASP']	[8.664]	WI515K	WI13K	[5.88e-14]	[1.32e-07]	3BTW_I_WI515K	Pr/PI	Pr/PI	1	7
2196	3BTQ	3BTQ_I	P00974	COR	['IASP']	[9.371]	QI515K	QI13K	[5.88e-14]	[4.35e-07]	3BTQ_I_QI515K	Pr/PI	Pr/PI	1	7
2197	3BTM	3BTM_I	P00974	COR	['IASP']	[7.692]	MI515K	MI13K	[5.88e-14]	[2.56e-08]	3BTM_I_MI515K	Pr/PI	Pr/PI	1	7
2198	3BTH	3BTH_I	P00974	COR	['IASP']	[8.782]	HI515K	HI13K	[5.88e-14]	[1.61e-07]	3BTH_I_HI515K	Pr/PI	Pr/PI	1	7
2199	3BTG	3BTG_I	P00974	COR	['IASP']	[12.352]	GI515K	GI13K	[5.88e-14]	[6.67e-05]	3BTG_I_GI515K	Pr/PI	Pr/PI	1	7
2200	3BTF	3BTF_I	P00974	COR	['IASP']	[7.027]	FI515K	FI13K	[5.88e-14]	[8.33e-09]	3BTF_I_FI515K	Pr/PI	Pr/PI	1	7
2201	1CHO	1CHO_I	P68390	SUR	['FL']	[0.0]	NI28S	NI25S	[5.26e-12]	[5.26e-12]	1CHO_I_NI28S	Pr/PI	Pr/PI	1	2
2202	1P6A	1P6A_A	P36711	COR	['FL']	[-1.253]	YA489S	YA87S	[2.9e-07]	[3.5e-08]	1P6A_A_YA489S		1KAC_A_B,1P69_A_B,1P6A_A_B,2J1K_C_T,2J12_A_B	1	4
2203	1P69	1P69_A	P36711	COR	['FL']	[-0.793]	SA417P	SA15P	[2.9e-07]	[7.6e-08]	1P69_A_SA417P		1KAC_A_B,1P69_A_B,1P6A_A_B,2J1K_C_T,2J12_A_B	1	4
2204	1KAC	1KAC_A	P36711	RIM	['FL']	[1.253]	SA489Y	SA87Y	[3.5e-08]	[2.9e-07]	1KAC_A_SA489Y		1KAC_A_B,1P69_A_B,1P6A_A_B,2J1K_C_T,2J12_A_B	1	4
2205	1KAC	1KAC_A	P36711	COR	['FL']	[0.793]	PA417S	PA15S	[7.6e-08]	[2.9e-07]	1KAC_A_PA417S		1KAC_A_B,1P69_A_B,1P6A_A_B,2J1K_C_T,2J12_A_B	1	4
2206	2J1K	2J1K_C	Q65914	COR	['SPR']	[-0.765]	RC384A	RC24A	[4e-09]	[1.1e-09]	2J1K_C_RC384A		2J1K_C_T,2J12_A_B,1KAC_A_B,1P69_A_B,1P6A_A_B	1	6
2207	2J1K	2J1K_C	Q65914	RIM	['SPR']	[-0.184]	GC370D	GC10D	[1.5e-09]	[1.1e-09]	2J1K_C_GC370D		2J1K_C_T,2J12_A_B,1KAC_A_B,1P69_A_B,1P6A_A_B	1	6
2208	2J1K	2J1K_C	Q65914	SUR	['SPR']	[-0.052]	RC515A	RC155A	[1.2e-09]	[1.1e-09]	2J1K_C_RC515A		2J1K_C_T,2J12_A_B,1KAC_A_B,1P69_A_B,1P6A_A_B	1	6
2209	2J12	2J12_A	Q80S15	SUR	['SPR']	[-0.954]	SA299A	SA116A	[1e-07]	[2e-08]	2J12_A_SA299A		2J12_A_B,2J1K_C_T,1KAC_A_B,1P69_A_B,1P6A_A_B	1	6
2210	2NU4	2NU4_I	P68390	COR	['SP']	[3.182]	KI18L	KI13L	[1.79e-11]	[3.85e-09]	2NU4_I_KI18L	Pr/PI	Pr/PI	1	6
2211	2NU2	2NU2_I	P68390	COR	['SP']	[3.367]	RI18L	RI13L	[1.79e-11]	[5.26e-09]	2NU2_I_RI18L	Pr/PI	Pr/PI	1	6
2212	2NU1	2NU1_I	P68436	COR	['SP']	[1.714]	HI18L	HI13L	[1.79e-11]	[3.23e-10]	2NU1_I_HI18L	Pr/PI	Pr/PI	1	6
2213	2NU0	2NU0_I	P68436	COR	['SP']	[1.865]	WI18L	WI13L	[1.79e-11]	[4.17e-10]	2NU0_I_WI18L	Pr/PI	Pr/PI	1	6
2214	1SGY	1SGY_I	P68390	COR	['SP']	[1.676]	YI18L	YI13L	[1.79e-11]	[3.03e-10]	1SGY_I_YI18L	Pr/PI	Pr/PI	1	5
2215	1SGQ	1SGQ_I	P68390	COR	['SP']	[5.003]	GI18L	GI13L	[1.79e-11]	[8.33e-08]	1SGQ_I_GI18L	Pr/PI	Pr/PI	1	5
2216	1SGP	1SGP_I	P68390	COR	['SP']	[2.989]	AI18L	AI13L	[1.79e-11]	[2.78e-09]	1SGP_I_AI18L	Pr/PI	Pr/PI	1	5
2217	3SF4	3SF4_A	P81274	SUP	['SPR']	[-2.365]	RA221E	RA202E	[1.3e-07]	[2.4e-09]	3SF4_A_RA221E		3SF4_A_D,4G2V_A_B,4WND_A_B	2	9
2218	5F4E	5F4E_B	A6ND01	RIM	['BI']	[-0.486]	KB163E	KB139E	[1.34e-07]	[5.9e-08]	5F4E_B_KB163E		5F4E_A_B	2	10
2219	5F4E	5F4E_B	A6ND01	RIM	['BI']	[-0.295]	KB163A	KB139A	[9.7e-08]	[5.9e-08]	5F4E_B_KB163A		5F4E_A_B	2	10
2220	5F4E	5F4E_B	A6ND01	COR	['BI']	[-2.985]	LB81A	LB62A	[9.1e-06]	[5.9e-08]	5F4E_B_LB81A		5F4E_A_B	2	10
2221	5F4E	5F4E_B	A6ND01	COR	['BI']	[-1.073]	WB62A	WB43A	[3.61e-07]	[5.9e-08]	5F4E_B_WB62A		5F4E_A_B	2	10
2222	5F4E	5F4E_B	A6ND01	COR	['BI']	[-2.287]	EB45K	EB26K	[2.8e-06]	[5.9e-08]	5F4E_B_EB45K		5F4E_A_B	2	10
2223	5F4E	5F4E_B	A6ND01	COR	['BI']	[-1.449]	EB45A	EB26A	[6.81e-07]	[5.9e-08]	5F4E_B_EB45A		5F4E_A_B	2	10
2224	5F4E	5F4E_A	Q8IYV9	COR	['BI']	[-2.144]	RA160E	RA139E	[2.2e-06]	[5.9e-08]	5F4E_A_RA160E		5F4E_A_B	2	10
2225	5F4E	5F4E_A	Q8IYV9	COR	['BI']	[-1.49]	RA160A	RA139A	[7.3e-07]	[5.9e-08]	5F4E_A_RA160A		5F4E_A_B	2	10
2226	5F4E	5F4E_A	Q8IYV9	COR	['BI']	[-2.025]	HA157A	HA136A	[1.8e-06]	[5.9e-08]	5F4E_A_HA157A		5F4E_A_B	2	10
2227	5F4E	5F4E_A	Q8IYV9	INT	['BI']	[0.031]	QA130A	QA109A	[5.6e-08]	[5.9e-08]	5F4E_A_QA130A		5F4E_A_B	2	10
2228	5F4E	5F4E_A	Q8IYV9	SUR	['BI']	[-0.11]	DA72A	DA51A	[7.1e-08]	[5.9e-08]	5F4E_A_DA72A		5F4E_A_B	2	10
2229	5F4E	5F4E_A	Q8IYV9	RIM	['BI']	[-0.416]	EA71K	EA50K	[1.19e-07]	[5.9e-08]	5F4E_A_EA71K		5F4E_A_B	2	10
2230	5F4E	5F4E_A	Q8IYV9	RIM	['BI']	[-0.288]	EA71A	EA50A	[9.6e-08]	[5.9e-08]	5F4E_A_EA71A		5F4E_A_B	2	10
2231	3SGB	3SGB_I	P68390	SUR	['FL']	[-0.01]	NI28S	NI22S	[1.82e-11]	[1.79e-11]	3SGB_I_NI28S	Pr/PI	Pr/PI	1	9
2232	1R0R	1R0R_I	P68390	SUR	['FL']	[0.066]	NI28S	NI23S	[2.63e-11]	[2.94e-11]	1R0R_I_NI28S	Pr/PI	Pr/PI	1	5
2233	1VFB	1VFB_B	P01820	SUR	['FL']	[0.0]	SB28D	SB28D	[1.49e-09]	[1.49e-09]	1VFB_B_SB28D	AB/AG	AB/AG	2	5
2234	1OGA	1OGA_E	P01850	COR	['SPR']	[-2.162]	IE53N	IE49N	[0.0002]	[5.2e-06]	1OGA_E_IE53N	TCR/pMHC	TCR/pMHC,1JCK_A_B	2	4
2235	1OGA	1OGA_E	P01850	COR	['SPR']	[-2.162]	IE53G	IE49G	[0.0002]	[5.2e-06]	1OGA_E_IE53G	TCR/pMHC	TCR/pMHC,1JCK_A_B	2	4
2236	1OGA	1OGA_E	P01850	COR	['SPR']	[-2.162]	IE53A	IE49A	[0.0002]	[5.2e-06]	1OGA_E_IE53A	TCR/pMHC	TCR/pMHC,1JCK_A_B	2	4
2237	1OGA	1OGA_E	P01850	COR	['SPR']	[-2.162]	QE52E	QE48E	[0.0002]	[5.2e-06]	1OGA_E_QE52E	TCR/pMHC	TCR/pMHC,1JCK_A_B	2	4
2238	1OGA	1OGA_E	P01850	COR	['SPR']	[-2.162]	QE52A	QE48A	[0.0002]	[5.2e-06]	1OGA_E_QE52A	TCR/pMHC	TCR/pMHC,1JCK_A_B	2	4
2239	1OGA	1OGA_E	P01850	COR	['SPR']	[-2.162]	DE32S	DE28S	[0.0002]	[5.2e-06]	1OGA_E_DE32S	TCR/pMHC	TCR/pMHC,1JCK_A_B	2	4
2240	1OGA	1OGA_E	P01850	COR	['SPR']	[-1.573]	DE32A	DE28A	[7.4e-05]	[5.2e-06]	1OGA_E_DE32A	TCR/pMHC	TCR/pMHC,1JCK_A_B	1	4
2241	4WND	4WND_A	P81274	COR	['SPR']	[0.021]	NA283R	NA263R	[5.6e-08]	[5.8e-08]	4WND_A_NA283R		4WND_A_B,3SF4_A_D,4G2V_A_B	2	10
2242	4WND	4WND_A	P81274	SUP	['SPR']	[-2.796]	RA221E	RA201E	[6.5e-06]	[5.8e-08]	4WND_A_RA221E		4WND_A_B,3SF4_A_D,4G2V_A_B	2	10
2243	4G2V	4G2V_A	Q8VDU0	SUR	['SPR']	[-0.222]	NA283R	NA260R	[1.6e-07]	[1.1e-07]	4G2V_A_NA283R		4G2V_A_B,3SF4_A_D,4WND_A_B	2	10
2244	4G2V	4G2V_A	Q8VDU0	SUP	['SPR']	[-2.237]	RA221E	RA198E	[4.8e-06]	[1.1e-07]	4G2V_A_RA221E		4G2V_A_B,3SF4_A_D,4WND_A_B	2	10
2245	3SF4	3SF4_D	Q1MX18	COR	['SPR']	[-0.411]	KD50D	KD27D	[4.8e-09]	[2.4e-09]	3SF4_D_KD50D		3SF4_A_D,4G2V_A_B,4WND_A_B	2	9
2246	3SF4	3SF4_D	Q1MX18	COR	['SPR']	[-1.926]	ED42R	ED19R	[6.2e-08]	[2.4e-09]	3SF4_D_ED42R		3SF4_A_D,4G2V_A_B,4WND_A_B	2	9
2247	3SF4	3SF4_D	Q1MX18	COR	['SPR']	[-3.074]	WD31A	WD8A	[4.3e-07]	[2.4e-09]	3SF4_D_WD31A		3SF4_A_D,4G2V_A_B,4WND_A_B	2	9
2248	3SF4	3SF4_A	P81274	COR	['SPR']	[-1.226]	NA283R	NA264R	[1.9e-08]	[2.4e-09]	3SF4_A_NA283R		3SF4_A_D,4G2V_A_B,4WND_A_B	2	9
2249	1OGA	1OGA_E	P01850	COR	['SPR']	[-1.419]	IE53L	IE49L	[5.7e-05]	[5.2e-06]	1OGA_E_IE53L	TCR/pMHC	TCR/pMHC,1JCK_A_B	1	4
2250	1VFB	1VFB_A	P01635	COR	['FL']	[-1.716]	YA50K	YA50K	[2.7e-08]	[1.49e-09]	1VFB_A_YA50K	AB/AG	AB/AG	2	5
2251	1VFB	1VFB_A	P01635	COR	['FL']	[-0.845]	YA50R	YA50R	[6.2e-09]	[1.49e-09]	1VFB_A_YA50R	AB/AG	AB/AG	2	5
2252	1VFB	1VFB_A	P01635	INT	['FL']	[-5.631]	LA46E	LA46E	[2e-05]	[1.49e-09]	1VFB_A_LA46E	AB/AG	AB/AG	2	5
2253	1VFB	1VFB_A	P01635	INT	['FL']	[-5.631]	LA46D	LA46D	[2e-05]	[1.49e-09]	1VFB_A_LA46D	AB/AG	AB/AG	2	5
2254	1VFB	1VFB_A	P01635	COR	['FL']	[-5.631]	YA32W	YA32W	[2e-05]	[1.49e-09]	1VFB_A_YA32W	AB/AG	AB/AG	2	5
2255	1VFB	1VFB_A	P01635	SUR	['FL']	[-0.174]	NA31W	NA31W	[2e-09]	[1.49e-09]	1VFB_A_NA31W	AB/AG	AB/AG	2	5
2256	1VFB	1VFB_B	P01820	RIM	['FL']	[-0.705]	RB99W	RB99W	[4.9e-09]	[1.49e-09]	1VFB_B_RB99W	AB/AG	AB/AG	2	5
2257	1VFB	1VFB_B	P01820	RIM	['FL']	[-1.236]	RB99Y	RB99Y	[1.2e-08]	[1.49e-09]	1VFB_B_RB99Y	AB/AG	AB/AG	2	5
2258	1VFB	1VFB_B	P01820	RIM	['FL']	[-0.078]	DB58E	DB58E	[1.7e-09]	[1.49e-09]	1VFB_B_DB58E	AB/AG	AB/AG	2	5
2259	1VFB	1VFB_B	P01820	RIM	['FL']	[0.128]	DB58N	DB58N	[1.2e-09]	[1.49e-09]	1VFB_B_DB58N	AB/AG	AB/AG	2	5
2260	1VFB	1VFB_B	P01820	COR	['FL']	[-1.903]	YB32E	YB32E	[3.7e-08]	[1.49e-09]	1VFB_B_YB32E	AB/AG	AB/AG	2	5
2261	1VFB	1VFB_B	P01820	COR	['FL']	[-0.004]	GB31W	GB31W	[1.5e-09]	[1.49e-09]	1VFB_B_GB31W	AB/AG	AB/AG	2	5
2262	1VFB	1VFB_B	P01820	COR	['FL']	[0.51]	GB31E	GB31E	[6.3e-10]	[1.49e-09]	1VFB_B_GB31E	AB/AG	AB/AG	2	5
2263	1VFB	1VFB_B	P01820	COR	['FL']	[-0.307]	GB31A	GB31A	[2.5e-09]	[1.49e-09]	1VFB_B_GB31A	AB/AG	AB/AG	2	5
2264	1VFB	1VFB_B	P01820	SUR	['FL']	[0.104]	SB28E	SB28E	[1.25e-09]	[1.49e-09]	1VFB_B_SB28E	AB/AG	AB/AG	2	5
2265	3QDG	3QDG_D	P01848	COR	['SPR']	[-1.092]	GD28P	GD28P	[6e-05]	[9.5e-06]	3QDG_D_GD28P	TCR/pMHC	TCR/pMHC,1JCK_A_B	2	8
2266	3QDG	3QDG_D	P01848	RIM	['SPR']	[-0.138]	RD27P	RD27P	[1.2e-05]	[9.5e-06]	3QDG_D_RD27P	TCR/pMHC	TCR/pMHC,1JCK_A_B	2	8
2267	3QDG	3QDG_D	P01848	COR	['SPR']	[-1.503]	GD28Y	GD28Y	[0.00012]	[9.5e-06]	3QDG_D_GD28Y	TCR/pMHC	TCR/pMHC,1JCK_A_B	2	8
2268	3QDG	3QDG_D	P01848	COR	['SPR']	[-1.389]	GD28L	GD28L	[9.9e-05]	[9.5e-06]	3QDG_D_GD28L	TCR/pMHC	TCR/pMHC,1JCK_A_B	2	8
2269	3QDG	3QDG_D	P01848	COR	['SPR']	[-0.866]	GD28I	GD28I	[4.1e-05]	[9.5e-06]	3QDG_D_GD28I	TCR/pMHC	TCR/pMHC,1JCK_A_B	2	8
2270	3QDG	3QDG_E	Not Mapped	COR	['SPR']	[0.039]	TE102F	TE99F	[8.9e-06]	[9.5e-06]	3QDG_E_TE102F	TCR/pMHC	TCR/pMHC,1JCK_A_B	2	8
2271	3QDG	3QDG_E	Not Mapped	COR	['SPR']	[-0.935]	FE100W	FE97W	[4.6e-05]	[9.5e-06]	3QDG_E_FE100W	TCR/pMHC	TCR/pMHC,1JCK_A_B	2	8
2272	3QDG	3QDG_E	Not Mapped	RIM	['SPR']	[0.703]	LE98W	LE95W	[2.9e-06]	[9.5e-06]	3QDG_E_LE98W	TCR/pMHC	TCR/pMHC,1JCK_A_B	2	8
2273	3QDG	3QDG_D	P01848	RIM	['SPR']	[-0.596]	RD27W	RD27W	[2.6e-05]	[9.5e-06]	3QDG_D_RD27W	TCR/pMHC	TCR/pMHC,1JCK_A_B	2	8
2274	3QDG	3QDG_D	P01848	COR	['SPR']	[1.794]	DD26Y	DD26Y	[4.6e-07]	[9.5e-06]	3QDG_D_DD26Y	TCR/pMHC	TCR/pMHC,1JCK_A_B	2	8
2275	3QDG	3QDG_D	P01848	COR	['SPR']	[1.562]	DD26W	DD26W	[6.8e-07]	[9.5e-06]	3QDG_D_DD26W	TCR/pMHC	TCR/pMHC,1JCK_A_B	2	8
2276	2P5E	2P5E_D	P01848	COR	['SPR']	[-7.608]	YD31D	YD32D	[1.8e-05]	[4.77e-11]	2P5E_D_YD31D	TCR/pMHC	TCR/pMHC,1JCK_A_B,4N8V_G_ABC	2	6
2277	1OGA	1OGA_D	P01848	COR	['SPR']	[-0.628]	SD31A	SD29A	[1.5e-05]	[5.2e-06]	1OGA_D_SD31A	TCR/pMHC	TCR/pMHC,1JCK_A_B	1	4
2278	1OGA	1OGA_E	P01850	COR	['SPR']	[-2.162]	RE98H	RE94H	[0.0002]	[5.2e-06]	1OGA_E_RE98H	TCR/pMHC	TCR/pMHC,1JCK_A_B	2	4
2279	1OGA	1OGA_E	P01850	COR	['SPR']	[-2.162]	RE98A	RE94A	[0.0002]	[5.2e-06]	1OGA_E_RE98A	TCR/pMHC	TCR/pMHC,1JCK_A_B	2	4
2280	1OGA	1OGA_E	P01850	RIM	['SPR']	[-0.495]	NE55D	NE51D	[1.2e-05]	[5.2e-06]	1OGA_E_NE55D	TCR/pMHC	TCR/pMHC,1JCK_A_B	1	4
2281	3QDJ	3QDJ_D	P01848	COR	['SPR']	[-0.411]	GD28N	GD28N	[8.6e-05]	[4.3e-05]	3QDJ_D_GD28N	TCR/pMHC	TCR/pMHC,1JCK_A_B	2	8
2282	3QDJ	3QDJ_E	Not Mapped	RIM	['SPR']	[-0.207]	AE55P	AE52P	[6.1e-05]	[4.3e-05]	3QDJ_E_AE55P	TCR/pMHC	TCR/pMHC,1JCK_A_B	2	8
2283	3QDJ	3QDJ_D	P01848	COR	['SPR']	[-1.225]	GD28P	GD28P	[0.00034]	[4.3e-05]	3QDJ_D_GD28P	TCR/pMHC	TCR/pMHC,1JCK_A_B	2	8
2284	3QDJ	3QDJ_D	P01848	RIM	['SPR']	[-0.04]	RD27P	RD27P	[4.6e-05]	[4.3e-05]	3QDJ_D_RD27P	TCR/pMHC	TCR/pMHC,1JCK_A_B	2	8
2285	3QDJ	3QDJ_D	P01848	COR	['SPR']	[-0.556]	GD28Y	GD28Y	[0.00011]	[4.3e-05]	3QDJ_D_GD28Y	TCR/pMHC	TCR/pMHC,1JCK_A_B	2	8
2286	3QDJ	3QDJ_D	P01848	COR	['SPR']	[-0.655]	GD28L	GD28L	[0.00013]	[4.3e-05]	3QDJ_D_GD28L	TCR/pMHC	TCR/pMHC,1JCK_A_B	2	8
2287	3QDJ	3QDJ_D	P01848	COR	['SPR']	[0.105]	GD28I	GD28I	[3.6e-05]	[4.3e-05]	3QDJ_D_GD28I	TCR/pMHC	TCR/pMHC,1JCK_A_B	2	8
2288	3QDJ	3QDJ_E	Not Mapped	SUP	['SPR']	[0.276]	TE102F	TE99F	[2.7e-05]	[4.3e-05]	3QDJ_E_TE102F	TCR/pMHC	TCR/pMHC,1JCK_A_B	2	8
2289	3QDJ	3QDJ_E	Not Mapped	COR	['SPR']	[-0.39]	FE100W	FE97W	[8.3e-05]	[4.3e-05]	3QDJ_E_FE100W	TCR/pMHC	TCR/pMHC,1JCK_A_B	2	8
2290	3QDJ	3QDJ_E	Not Mapped	RIM	['SPR']	[0.808]	LE98W	LE95W	[1.1e-05]	[4.3e-05]	3QDJ_E_LE98W	TCR/pMHC	TCR/pMHC,1JCK_A_B	2	8
2291	3QDJ	3QDJ_D	P01848	RIM	['SPR']	[-0.217]	RD27W	RD27W	[6.2e-05]	[4.3e-05]	3QDJ_D_RD27W	TCR/pMHC	TCR/pMHC,1JCK_A_B	2	8
2292	3QDJ	3QDJ_D	P01848	COR	['SPR']	[1.337]	DD26Y	DD26Y	[4.5e-06]	[4.3e-05]	3QDJ_D_DD26Y	TCR/pMHC	TCR/pMHC,1JCK_A_B	2	8
2293	3QDJ	3QDJ_D	P01848	COR	['SPR']	[2.172]	DD26W	DD26W	[1.1e-06]	[4.3e-05]	3QDJ_D_DD26W	TCR/pMHC	TCR/pMHC,1JCK_A_B	2	8
2294	3QDG	3QDG_E	Not Mapped	COR	['SPR']	[-1.395]	FE100Y	FE97Y	[0.0001]	[9.5e-06]	3QDG_E_FE100Y	TCR/pMHC	TCR/pMHC,1JCK_A_B	2	8
2295	3QDG	3QDG_D	P01848	COR	['SPR']	[-0.852]	GD28N	GD28N	[4e-05]	[9.5e-06]	3QDG_D_GD28N	TCR/pMHC	TCR/pMHC,1JCK_A_B	2	8
2296	3QDG	3QDG_E	Not Mapped	RIM	['SPR']	[0.066]	AE55P	AE52P	[8.5e-06]	[9.5e-06]	3QDG_E_AE55P	TCR/pMHC	TCR/pMHC,1JCK_A_B	2	8
2297	4L3E	4L3E_D	Not Mapped	SUR	['SPR']	[0.46]	ND52A	ND52A	[1.91e-06]	[4.15e-06]	4L3E_D_ND52A	TCR/pMHC	TCR/pMHC,1JCK_A_B	2	10
2298	1VFB	1VFB_B	P01820	SUR	['FL']	[-0.078]	SB28Q	SB28Q	[1.7e-09]	[1.49e-09]	1VFB_B_SB28Q	AB/AG	AB/AG	2	5
2299	1VFB	1VFB_B	P01820	SUR	['FL']	[-0.144]	SB28N	SB28N	[1.9e-09]	[1.49e-09]	1VFB_B_SB28N	AB/AG	AB/AG	2	5
2300	1VFB	1VFB_B	P01820	RIM	['SPR']	[0.1]	RB99A	RB99A	[1.69e-08]	[2e-08]	1VFB_B_RB99A	AB/AG	AB/AG	1	5
2301	1VFB	1VFB_B	P01820	INT	['SPR']	[-1.157]	EB98A	EB98A	[1.41e-07]	[2e-08]	1VFB_B_EB98A	AB/AG	AB/AG	1	5
2302	1VFB	1VFB_B	P01820	RIM	['SPR']	[0.207]	DB58A	DB58A	[1.41e-08]	[2e-08]	1VFB_B_DB58A	AB/AG	AB/AG	1	5
2303	1VFB	1VFB_B	P01820	SUR	['SPR']	[-0.178]	NB56A	NB56A	[2.7e-08]	[2e-08]	1VFB_B_NB56A	AB/AG	AB/AG	1	5
2304	1VFB	1VFB_B	P01820	RIM	['SPR']	[0.056]	TB30A	TB30A	[1.82e-08]	[2e-08]	1VFB_B_TB30A	AB/AG	AB/AG	1	5
2305	1VFB	1VFB_A	P01635	RIM	['SPR']	[-0.343]	SA93A	SA93A	[3.57e-08]	[2e-08]	1VFB_A_SA93A	AB/AG	AB/AG	1	5
2306	1VFB	1VFB_A	P01635	SUP	['SPR']	[-0.798]	YA49A	YA49A	[7.69e-08]	[2e-08]	1VFB_A_YA49A	AB/AG	AB/AG	1	5
2307	4L3E	4L3E_A	P04439	COR	['SPR']	[-1.259]	QA155A	QA155A	[0.000103]	[1.23e-05]	4L3E_A_QA155A	TCR/pMHC	TCR/pMHC,1JCK_A_B	2	10
2308	4L3E	4L3E_D	Not Mapped	COR	['SPR']	[-0.468]	YD50A	YD50A	[2.71e-05]	[1.23e-05]	4L3E_D_YD50A	TCR/pMHC	TCR/pMHC,1JCK_A_B	2	10
2309	4L3E	4L3E_D	Not Mapped	COR	['SPR']	[-2.785]	YD26A	YD26A	[1.1e-05]	[1e-07]	4L3E_D_YD26A	TCR/pMHC	TCR/pMHC,1JCK_A_B	2	10
2310	4L3E	4L3E_E	Not Mapped	SUP	['SPR']	[-2.228]	YE51A	YE48A	[4.3e-06]	[1e-07]	4L3E_E_YE51A	TCR/pMHC	TCR/pMHC,1JCK_A_B	2	10
2311	4L3E	4L3E_A	P04439	COR	['SPR']	[-1.302]	RA65A	RA65A	[9e-07]	[1e-07]	4L3E_A_RA65A	TCR/pMHC	TCR/pMHC,1JCK_A_B	2	10
2312	3QDJ	3QDJ_E	Not Mapped	COR	['SPR']	[-0.778]	FE100Y	FE97Y	[0.00016]	[4.3e-05]	3QDJ_E_FE100Y	TCR/pMHC	TCR/pMHC,1JCK_A_B	2	8
2313	1DVF	1DVF_C	P01646	SUP	['SPR']	[-1.861]	YC49A	YC49A	[2.5e-07]	[1.08e-08]	1DVF_C_YC49A	AB/AG	AB/AG	1	3
2314	1DVF	1DVF_D	A0NA69	COR	['SPR']	[-4.742]	YD98A	YD102A	[3.23e-05]	[1.08e-08]	1DVF_D_YD98A	AB/AG	AB/AG	1	3
2315	1DVF	1DVF_B	P01820	COR	['SPR']	[-2.013]	YB101F	YB101F	[3.23e-07]	[1.08e-08]	1DVF_B_YB101F	AB/AG	AB/AG	1	3
2316	1DVF	1DVF_B	P01820	COR	['SPR']	[-1.875]	RB99A	RB99A	[2.56e-07]	[1.08e-08]	1DVF_B_RB99A	AB/AG	AB/AG	1	3
2317	1AO7	1AO7_D	A0A075B6T6,P01848	COR	['SPR']	[-1.947]	TD98A	TD92A	[7.11e-05]	[2.66e-06]	1AO7_D_TD98A	TCR/pMHC	TCR/pMHC,1JCK_A_B	2	1
2318	1AO7	1AO7_D	A0A075B6T6,P01848	INT	['SPR']	[-0.958]	TD93A	TD91A	[1.45e-05]	[2.88e-06]	1AO7_D_TD93A	TCR/pMHC	TCR/pMHC,1JCK_A_B	2	1
2319	4FTV	4FTV_A	P04439	COR	['SPR']	[-0.361]	TA163A	TA163A	[3.44e-06]	[1.87e-06]	4FTV_A_TA163A	TCR/pMHC	TCR/pMHC,1JCK_A_B	2	9
2320	4FTV	4FTV_D	Not Mapped	COR	['SPR']	[1.58]	KD68A	KD66A	[1.3e-07]	[1.87e-06]	4FTV_D_KD68A	TCR/pMHC	TCR/pMHC,1JCK_A_B	2	9
2321	1AO7	1AO7_D	A0A075B6T6,P01848	RIM	['SPR']	[-0.355]	ND52A	ND52A	[5.17e-06]	[2.84e-06]	1AO7_D_ND52A	TCR/pMHC	TCR/pMHC,1JCK_A_B	2	1
2322	1AO7	1AO7_A	P04439	SUP	['SPR']	[-3.245]	YA159A	YA159A	[0.000493]	[2.06e-06]	1AO7_A_YA159A	TCR/pMHC	TCR/pMHC,1JCK_A_B	2	1
2323	1AO7	1AO7_D	A0A075B6T6,P01848	COR	['SPR']	[-0.979]	DD26A	DD26A	[1.9e-05]	[3.64e-06]	1AO7_D_DD26A	TCR/pMHC	TCR/pMHC,1JCK_A_B	2	1
2324	1BD2	1BD2_A	P04439	COR	['SPR']	[-2.499]	RA65A	RA65A	[9.51e-05]	[1.4e-06]	1BD2_A_RA65A	TCR/pMHC	TCR/pMHC,1JCK_A_B	2	1
2325	1BD2	1BD2_D	P01848,P04437	COR	['SPR']	[-1.316]	ED94A	ED93A	[1.29e-05]	[1.4e-06]	1BD2_D_ED94A	TCR/pMHC	TCR/pMHC,1JCK_A_B	2	1
2326	1BD2	1BD2_C	P0C213	COR	['SPR']	[-2.76]	YC8A	YC8A	[0.000171]	[1.62e-06]	1BD2_C_YC8A	TCR/pMHC	TCR/pMHC,1JCK_A_B	2	1
2327	1BD2	1BD2_E	A0A0K0K1A5,A0A5B9	SUP	['SPR']	[-2.835]	EE30A	EE28A	[0.000194]	[1.62e-06]	1BD2_E_EE30A	TCR/pMHC	TCR/pMHC,1JCK_A_B	2	1
2328	4L3E	4L3E_A	P04439	RIM	['SPR']	[-1.218]	EA166A	EA166A	[3.24e-05]	[4.15e-06]	4L3E_A_EA166A	TCR/pMHC	TCR/pMHC,1JCK_A_B	2	10
2329	1UUZ	1UUZ_A	Q9HXB1	RIM	['IASP']	[-1.52]	HA62N	HA62N	[1.3e-08]	[1e-09]	1UUZ_A_HA62N		1UUZ_A_D,1YQV_HL_Y	1	5
2330	1UUZ	1UUZ_A	Q9HXB1	RIM	['IASP']	[-1.52]	HA62Q	HA62Q	[1.3e-08]	[1e-09]	1UUZ_A_HA62Q		1UUZ_A_D,1YQV_HL_Y	1	5
2331	1AO7	1AO7_D	A0A075B6T6,P01848	COR	['SPR']	[-0.78]	DD99A	DD93A	[1.07e-05]	[2.87e-06]	1AO7_D_DD99A	TCR/pMHC	TCR/pMHC,1JCK_A_B	2	1
2332	3D3V	3D3V_E	P01850	COR	['SPR']	[-2.617]	LE98A	LE97A	[7.17e-05]	[8.65e-07]	3D3V_E_LE98A	TCR/pMHC	TCR/pMHC,1JCK_A_B	2	7
2333	3D3V	3D3V_C	Not Mapped	COR	['SPR']	[-0.927]	YC8F	YC8F	[9.57e-06]	[2e-06]	3D3V_C_YC8F	TCR/pMHC	TCR/pMHC,1JCK_A_B	2	7
2334	1AO7	1AO7_E	P01850	RIM	['SPR']	[-2.022]	EE30A	EE28A	[9.23e-05]	[3.04e-06]	1AO7_E_EE30A	TCR/pMHC	TCR/pMHC,1JCK_A_B	2	1
2335	1AO7	1AO7_D	A0A075B6T6,P01848	COR	['SPR']	[-2.224]	WD101A	WD95A	[0.000179]	[4.19e-06]	1AO7_D_WD101A	TCR/pMHC	TCR/pMHC,1JCK_A_B	2	1
2336	1AO7	1AO7_D	A0A075B6T6,P01848	COR	['SPR']	[-2.46]	DD99N	DD93N	[0.000155]	[2.44e-06]	1AO7_D_DD99N	TCR/pMHC	TCR/pMHC,1JCK_A_B	2	1
2337	1VFB	1VFB_A	P01635	RIM	['SPR']	[-0.845]	HA30A	HA30A	[8.33e-08]	[2e-08]	1VFB_A_HA30A	AB/AG	AB/AG	1	5
2338	1DVF	1DVF_D	A0NA69	COR	['SPR']	[-2.683]	ID97A	ID101A	[1e-06]	[1.08e-08]	1DVF_D_ID97A	AB/AG	AB/AG	1	3
2339	1DVF	1DVF_D	A0NA69	SUP	['SPR']	[-1.683]	DD52A	DD52A	[1.85e-07]	[1.08e-08]	1DVF_D_DD52A	AB/AG	AB/AG	1	3
2340	1DVF	1DVF_D	A0NA69	COR	['SPR']	[-1.861]	HD33A	HD33A	[2.5e-07]	[1.08e-08]	1DVF_D_HD33A	AB/AG	AB/AG	1	3
2341	1DVF	1DVF_D	A0NA69	RIM	['SPR']	[-1.004]	KD30A	KD30A	[5.88e-08]	[1.08e-08]	1DVF_D_KD30A	AB/AG	AB/AG	1	3
2342	1DVF	1DVF_D	A0NA69	COR	['SPR']	[-4.093]	RD100bA	RD106A	[1.08e-05]	[1.08e-08]	1DVF_D_RD100bA	AB/AG	AB/AG	1	3
2343	1DVF	1DVF_D	A0NA69	RIM	['SPR']	[-1.861]	ND54A	ND55A	[2.5e-07]	[1.08e-08]	1DVF_D_ND54A	AB/AG	AB/AG	1	3
2344	1DVF	1DVF_D	A0NA69	COR	['SPR']	[-1.629]	QD100A	QD104A	[1.69e-07]	[1.08e-08]	1DVF_D_QD100A	AB/AG	AB/AG	1	3
2345	5E9D	5E9D_E	A0A0K0K1A5	SUR	['FL']	[-0.275]	NE28G	NE27G	[2.18e-07]	[1.37e-07]	5E9D_E_NE28G	TCR/pMHC	TCR/pMHC,4N8V_G_ABC	2	10
2346	5E9D	5E9D_D	A0A075B6T6	COR	['FL']	[0.349]	YD50W	YD49W	[7.6e-08]	[1.37e-07]	5E9D_D_YD50W	TCR/pMHC	TCR/pMHC,4N8V_G_ABC	2	10
2347	5E9D	5E9D_E	A0A0K0K1A5	RIM	['FL']	[0.9]	AE99Y	AE98Y	[3e-08]	[1.37e-07]	5E9D_E_AE99Y	TCR/pMHC	TCR/pMHC,4N8V_G_ABC	2	10
2348	5E9D	5E9D_E	A0A0K0K1A5	SUR	['FL']	[0.433]	VE50D	VE49D	[6.6e-08]	[1.37e-07]	5E9D_E_VE50D	TCR/pMHC	TCR/pMHC,4N8V_G_ABC	2	10
2349	5E9D	5E9D_D	A0A075B6T6	INT	['FL']	[0.574]	TD91Q	TD90Q	[5.2e-08]	[1.37e-07]	5E9D_D_TD91Q	TCR/pMHC	TCR/pMHC,4N8V_G_ABC	2	10
2350	5E9D	5E9D_D	A0A075B6T6	SUR	['FL']	[0.479]	GD28E	GD27E	[6.1e-08]	[1.37e-07]	5E9D_D_GD28E	TCR/pMHC	TCR/pMHC,4N8V_G_ABC	2	10
2351	1AO7	1AO7_E	P01850	RIM	['SPR']	[-0.065]	RE102A	RE99A	[3.19e-06]	[2.86e-06]	1AO7_E_RE102A	TCR/pMHC	TCR/pMHC,1JCK_A_B	2	1
2352	1DVF	1DVF_B	P01820	COR	['SPR']	[-1.832]	YB32A	YB32A	[2.38e-07]	[1.08e-08]	1DVF_B_YB32A	AB/AG	AB/AG	1	3
2353	1DVF	1DVF_B	P01820	RIM	['SPR']	[-0.908]	TB30A	TB30A	[5e-08]	[1.08e-08]	1DVF_B_TB30A	AB/AG	AB/AG	1	3
2354	1DVF	1DVF_A	P01635	COR	['SPR']	[-1.163]	SA93A	SA93A	[7.69e-08]	[1.08e-08]	1DVF_A_SA93A	AB/AG	AB/AG	1	3
2355	1DVF	1DVF_A	P01635	COR	['SPR']	[-0.341]	WA92A	WA92A	[1.92e-08]	[1.08e-08]	1DVF_A_WA92A	AB/AG	AB/AG	1	3
2356	1DVF	1DVF_A	P01635	RIM	['SPR']	[-0.688]	YA50A	YA50A	[3.45e-08]	[1.08e-08]	1DVF_A_YA50A	AB/AG	AB/AG	1	3
2357	1DVF	1DVF_A	P01635	RIM	['SPR']	[-1.65]	HA30A	HA30A	[1.75e-07]	[1.08e-08]	1DVF_A_HA30A	AB/AG	AB/AG	1	3
2358	1UUZ	1UUZ_A	Q9HXB1	COR	['IASP']	[-0.651]	CA64A	CA64A	[3e-09]	[1e-09]	1UUZ_A_CA64A		1UUZ_A_D,1YQV_HL_Y	1	5
2359	1UUZ	1UUZ_A	Q9HXB1	RIM	['IASP']	[-1.775]	HA62A	HA62A	[2e-08]	[1e-09]	1UUZ_A_HA62A		1UUZ_A_D,1YQV_HL_Y	1	5
2360	1UUZ	1UUZ_A	Q9HXB1	RIM	['IASP']	[-3.379]	HA62D	HA62D	[3e-07]	[1e-09]	1UUZ_A_HA62D		1UUZ_A_D,1YQV_HL_Y	1	5
2361	1AO7	1AO7_A	P04439	COR	['SPR']	[-1.004]	AA150P	AA150P	[9.8e-06]	[1.8e-06]	1AO7_A_AA150P	TCR/pMHC	TCR/pMHC,1JCK_A_B	2	1
2362	3PWP	3PWP_C	Not Mapped	SUP	['SPR']	[0.634]	GC2L	GC2L	[4.8e-05]	[0.00014]	3PWP_C_GC2L	TCR/pMHC	TCR/pMHC,1JCK_A_B	2	8
2363	3QDJ	3QDJ_C	Not Mapped	SUP	['SPR']	[-2.3]	AC2L	AC2L	[0.0033]	[6.8e-05]	3QDJ_C_AC2L	TCR/pMHC	TCR/pMHC,1JCK_A_B	2	8
2364	4JFE	4JFE_C	Not Mapped	COR	['SPR']	[6.43]	AC7I	AC7I	[6e-10]	[3.1e-05]	4JFE_C_AC7I	TCR/pMHC	TCR/pMHC,1JCK_A_B	2	10
2365	4JFD	4JFD_C	Not Mapped	COR	['SPR']	[6.518]	AC4G	AC4G	[6e-10]	[3.6e-05]	4JFD_C_AC4G	TCR/pMHC	TCR/pMHC,1JCK_A_B	2	10
2366	4JFF	4JFF_C	Q16655	SUP	['SPR']	[-6.534]	TC9A	TC9A	[3.7e-05]	[6e-10]	4JFF_C_TC9A	TCR/pMHC	TCR/pMHC,1JCK_A_B	2	10
2367	4JFF	4JFF_C	Q16655	COR	['SPR']	[-6.199]	LC8A	LC8A	[2.1e-05]	[6e-10]	4JFF_C_LC8A	TCR/pMHC	TCR/pMHC,1JCK_A_B	2	10
2368	4JFF	4JFF_C	Q16655	SUP	['SPR']	[-6.43]	IC7A	IC7A	[3.1e-05]	[6e-10]	4JFF_C_IC7A	TCR/pMHC	TCR/pMHC,1JCK_A_B	2	10
2369	4JFF	4JFF_C	Q16655	SUP	['SPR']	[-6.595]	GC6A	GC6A	[4.1e-05]	[6e-10]	4JFF_C_GC6A	TCR/pMHC	TCR/pMHC,1JCK_A_B	2	10
2370	4JFF	4JFF_C	Q16655	COR	['SPR']	[-6.518]	GC4A	GC4A	[3.6e-05]	[6e-10]	4JFF_C_GC4A	TCR/pMHC	TCR/pMHC,1JCK_A_B	2	10
2371	4JFF	4JFF_C	Q16655	SUP	['SPR']	[-7.323]	EC1A	EC1A	[0.00014]	[6e-10]	4JFF_C_EC1A	TCR/pMHC	TCR/pMHC,1JCK_A_B	2	10
2372	3QFJ	3QFJ_C	Not Mapped	COR	['ITC']	[0.17]	FC5Y	FC5Y	[9e-07]	[1.2e-06]	3QFJ_C_FC5Y	TCR/pMHC	TCR/pMHC,1JCK_A_B	2	8
2373	4FTV	4FTV_E	Not Mapped	RIM	['SPR']	[-0.411]	QE102R	QE101R	[8e-09]	[4e-09]	4FTV_E_QE102R	TCR/pMHC	TCR/pMHC,1JCK_A_B	2	9
2374	4FTV	4FTV_E	Not Mapped	RIM	['SPR']	[-0.056]	QE102E	QE101E	[4.4e-09]	[4e-09]	4FTV_E_QE102E	TCR/pMHC	TCR/pMHC,1JCK_A_B	2	9
2375	5E9D	5E9D_D	A0A075B6T6	SUR	['FL']	[-0.187]	KD97Q	KD96Q	[1.88e-07]	[1.37e-07]	5E9D_D_KD97Q	TCR/pMHC	TCR/pMHC,4N8V_G_ABC	2	10
2376	5E9D	5E9D_D	A0A075B6T6	COR	['FL']	[0.036]	SD51G	SD50G	[1.29e-07]	[1.37e-07]	5E9D_D_SD51G	TCR/pMHC	TCR/pMHC,4N8V_G_ABC	2	10
2377	1MI5	1MI5_D	P01848	INT	['SPR']	[-1.232]	DD30aA	DD29A	[0.0001]	[1.25e-05]	1MI5_D_DD30aA	TCR/pMHC	TCR/pMHC,1JCK_A_B,4N8V_G_ABC	2	4
2378	1MI5	1MI5_D	P01848	COR	['SPR']	[-0.588]	TD30A	TD28A	[3.37e-05]	[1.25e-05]	1MI5_D_TD30A	TCR/pMHC	TCR/pMHC,1JCK_A_B,4N8V_G_ABC	2	4
2379	1MI5	1MI5_D	P01848	COR	['SPR']	[0.039]	SD28A	SD26A	[1.17e-05]	[1.25e-05]	1MI5_D_SD28A	TCR/pMHC	TCR/pMHC,1JCK_A_B,4N8V_G_ABC	2	4
2380	1MI5	1MI5_D	P01848	RIM	['SPR']	[-0.26]	TD26A	TD24A	[1.94e-05]	[1.25e-05]	1MI5_D_TD26A	TCR/pMHC	TCR/pMHC,1JCK_A_B,4N8V_G_ABC	2	4
2381	1MI5	1MI5_D	P01848	SUR	['SPR']	[-0.1]	SD25A	SD23A	[1.48e-05]	[1.25e-05]	1MI5_D_SD25A	TCR/pMHC	TCR/pMHC,1JCK_A_B,4N8V_G_ABC	2	4
2382	1QSE	1QSE_C	Not Mapped	COR	['SPR']	[1.225]	RC7V	RC7V	[9.1e-07]	[7.2e-06]	1QSE_C_RC7V	TCR/pMHC	TCR/pMHC,1JCK_A_B	2	5
2383	1AO7	1AO7_C	P14079	COR	['SPR']	[-1.225]	VC7R	VC7R	[7.2e-06]	[9.1e-07]	1AO7_C_VC7R	TCR/pMHC	TCR/pMHC,1JCK_A_B	2	1
2384	2JCC	2JCC_A	P04439	INT	['SPR']	[0.299]	AA167W	AA167W	[9.3e-06]	[1.54e-05]	2JCC_A_AA167W	TCR/pMHC	TCR/pMHC,1JCK_A_B	2	6
2385	2UWE	2UWE_A	P04439	COR	['SPR']	[-0.404]	AA163T	AA163T	[9.3e-06]	[4.7e-06]	2UWE_A_AA163T	TCR/pMHC	TCR/pMHC,1JCK_A_B	2	7
2386	1LP9	1LP9_A	P04439	COR	['SPR']	[-0.299]	WA167A	WA167A	[1.54e-05]	[9.3e-06]	1LP9_A_WA167A	TCR/pMHC	TCR/pMHC,1JCK_A_B	2	4
2387	1LP9	1LP9_A	P04439	COR	['SPR']	[0.404]	TA163A	TA163A	[4.7e-06]	[9.3e-06]	1LP9_A_TA163A	TCR/pMHC	TCR/pMHC,1JCK_A_B	2	4
2388	1AO7	1AO7_C	P14079	COR	['SPR']	[-0.889]	YC5W	YC5W	[1e-05]	[2.23e-06]	1AO7_C_YC5W	TCR/pMHC	TCR/pMHC,1JCK_A_B	2	1
2389	1BD2	1BD2_C	P0C213	COR	['SPR']	[-1.929]	YC5W	YC5W	[3.5e-05]	[1.35e-06]	1BD2_C_YC5W	TCR/pMHC	TCR/pMHC,1JCK_A_B	2	1
2390	2E7L	2E7L_Q	Not Mapped	COR	['SPR']	[-3.06]	FQ5R	FQ5R	[6.3e-06]	[3.6e-08]	2E7L_Q_FQ5R	TCR/pMHC	TCR/pMHC,1JCK_A_B	2	6
2391	2OI9	2OI9_Q	Not Mapped	COR	['SPR']	[-3.101]	FQ5R	FQ5R	[0.0003]	[1.6e-06]	2OI9_Q_FQ5R	TCR/pMHC	TCR/pMHC,1JCK_A_B	2	6
2392	3H9S	3H9S_A	P04439	SUR	['SPR']	[-0.163]	AA150P	AA150P	[5.4e-06]	[4.1e-06]	3H9S_A_AA150P	TCR/pMHC	TCR/pMHC,1JCK_A_B	2	8
2393	1MI5	1MI5_D	P01848	INT	['SPR']	[-1.232]	GD102A	GD97A	[0.0001]	[1.25e-05]	1MI5_D_GD102A	TCR/pMHC	TCR/pMHC,1JCK_A_B,4N8V_G_ABC	2	4
2394	1MI5	1MI5_D	P01848	SUP	['SPR']	[-1.232]	YD100A	YD96A	[0.0001]	[1.25e-05]	1MI5_D_YD100A	TCR/pMHC	TCR/pMHC,1JCK_A_B,4N8V_G_ABC	2	4
2395	1MI5	1MI5_D	P01848	SUP	['SPR']	[-0.827]	SD99A	SD95A	[5.05e-05]	[1.25e-05]	1MI5_D_SD99A	TCR/pMHC	TCR/pMHC,1JCK_A_B,4N8V_G_ABC	2	4
2396	1MI5	1MI5_D	P01848	RIM	['SPR']	[-0.943]	TD98A	TD94A	[6.14e-05]	[1.25e-05]	1MI5_D_TD98A	TCR/pMHC	TCR/pMHC,1JCK_A_B,4N8V_G_ABC	2	4
2397	1MI5	1MI5_D	P01848	COR	['SPR']	[-1.232]	GD97A	GD93A	[0.0001]	[1.25e-05]	1MI5_D_GD97A	TCR/pMHC	TCR/pMHC,1JCK_A_B,4N8V_G_ABC	2	4
2398	1MI5	1MI5_D	P01848	COR	['SPR']	[-0.764]	GD96A	GD92A	[4.54e-05]	[1.25e-05]	1MI5_D_GD96A	TCR/pMHC	TCR/pMHC,1JCK_A_B,4N8V_G_ABC	2	4
2399	1MI5	1MI5_D	P01848	RIM	['SPR']	[-0.608]	AD95G	AD91G	[3.49e-05]	[1.25e-05]	1MI5_D_AD95G	TCR/pMHC	TCR/pMHC,1JCK_A_B,4N8V_G_ABC	2	4
2400	1MI5	1MI5_D	P01848	SUP	['SPR']	[-1.232]	LD94A	LD90A	[0.0001]	[1.25e-05]	1MI5_D_LD94A	TCR/pMHC	TCR/pMHC,1JCK_A_B,4N8V_G_ABC	2	4
2401	1MI5	1MI5_D	P01848	INT	['SPR']	[-1.232]	PD93A	PD89A	[0.0001]	[1.25e-05]	1MI5_D_PD93A	TCR/pMHC	TCR/pMHC,1JCK_A_B,4N8V_G_ABC	2	4
2402	1MI5	1MI5_D	P01848	SUR	['SPR']	[0.019]	ND54A	ND52A	[1.21e-05]	[1.25e-05]	1MI5_D_ND54A	TCR/pMHC	TCR/pMHC,1JCK_A_B,4N8V_G_ABC	2	4
2403	1MI5	1MI5_D	P01848	RIM	['SPR']	[-0.482]	SD52A	SD51A	[2.82e-05]	[1.25e-05]	1MI5_D_SD52A	TCR/pMHC	TCR/pMHC,1JCK_A_B,4N8V_G_ABC	2	4
2404	1MI5	1MI5_D	P01848	RIM	['SPR']	[0.558]	TD51A	TD50A	[4.87e-06]	[1.25e-05]	1MI5_D_TD51A	TCR/pMHC	TCR/pMHC,1JCK_A_B,4N8V_G_ABC	2	4
2405	1MI5	1MI5_D	P01848	COR	['SPR']	[-1.232]	LD50A	LD49A	[0.0001]	[1.25e-05]	1MI5_D_LD50A	TCR/pMHC	TCR/pMHC,1JCK_A_B,4N8V_G_ABC	2	4
2406	1MI5	1MI5_D	P01848	COR	['SPR']	[-1.117]	HD48A	HD47A	[8.24e-05]	[1.25e-05]	1MI5_D_HD48A	TCR/pMHC	TCR/pMHC,1JCK_A_B,4N8V_G_ABC	2	4
2407	1MI5	1MI5_D	P01848	SUP	['SPR']	[-1.232]	HD33A	HD32A	[0.0001]	[1.25e-05]	1MI5_D_HD33A	TCR/pMHC	TCR/pMHC,1JCK_A_B,4N8V_G_ABC	2	4
2408	1MI5	1MI5_D	P01848	COR	['SPR']	[-0.45]	YD31A	YD30A	[2.67e-05]	[1.25e-05]	1MI5_D_YD31A	TCR/pMHC	TCR/pMHC,1JCK_A_B,4N8V_G_ABC	2	4
2409	1MI5	1MI5_E	P01850	SUR	['SPR']	[-0.12]	EE105A	EE99A	[1.53e-05]	[1.25e-05]	1MI5_E_EE105A	TCR/pMHC	TCR/pMHC,1JCK_A_B,4N8V_G_ABC	2	4
2410	1MI5	1MI5_E	P01850	COR	['SPR']	[-1.232]	YE100A	YE98A	[0.0001]	[1.25e-05]	1MI5_E_YE100A	TCR/pMHC	TCR/pMHC,1JCK_A_B,4N8V_G_ABC	2	4
2411	1MI5	1MI5_E	P01850	COR	['SPR']	[-1.232]	AE99G	AE97G	[0.0001]	[1.25e-05]	1MI5_E_AE99G	TCR/pMHC	TCR/pMHC,1JCK_A_B,4N8V_G_ABC	2	4
2412	1MI5	1MI5_E	P01850	COR	['SPR']	[-1.232]	QE98A	QE96A	[0.0001]	[1.25e-05]	1MI5_E_QE98A	TCR/pMHC	TCR/pMHC,1JCK_A_B,4N8V_G_ABC	2	4
2413	1MI5	1MI5_E	P01850	SUP	['SPR']	[-1.232]	GE97A	GE95A	[0.0001]	[1.25e-05]	1MI5_E_GE97A	TCR/pMHC	TCR/pMHC,1JCK_A_B,4N8V_G_ABC	2	4
2414	1MI5	1MI5_E	P01850	RIM	['SPR']	[-0.116]	LE96A	LE94A	[1.52e-05]	[1.25e-05]	1MI5_E_LE96A	TCR/pMHC	TCR/pMHC,1JCK_A_B,4N8V_G_ABC	2	4
2415	1MI5	1MI5_E	P01850	INT	['SPR']	[0.612]	SE95A	SE93A	[4.45e-06]	[1.25e-05]	1MI5_E_SE95A	TCR/pMHC	TCR/pMHC,1JCK_A_B,4N8V_G_ABC	2	4
2416	1MI5	1MI5_E	P01850	INT	['SPR']	[-0.302]	SE94A	SE92A	[2.08e-05]	[1.25e-05]	1MI5_E_SE94A	TCR/pMHC	TCR/pMHC,1JCK_A_B,4N8V_G_ABC	2	4
2417	1MI5	1MI5_E	P01850	RIM	['SPR']	[-0.819]	EE52A	EE50A	[4.98e-05]	[1.25e-05]	1MI5_E_EE52A	TCR/pMHC	TCR/pMHC,1JCK_A_B,4N8V_G_ABC	2	4
2418	1MI5	1MI5_E	P01850	COR	['SPR']	[0.433]	NE51A	NE49A	[6.02e-06]	[1.25e-05]	1MI5_E_NE51A	TCR/pMHC	TCR/pMHC,1JCK_A_B,4N8V_G_ABC	2	4
2419	1MI5	1MI5_E	P01850	COR	['SPR']	[0.07]	QE50A	QE48A	[1.11e-05]	[1.25e-05]	1MI5_E_QE50A	TCR/pMHC	TCR/pMHC,1JCK_A_B,4N8V_G_ABC	2	4
2420	1MI5	1MI5_E	P01850	SUP	['SPR']	[-1.064]	SE31A	SE29A	[7.53e-05]	[1.25e-05]	1MI5_E_SE31A	TCR/pMHC	TCR/pMHC,1JCK_A_B,4N8V_G_ABC	2	4
2421	1MI5	1MI5_E	P01850	COR	['SPR']	[-0.293]	VE30A	VE28A	[2.05e-05]	[1.25e-05]	1MI5_E_VE30A	TCR/pMHC	TCR/pMHC,1JCK_A_B,4N8V_G_ABC	2	4
2422	1MI5	1MI5_E	P01850	SUR	['SPR']	[0.289]	GE28A	GE26A	[7.67e-06]	[1.25e-05]	1MI5_E_GE28A	TCR/pMHC	TCR/pMHC,1JCK_A_B,4N8V_G_ABC	2	4
2423	1MI5	1MI5_E	P01850	SUR	['SPR']	[-0.032]	SE27A	SE25A	[1.32e-05]	[1.25e-05]	1MI5_E_SE27A	TCR/pMHC	TCR/pMHC,1JCK_A_B,4N8V_G_ABC	2	4
2424	1MI5	1MI5_D	P01848	INT	['SPR']	[-1.232]	KD103A	KD98A	[0.0001]	[1.25e-05]	1MI5_D_KD103A	TCR/pMHC	TCR/pMHC,1JCK_A_B,4N8V_G_ABC	2	4
2425	2AK4	2AK4_A	P01889	COR	['SPR']	[0.258]	QA65A	QA65A	[1.21e-05]	[1.87e-05]	2AK4_A_QA65A	TCR/pMHC	TCR/pMHC,1JCK_A_B	2	6
2426	2AK4	2AK4_E	P01850	RIM	['SPR']	[-0.049]	EE101A	EE97A	[2.03e-05]	[1.87e-05]	2AK4_E_EE101A	TCR/pMHC	TCR/pMHC,1JCK_A_B	2	6
2427	2AK4	2AK4_E	P01850	COR	['SPR']	[-0.838]	LE98A	LE94A	[7.7e-05]	[1.87e-05]	2AK4_E_LE98A	TCR/pMHC	TCR/pMHC,1JCK_A_B	2	6
2428	2AK4	2AK4_E	P01850	SUR	['SPR']	[0.043]	NE66A	NE63A	[1.74e-05]	[1.87e-05]	2AK4_E_NE66A	TCR/pMHC	TCR/pMHC,1JCK_A_B	2	6
2429	2AK4	2AK4_E	P01850	COR	['SPR']	[0.314]	SE51A	SE49A	[1.1e-05]	[1.87e-05]	2AK4_E_SE51A	TCR/pMHC	TCR/pMHC,1JCK_A_B	2	6
2430	2AK4	2AK4_E	P01850	SUP	['SPR']	[-1.404]	SE31G	SE29G	[0.0002]	[1.87e-05]	2AK4_E_SE31G	TCR/pMHC	TCR/pMHC,1JCK_A_B	2	6
2431	2AK4	2AK4_E	P01850	COR	['SPR']	[-0.823]	NE30A	NE28A	[7.5e-05]	[1.87e-05]	2AK4_E_NE30A	TCR/pMHC	TCR/pMHC,1JCK_A_B	2	6
2432	2AK4	2AK4_E	P01850	RIM	['SPR']	[-0.209]	NE28A	NE26A	[2.66e-05]	[1.87e-05]	2AK4_E_NE28A	TCR/pMHC	TCR/pMHC,1JCK_A_B	2	6
2433	2AK4	2AK4_D	P01848	COR	['SPR']	[-1.404]	ND97A	ND98A	[0.0002]	[1.87e-05]	2AK4_D_ND97A	TCR/pMHC	TCR/pMHC,1JCK_A_B	2	6
2434	2AK4	2AK4_D	P01848	COR	['SPR']	[-1.404]	YD96A	YD97A	[0.0002]	[1.87e-05]	2AK4_D_YD96A	TCR/pMHC	TCR/pMHC,1JCK_A_B	2	6
2435	2AK4	2AK4_D	P01848	SUP	['SPR']	[-1.404]	SD93A	SD94A	[0.0002]	[1.87e-05]	2AK4_D_SD93A	TCR/pMHC	TCR/pMHC,1JCK_A_B	2	6
2436	2AK4	2AK4_D	P01848	SUP	['SPR']	[-1.404]	ND50A	ND51A	[0.0002]	[1.87e-05]	2AK4_D_ND50A	TCR/pMHC	TCR/pMHC,1JCK_A_B	2	6
2437	2AK4	2AK4_D	P01848	SUP	['SPR']	[-0.099]	YD31A	YD32A	[2.21e-05]	[1.87e-05]	2AK4_D_YD31A	TCR/pMHC	TCR/pMHC,1JCK_A_B	2	6
2438	2AK4	2AK4_D	P01848	COR	['SPR']	[0.127]	TD29A	TD30A	[1.51e-05]	[1.87e-05]	2AK4_D_TD29A	TCR/pMHC	TCR/pMHC,1JCK_A_B	2	6
2439	1MI5	1MI5_E	P01850	SUR	['SPR']	[-0.26]	YE107A	YE101A	[1.94e-05]	[1.25e-05]	1MI5_E_YE107A	TCR/pMHC	TCR/pMHC,1JCK_A_B,4N8V_G_ABC	2	4
2440	1MI5	1MI5_E	P01850	INT	['SPR']	[-1.232]	QE106A	QE100A	[0.0001]	[1.25e-05]	1MI5_E_QE106A	TCR/pMHC	TCR/pMHC,1JCK_A_B,4N8V_G_ABC	2	4
2441	2BNR	2BNR_A	P04439	RIM	['SPR']	[-0.083]	QA43A	QA43A	[3.68e-06]	[3.2e-06]	2BNR_A_QA43A	TCR/pMHC	TCR/pMHC,1JCK_A_B,4N8V_G_ABC	2	6
2442	2AK4	2AK4_C	P03206	SUP	['SPR']	[-0.514]	LC10A	LC10A	[4.45e-05]	[1.87e-05]	2AK4_C_LC10A	TCR/pMHC	TCR/pMHC,1JCK_A_B	2	6
2443	2AK4	2AK4_C	P03206	RIM	['SPR']	[-0.066]	QC9A	QC9A	[2.09e-05]	[1.87e-05]	2AK4_C_QC9A	TCR/pMHC	TCR/pMHC,1JCK_A_B	2	6
2444	2AK4	2AK4_C	P03206	COR	['SPR']	[-1.404]	QC7A	QC7A	[0.0002]	[1.87e-05]	2AK4_C_QC7A	TCR/pMHC	TCR/pMHC,1JCK_A_B	2	6
2445	2AK4	2AK4_C	P03206	SUP	['SPR']	[-1.404]	PC6A	PC6A	[0.0002]	[1.87e-05]	2AK4_C_PC6A	TCR/pMHC	TCR/pMHC,1JCK_A_B	2	6
2446	2AK4	2AK4_C	P03206	COR	['SPR']	[-1.404]	LC5A	LC5A	[0.0002]	[1.87e-05]	2AK4_C_LC5A	TCR/pMHC	TCR/pMHC,1JCK_A_B	2	6
2447	2AK4	2AK4_C	P03206	SUP	['SPR']	[-1.096]	PC4A	PC4A	[0.000119]	[1.87e-05]	2AK4_C_PC4A	TCR/pMHC	TCR/pMHC,1JCK_A_B	2	6
2448	2AK4	2AK4_A	P01889	COR	['SPR']	[-0.14]	LA163A	LA163A	[2.37e-05]	[1.87e-05]	2AK4_A_LA163A	TCR/pMHC	TCR/pMHC,1JCK_A_B	2	6
2449	2AK4	2AK4_A	P01889	RIM	['SPR']	[-0.465]	EA161A	EA161A	[4.1e-05]	[1.87e-05]	2AK4_A_EA161A	TCR/pMHC	TCR/pMHC,1JCK_A_B	2	6
2450	2AK4	2AK4_A	P01889	COR	['SPR']	[-0.874]	AA158G	AA158G	[8.17e-05]	[1.87e-05]	2AK4_A_AA158G	TCR/pMHC	TCR/pMHC,1JCK_A_B	2	6
2451	2AK4	2AK4_A	P01889	RIM	['SPR']	[-1.404]	RA157A	RA157A	[0.0002]	[1.87e-05]	2AK4_A_RA157A	TCR/pMHC	TCR/pMHC,1JCK_A_B	2	6
2452	2AK4	2AK4_A	P01889	COR	['SPR']	[-0.93]	QA155A	QA155A	[8.98e-05]	[1.87e-05]	2AK4_A_QA155A	TCR/pMHC	TCR/pMHC,1JCK_A_B	2	6
2453	2AK4	2AK4_A	P01889	RIM	['SPR']	[-0.235]	EA154A	EA154A	[2.78e-05]	[1.87e-05]	2AK4_A_EA154A	TCR/pMHC	TCR/pMHC,1JCK_A_B	2	6
2454	2AK4	2AK4_A	P01889	RIM	['SPR']	[-1.367]	RA151A	RA151A	[0.000188]	[1.87e-05]	2AK4_A_RA151A	TCR/pMHC	TCR/pMHC,1JCK_A_B	2	6
2455	2AK4	2AK4_A	P01889	SUR	['SPR']	[-0.239]	QA72A	QA72A	[2.8e-05]	[1.87e-05]	2AK4_A_QA72A	TCR/pMHC	TCR/pMHC,1JCK_A_B	2	6
2456	2AK4	2AK4_A	P01889	COR	['SPR']	[0.342]	TA69A	TA69A	[1.05e-05]	[1.87e-05]	2AK4_A_TA69A	TCR/pMHC	TCR/pMHC,1JCK_A_B	2	6
2457	2BNR	2BNR_A	P04439	INT	['SPR']	[-0.535]	TA80A	TA80A	[7.9e-06]	[3.2e-06]	2BNR_A_TA80A	TCR/pMHC	TCR/pMHC,1JCK_A_B,4N8V_G_ABC	2	6
2458	2BNR	2BNR_A	P04439	COR	['SPR']	[-0.672]	VA76A	VA76A	[9.95e-06]	[3.2e-06]	2BNR_A_VA76A	TCR/pMHC	TCR/pMHC,1JCK_A_B,4N8V_G_ABC	2	6
2459	2BNR	2BNR_A	P04439	RIM	['SPR']	[-0.531]	RA75A	RA75A	[7.84e-06]	[3.2e-06]	2BNR_A_RA75A	TCR/pMHC	TCR/pMHC,1JCK_A_B,4N8V_G_ABC	2	6
2460	2BNR	2BNR_A	P04439	INT	['SPR']	[-0.975]	HA74A	HA74A	[1.66e-05]	[3.2e-06]	2BNR_A_HA74A	TCR/pMHC	TCR/pMHC,1JCK_A_B,4N8V_G_ABC	2	6
2461	2BNR	2BNR_A	P04439	SUP	['SPR']	[-1.285]	TA73A	TA73A	[2.8e-05]	[3.2e-06]	2BNR_A_TA73A	TCR/pMHC	TCR/pMHC,1JCK_A_B,4N8V_G_ABC	2	6
2462	2BNR	2BNR_A	P04439	COR	['SPR']	[0.096]	QA72A	QA72A	[2.72e-06]	[3.2e-06]	2BNR_A_QA72A	TCR/pMHC	TCR/pMHC,1JCK_A_B,4N8V_G_ABC	2	6
2463	2BNR	2BNR_A	P04439	INT	['SPR']	[-1.696]	HA70A	HA70A	[5.6e-05]	[3.2e-06]	2BNR_A_HA70A	TCR/pMHC	TCR/pMHC,1JCK_A_B,4N8V_G_ABC	2	6
2464	2BNR	2BNR_A	P04439	COR	['SPR']	[-1.855]	AA69G	AA69G	[7.33e-05]	[3.2e-06]	2BNR_A_AA69G	TCR/pMHC	TCR/pMHC,1JCK_A_B,4N8V_G_ABC	2	6
2465	2BNR	2BNR_A	P04439	COR	['SPR']	[-0.006]	KA68A	KA68A	[3.23e-06]	[3.2e-06]	2BNR_A_KA68A	TCR/pMHC	TCR/pMHC,1JCK_A_B,4N8V_G_ABC	2	6
2466	2BNR	2BNR_A	P04439	INT	['SPR']	[-0.393]	VA67A	VA67A	[6.21e-06]	[3.2e-06]	2BNR_A_VA67A	TCR/pMHC	TCR/pMHC,1JCK_A_B,4N8V_G_ABC	2	6
2467	2BNR	2BNR_A	P04439	SUP	['SPR']	[-1.689]	KA66A	KA66A	[5.54e-05]	[3.2e-06]	2BNR_A_KA66A	TCR/pMHC	TCR/pMHC,1JCK_A_B,4N8V_G_ABC	2	6
2468	2BNR	2BNR_A	P04439	COR	['SPR']	[-1.806]	RA65A	RA65A	[6.75e-05]	[3.2e-06]	2BNR_A_RA65A	TCR/pMHC	TCR/pMHC,1JCK_A_B,4N8V_G_ABC	2	6
2469	2BNR	2BNR_A	P04439	INT	['SPR']	[-0.271]	TA64A	TA64A	[5.06e-06]	[3.2e-06]	2BNR_A_TA64A	TCR/pMHC	TCR/pMHC,1JCK_A_B,4N8V_G_ABC	2	6
2470	2BNR	2BNR_A	P04439	INT	['SPR']	[-0.335]	EA63A	EA63A	[5.63e-06]	[3.2e-06]	2BNR_A_EA63A	TCR/pMHC	TCR/pMHC,1JCK_A_B,4N8V_G_ABC	2	6
2471	2BNR	2BNR_A	P04439	SUR	['SPR']	[0.09]	DA61A	DA61A	[2.75e-06]	[3.2e-06]	2BNR_A_DA61A	TCR/pMHC	TCR/pMHC,1JCK_A_B,4N8V_G_ABC	2	6
2472	2BNR	2BNR_A	P04439	RIM	['SPR']	[0.0]	EA58A	EA58A	[3.2e-06]	[3.2e-06]	2BNR_A_EA58A	TCR/pMHC	TCR/pMHC,1JCK_A_B,4N8V_G_ABC	2	6
2473	1AO7	1AO7_A	P04439	INT	['SPR']	[-3.156]	HA70A	HA70A	[0.000181]	[8.8e-07]	1AO7_A_HA70A	TCR/pMHC	TCR/pMHC,1JCK_A_B	2	1
2474	1AO7	1AO7_A	P04439	RIM	['SPR']	[-0.194]	KA68A	KA68A	[1.22e-06]	[8.8e-07]	1AO7_A_KA68A	TCR/pMHC	TCR/pMHC,1JCK_A_B	2	1
2475	1AO7	1AO7_A	P04439	INT	['SPR']	[0.558]	VA67A	VA67A	[3.43e-07]	[8.8e-07]	1AO7_A_VA67A	TCR/pMHC	TCR/pMHC,1JCK_A_B	2	1
2476	1AO7	1AO7_A	P04439	INT	['SPR']	[0.076]	TA64A	TA64A	[7.74e-07]	[8.8e-07]	1AO7_A_TA64A	TCR/pMHC	TCR/pMHC,1JCK_A_B	2	1
2477	1AO7	1AO7_A	P04439	INT	['SPR']	[-0.159]	EA63A	EA63A	[1.15e-06]	[8.8e-07]	1AO7_A_EA63A	TCR/pMHC	TCR/pMHC,1JCK_A_B	2	1
2478	1AO7	1AO7_A	P04439	SUR	['SPR']	[-0.38]	DA61A	DA61A	[1.67e-06]	[8.8e-07]	1AO7_A_DA61A	TCR/pMHC	TCR/pMHC,1JCK_A_B	2	1
2479	1AO7	1AO7_A	P04439	SUP	['SPR']	[-0.856]	EA55A	EA55A	[3.73e-06]	[8.8e-07]	1AO7_A_EA55A	TCR/pMHC	TCR/pMHC,1JCK_A_B	2	1
2480	1AO7	1AO7_A	P04439	SUR	['SPR']	[-0.029]	QA43A	QA43A	[9.24e-07]	[8.8e-07]	1AO7_A_QA43A	TCR/pMHC	TCR/pMHC,1JCK_A_B	2	1
2481	2BNR	2BNR_A	P04439	COR	['SPR']	[-0.459]	TA163A	TA163A	[6.94e-06]	[3.2e-06]	2BNR_A_TA163A	TCR/pMHC	TCR/pMHC,1JCK_A_B,4N8V_G_ABC	2	6
2482	2BNR	2BNR_A	P04439	COR	['SPR']	[-0.233]	QA155A	QA155A	[4.74e-06]	[3.2e-06]	2BNR_A_QA155A	TCR/pMHC	TCR/pMHC,1JCK_A_B,4N8V_G_ABC	2	6
2483	2BNR	2BNR_A	P04439	RIM	['SPR']	[-0.018]	EA154A	EA154A	[3.3e-06]	[3.2e-06]	2BNR_A_EA154A	TCR/pMHC	TCR/pMHC,1JCK_A_B,4N8V_G_ABC	2	6
2484	2BNR	2BNR_A	P04439	SUP	['SPR']	[-0.903]	VA152A	VA152A	[1.47e-05]	[3.2e-06]	2BNR_A_VA152A	TCR/pMHC	TCR/pMHC,1JCK_A_B,4N8V_G_ABC	2	6
2485	2BNR	2BNR_A	P04439	RIM	['SPR']	[-0.533]	HA151A	HA151A	[7.87e-06]	[3.2e-06]	2BNR_A_HA151A	TCR/pMHC	TCR/pMHC,1JCK_A_B,4N8V_G_ABC	2	6
2486	2BNR	2BNR_A	P04439	COR	['SPR']	[-0.737]	AA150G	AA150G	[1.11e-05]	[3.2e-06]	2BNR_A_AA150G	TCR/pMHC	TCR/pMHC,1JCK_A_B,4N8V_G_ABC	2	6
2487	2BNR	2BNR_A	P04439	RIM	['SPR']	[-0.018]	AA149G	AA149G	[3.3e-06]	[3.2e-06]	2BNR_A_AA149G	TCR/pMHC	TCR/pMHC,1JCK_A_B,4N8V_G_ABC	2	6
2488	2BNR	2BNR_A	P04439	RIM	['SPR']	[-0.624]	KA146A	KA146A	[9.18e-06]	[3.2e-06]	2BNR_A_KA146A	TCR/pMHC	TCR/pMHC,1JCK_A_B,4N8V_G_ABC	2	6
2489	1OGA	1OGA_A	P04439	INT	['SPR']	[0.018]	EA63A	EA63A	[5.14e-06]	[5.3e-06]	1OGA_A_EA63A	TCR/pMHC	TCR/pMHC,1JCK_A_B	2	4
2490	1OGA	1OGA_A	P04439	SUR	['SPR']	[-0.118]	DA61A	DA61A	[6.47e-06]	[5.3e-06]	1OGA_A_DA61A	TCR/pMHC	TCR/pMHC,1JCK_A_B	2	4
2491	1OGA	1OGA_A	P04439	SUR	['SPR']	[-0.113]	EA58A	EA58A	[6.41e-06]	[5.3e-06]	1OGA_A_EA58A	TCR/pMHC	TCR/pMHC,1JCK_A_B	2	4
2492	1OGA	1OGA_A	P04439	SUR	['SPR']	[0.024]	QA43A	QA43A	[5.09e-06]	[5.3e-06]	1OGA_A_QA43A	TCR/pMHC	TCR/pMHC,1JCK_A_B	2	4
2493	1AO7	1AO7_A	P04439	COR	['SPR']	[-0.312]	AA158G	AA158G	[1.49e-06]	[8.8e-07]	1AO7_A_AA158G	TCR/pMHC	TCR/pMHC,1JCK_A_B	2	1
2494	1AO7	1AO7_A	P04439	RIM	['SPR']	[-0.362]	EA154A	EA154A	[1.62e-06]	[8.8e-07]	1AO7_A_EA154A	TCR/pMHC	TCR/pMHC,1JCK_A_B	2	1
2495	1AO7	1AO7_A	P04439	SUP	['SPR']	[0.194]	VA152A	VA152A	[6.34e-07]	[8.8e-07]	1AO7_A_VA152A	TCR/pMHC	TCR/pMHC,1JCK_A_B	2	1
2496	1AO7	1AO7_A	P04439	RIM	['SPR']	[0.303]	HA151A	HA151A	[5.28e-07]	[8.8e-07]	1AO7_A_HA151A	TCR/pMHC	TCR/pMHC,1JCK_A_B	2	1
2497	1AO7	1AO7_A	P04439	COR	['SPR']	[-0.062]	AA150G	AA150G	[9.77e-07]	[8.8e-07]	1AO7_A_AA150G	TCR/pMHC	TCR/pMHC,1JCK_A_B	2	1
2498	1AO7	1AO7_A	P04439	RIM	['SPR']	[0.154]	AA149G	AA149G	[6.78e-07]	[8.8e-07]	1AO7_A_AA149G	TCR/pMHC	TCR/pMHC,1JCK_A_B	2	1
2499	1AO7	1AO7_A	P04439	SUR	['SPR']	[-0.462]	KA146A	KA146A	[1.92e-06]	[8.8e-07]	1AO7_A_KA146A	TCR/pMHC	TCR/pMHC,1JCK_A_B	2	1
2500	1AO7	1AO7_A	P04439	INT	['SPR']	[-0.076]	TA80A	TA80A	[1e-06]	[8.8e-07]	1AO7_A_TA80A	TCR/pMHC	TCR/pMHC,1JCK_A_B	2	1
2501	1AO7	1AO7_A	P04439	SUR	['SPR']	[-0.597]	VA76A	VA76A	[2.41e-06]	[8.8e-07]	1AO7_A_VA76A	TCR/pMHC	TCR/pMHC,1JCK_A_B	2	1
2502	1AO7	1AO7_A	P04439	SUR	['SPR']	[-0.535]	RA75A	RA75A	[2.17e-06]	[8.8e-07]	1AO7_A_RA75A	TCR/pMHC	TCR/pMHC,1JCK_A_B	2	1
2503	1AO7	1AO7_A	P04439	INT	['SPR']	[-1.604]	HA74A	HA74A	[1.32e-05]	[8.8e-07]	1AO7_A_HA74A	TCR/pMHC	TCR/pMHC,1JCK_A_B	2	1
2504	1AO7	1AO7_A	P04439	SUP	['SPR']	[-0.767]	TA73A	TA73A	[3.21e-06]	[8.8e-07]	1AO7_A_TA73A	TCR/pMHC	TCR/pMHC,1JCK_A_B	2	1
2505	1OGA	1OGA_A	P04439	COR	['SPR']	[-0.449]	AA150G	AA150G	[1.13e-05]	[5.3e-06]	1OGA_A_AA150G	TCR/pMHC	TCR/pMHC,1JCK_A_B	2	4
2506	1OGA	1OGA_A	P04439	RIM	['SPR']	[-0.123]	AA149G	AA149G	[6.52e-06]	[5.3e-06]	1OGA_A_AA149G	TCR/pMHC	TCR/pMHC,1JCK_A_B	2	4
2507	1OGA	1OGA_A	P04439	RIM	['SPR']	[-1.931]	KA146A	KA146A	[0.000138]	[5.3e-06]	1OGA_A_KA146A	TCR/pMHC	TCR/pMHC,1JCK_A_B	2	4
2508	1OGA	1OGA_A	P04439	INT	['SPR']	[-0.195]	TA80A	TA80A	[7.37e-06]	[5.3e-06]	1OGA_A_TA80A	TCR/pMHC	TCR/pMHC,1JCK_A_B	2	4
2509	1OGA	1OGA_A	P04439	RIM	['SPR']	[-0.872]	VA76A	VA76A	[2.31e-05]	[5.3e-06]	1OGA_A_VA76A	TCR/pMHC	TCR/pMHC,1JCK_A_B	2	4
2510	1OGA	1OGA_A	P04439	RIM	['SPR']	[-0.711]	RA75A	RA75A	[1.76e-05]	[5.3e-06]	1OGA_A_RA75A	TCR/pMHC	TCR/pMHC,1JCK_A_B	2	4
2511	1OGA	1OGA_A	P04439	INT	['SPR']	[-0.604]	HA74A	HA74A	[1.47e-05]	[5.3e-06]	1OGA_A_HA74A	TCR/pMHC	TCR/pMHC,1JCK_A_B	2	4
2512	1OGA	1OGA_A	P04439	SUP	['SPR']	[-0.849]	TA73A	TA73A	[2.22e-05]	[5.3e-06]	1OGA_A_TA73A	TCR/pMHC	TCR/pMHC,1JCK_A_B	2	4
2513	1OGA	1OGA_A	P04439	COR	['SPR']	[0.46]	QA72A	QA72A	[2.44e-06]	[5.3e-06]	1OGA_A_QA72A	TCR/pMHC	TCR/pMHC,1JCK_A_B	2	4
2514	1OGA	1OGA_A	P04439	INT	['SPR']	[-0.518]	HA70A	HA70A	[1.27e-05]	[5.3e-06]	1OGA_A_HA70A	TCR/pMHC	TCR/pMHC,1JCK_A_B	2	4
2515	1OGA	1OGA_A	P04439	COR	['SPR']	[-0.427]	AA69G	AA69G	[1.09e-05]	[5.3e-06]	1OGA_A_AA69G	TCR/pMHC	TCR/pMHC,1JCK_A_B	2	4
2516	1OGA	1OGA_A	P04439	RIM	['SPR']	[-0.248]	KA68A	KA68A	[8.06e-06]	[5.3e-06]	1OGA_A_KA68A	TCR/pMHC	TCR/pMHC,1JCK_A_B	2	4
2517	1OGA	1OGA_A	P04439	INT	['SPR']	[0.139]	VA67A	VA67A	[4.19e-06]	[5.3e-06]	1OGA_A_VA67A	TCR/pMHC	TCR/pMHC,1JCK_A_B	2	4
2518	1OGA	1OGA_A	P04439	SUP	['SPR']	[0.024]	KA66A	KA66A	[5.09e-06]	[5.3e-06]	1OGA_A_KA66A	TCR/pMHC	TCR/pMHC,1JCK_A_B	2	4
2519	1OGA	1OGA_A	P04439	RIM	['SPR']	[0.365]	RA65A	RA65A	[2.86e-06]	[5.3e-06]	1OGA_A_RA65A	TCR/pMHC	TCR/pMHC,1JCK_A_B	2	4
2520	1OGA	1OGA_A	P04439	INT	['SPR']	[-0.186]	TA64A	TA64A	[7.26e-06]	[5.3e-06]	1OGA_A_TA64A	TCR/pMHC	TCR/pMHC,1JCK_A_B	2	4
2521	1AO7	1AO7_D	A0A075B6T6,P01848	COR	['SPR']	[0.28]	GD28I	GD28I	[1.31e-06]	[2.1e-06]	1AO7_D_GD28I	TCR/pMHC	TCR/pMHC,1JCK_A_B	2	1
2522	1AO7	1AO7_D	A0A075B6T6,P01848	COR	['SPR']	[-0.543]	GD28A	GD28A	[5.25e-06]	[2.1e-06]	1AO7_D_GD28A	TCR/pMHC	TCR/pMHC,1JCK_A_B	2	1
2523	1AO7	1AO7_D	A0A075B6T6,P01848	RIM	['SPR']	[0.199]	RD27F	RD27F	[1.5e-06]	[2.1e-06]	1AO7_D_RD27F	TCR/pMHC	TCR/pMHC,1JCK_A_B	2	1
2524	1AO7	1AO7_D	A0A075B6T6,P01848	COR	['SPR']	[1.08]	DD26W	DD26W	[3.39e-07]	[2.1e-06]	1AO7_D_DD26W	TCR/pMHC	TCR/pMHC,1JCK_A_B	2	1
2525	1AO7	1AO7_D	A0A075B6T6,P01848	COR	['SPR']	[-1.364]	DD26V	DD26V	[2.1e-05]	[2.1e-06]	1AO7_D_DD26V	TCR/pMHC	TCR/pMHC,1JCK_A_B	2	1
2526	1AO7	1AO7_D	A0A075B6T6,P01848	COR	['SPR']	[-0.211]	DD26M	DD26M	[3e-06]	[2.1e-06]	1AO7_D_DD26M	TCR/pMHC	TCR/pMHC,1JCK_A_B	2	1
2527	4MNQ	4MNQ_C	O14746	COR	['SPR']	[-4.149]	LC6A	LC6A	[2.2e-06]	[2e-09]	4MNQ_C_LC6A	TCR/pMHC	TCR/pMHC	2	10
2528	4MNQ	4MNQ_C	O14746	COR	['SPR']	[-4.936]	KC4A	KC4A	[8.3e-06]	[2e-09]	4MNQ_C_KC4A	TCR/pMHC	TCR/pMHC	2	10
2529	2BNQ	2BNQ_C	P78358	INT	['SPR']	[-0.502]	VC9C	VC9C	[1.33e-05]	[5.7e-06]	2BNQ_C_VC9C	TCR/pMHC	TCR/pMHC,1JCK_A_B,4N8V_G_ABC	2	6
2530	2BNR	2BNR_C	P78358	INT	['SPR']	[0.502]	CC9V	CC9V	[5.7e-06]	[1.33e-05]	2BNR_C_CC9V	TCR/pMHC	TCR/pMHC,1JCK_A_B,4N8V_G_ABC	2	6
2531	1OGA	1OGA_A	P04439	RIM	['SPR']	[-0.322]	TA163A	TA163A	[9.12e-06]	[5.3e-06]	1OGA_A_TA163A	TCR/pMHC	TCR/pMHC,1JCK_A_B	2	4
2532	1OGA	1OGA_A	P04439	RIM	['SPR']	[-0.133]	AA158G	AA158G	[6.63e-06]	[5.3e-06]	1OGA_A_AA158G	TCR/pMHC	TCR/pMHC,1JCK_A_B	2	4
2533	1OGA	1OGA_A	P04439	COR	['SPR']	[-0.489]	QA155A	QA155A	[1.21e-05]	[5.3e-06]	1OGA_A_QA155A	TCR/pMHC	TCR/pMHC,1JCK_A_B	2	4
2534	1OGA	1OGA_A	P04439	RIM	['SPR']	[-0.612]	EA154A	EA154A	[1.49e-05]	[5.3e-06]	1OGA_A_EA154A	TCR/pMHC	TCR/pMHC,1JCK_A_B	2	4
2535	1OGA	1OGA_A	P04439	SUP	['SPR']	[-1.394]	VA152A	VA152A	[5.57e-05]	[5.3e-06]	1OGA_A_VA152A	TCR/pMHC	TCR/pMHC,1JCK_A_B	2	4
2536	1OGA	1OGA_A	P04439	COR	['SPR']	[0.0]	HA151A	HA151A	[5.3e-06]	[5.3e-06]	1OGA_A_HA151A	TCR/pMHC	TCR/pMHC,1JCK_A_B	2	4
2537	1AO7	1AO7_E	P01850	COR	['SPR']	[1.091]	GE101A	GE98A	[3.33e-07]	[2.1e-06]	1AO7_E_GE101A	TCR/pMHC	TCR/pMHC,1JCK_A_B	2	1
2538	1AO7	1AO7_E	P01850	RIM	['SPR']	[-0.062]	AE99K	AE96K	[2.33e-06]	[2.1e-06]	1AO7_E_AE99K	TCR/pMHC	TCR/pMHC,1JCK_A_B	2	1
2539	1AO7	1AO7_E	P01850	RIM	['SPR']	[-1.364]	IE54R	IE52R	[2.1e-05]	[2.1e-06]	1AO7_E_IE54R	TCR/pMHC	TCR/pMHC,1JCK_A_B	2	1
2540	1AO7	1AO7_D	A0A075B6T6,P01848	COR	['SPR']	[-2.318]	SD100Y	SD94Y	[0.000105]	[2.1e-06]	1AO7_D_SD100Y	TCR/pMHC	TCR/pMHC,1JCK_A_B	2	1
2541	1AO7	1AO7_D	A0A075B6T6,P01848	COR	['SPR']	[0.493]	SD100T	SD94T	[9.13e-07]	[2.1e-06]	1AO7_D_SD100T	TCR/pMHC	TCR/pMHC,1JCK_A_B	2	1
2542	1AO7	1AO7_D	A0A075B6T6,P01848	COR	['SPR']	[-1.907]	SD100N	SD94N	[5.25e-05]	[2.1e-06]	1AO7_D_SD100N	TCR/pMHC	TCR/pMHC,1JCK_A_B	2	1
2543	1AO7	1AO7_D	A0A075B6T6,P01848	COR	['SPR']	[-0.954]	KD68H	KD66H	[1.05e-05]	[2.1e-06]	1AO7_D_KD68H	TCR/pMHC	TCR/pMHC,1JCK_A_B	2	1
2544	1AO7	1AO7_D	A0A075B6T6,P01848	RIM	['SPR']	[0.378]	SD51M	SD51M	[1.11e-06]	[2.1e-06]	1AO7_D_SD51M	TCR/pMHC	TCR/pMHC,1JCK_A_B	2	1
2545	1AO7	1AO7_D	A0A075B6T6,P01848	COR	['SPR']	[-0.411]	QD30E	QD30E	[4.2e-06]	[2.1e-06]	1AO7_D_QD30E	TCR/pMHC	TCR/pMHC,1JCK_A_B	2	1
2546	1AO7	1AO7_D	A0A075B6T6,P01848	COR	['SPR']	[-0.713]	QD30N	QD30N	[7e-06]	[2.1e-06]	1AO7_D_QD30N	TCR/pMHC	TCR/pMHC,1JCK_A_B	2	1
2547	1AO7	1AO7_D	A0A075B6T6,P01848	SUP	['SPR']	[-0.303]	SD29A	SD29A	[3.5e-06]	[2.1e-06]	1AO7_D_SD29A	TCR/pMHC	TCR/pMHC,1JCK_A_B	2	1
2548	1AO7	1AO7_D	A0A075B6T6,P01848	COR	['SPR']	[-0.543]	GD28V	GD28V	[5.25e-06]	[2.1e-06]	1AO7_D_GD28V	TCR/pMHC	TCR/pMHC,1JCK_A_B	2	1
2549	1AO7	1AO7_D	A0A075B6T6,P01848	COR	['SPR']	[0.759]	GD28T	GD28T	[5.83e-07]	[2.1e-06]	1AO7_D_GD28T	TCR/pMHC	TCR/pMHC,1JCK_A_B	2	1
2550	1AO7	1AO7_D	A0A075B6T6,P01848	COR	['SPR']	[-2.318]	GD28R	GD28R	[0.000105]	[2.1e-06]	1AO7_D_GD28R	TCR/pMHC	TCR/pMHC,1JCK_A_B	2	1
2551	1AO7	1AO7_D	A0A075B6T6,P01848	COR	['SPR']	[0.519]	GD28M	GD28M	[8.75e-07]	[2.1e-06]	1AO7_D_GD28M	TCR/pMHC	TCR/pMHC,1JCK_A_B	2	1
2552	1AO7	1AO7_D	A0A075B6T6,P01848	COR	['SPR']	[0.467]	GD28L	GD28L	[9.55e-07]	[2.1e-06]	1AO7_D_GD28L	TCR/pMHC	TCR/pMHC,1JCK_A_B	2	1
2553	1YY9	1YY9_C	Not Mapped	SUR	['SPR']	[0.018]	SC54P	SC54P	[1.27e-09]	[1.31e-09]	1YY9_C_SC54P	AB/AG	AB/AG	2	6
2554	1YY9	1YY9_C	Not Mapped	RIM	['SPR']	[0.222]	SC28P	SC28P	[9e-10]	[1.31e-09]	1YY9_C_SC28P	AB/AG	AB/AG	2	6
2555	1YY9	1YY9_C	Not Mapped	SUR	['SPR']	[0.009]	SC26P	SC26P	[1.29e-09]	[1.31e-09]	1YY9_C_SC26P	AB/AG	AB/AG	2	6
2556	1YY9	1YY9_C	Not Mapped	INT	['SPR']	[-0.072]	AC25P	AC25P	[1.48e-09]	[1.31e-09]	1YY9_C_AC25P	AB/AG	AB/AG	2	6
2557	1YY9	1YY9_D	Not Mapped	COR	['SPR']	[-1.652]	YD101P	YD101P	[2.13e-08]	[1.31e-09]	1YY9_D_YD101P	AB/AG	AB/AG	2	6
2558	1YY9	1YY9_D	Not Mapped	INT	['SPR']	[-1.038]	AD98P	AD98P	[7.55e-09]	[1.31e-09]	1YY9_D_AD98P	AB/AG	AB/AG	2	6
2559	1YY9	1YY9_D	Not Mapped	COR	['SPR']	[-0.268]	GD54P	GD54P	[2.06e-09]	[1.31e-09]	1YY9_D_GD54P	AB/AG	AB/AG	2	6
2560	1YY9	1YY9_D	Not Mapped	SUP	['SPR']	[-0.818]	SD53P	SD53P	[5.21e-09]	[1.31e-09]	1YY9_D_SD53P	AB/AG	AB/AG	2	6
2561	1YY9	1YY9_D	Not Mapped	SUP	['SPR']	[-1.479]	WD52P	WD52P	[1.59e-08]	[1.31e-09]	1YY9_D_WD52P	AB/AG	AB/AG	2	6
2562	1YY9	1YY9_D	Not Mapped	INT	['SPR']	[-0.031]	LD29P	LD29P	[1.38e-09]	[1.31e-09]	1YY9_D_LD29P	AB/AG	AB/AG	2	6
2563	1AO7	1AO7_E	P01850	RIM	['SPR']	[1.942]	RE102P	RE99P	[8.3e-08]	[2.2e-06]	1AO7_E_RE102P	TCR/pMHC	TCR/pMHC,1JCK_A_B	2	1
2564	1AO7	1AO7_E	P01850	COR	['SPR']	[-0.45]	GE101P	GE98P	[4.7e-06]	[2.2e-06]	1AO7_E_GE101P	TCR/pMHC	TCR/pMHC,1JCK_A_B	2	1
2565	1AO7	1AO7_E	P01850	SUR	['SPR']	[0.326]	AE52P	AE50P	[1.27e-06]	[2.2e-06]	1AO7_E_AE52P	TCR/pMHC	TCR/pMHC,1JCK_A_B	2	1
2566	1AO7	1AO7_D	A0A075B6T6,P01848	RIM	['SPR']	[0.268]	KD103P	KD97P	[1.4e-06]	[2.2e-06]	1AO7_D_KD103P	TCR/pMHC	TCR/pMHC,1JCK_A_B	2	1
2567	1AO7	1AO7_D	A0A075B6T6,P01848	RIM	['SPR']	[-0.308]	RD27P	RD27P	[3.7e-06]	[2.2e-06]	1AO7_D_RD27P	TCR/pMHC	TCR/pMHC,1JCK_A_B	2	1
2568	1AO7	1AO7_E	P01850	RIM	['SPR']	[-0.411]	RE102Q	RE99Q	[4.2e-06]	[2.1e-06]	1AO7_E_RE102Q	TCR/pMHC	TCR/pMHC,1JCK_A_B	2	1
2569	3SZK	3SZK_C	Q8NW39	COR	['SPR']	[-2.201]	FC129A	FC44A	[6.98e-07]	[1.7e-08]	3SZK_C_FC129A		3SZK_AB_C	2	9
2570	3SZK	3SZK_C	Q8NW39	RIM	['SPR']	[-2.219]	FC128A	FC43A	[7.2e-07]	[1.7e-08]	3SZK_C_FC128A		3SZK_AB_C	2	9
2571	3SZK	3SZK_C	Q8NW39	INT	['SPR']	[-2.537]	HC127A	HC42A	[1.23e-06]	[1.7e-08]	3SZK_C_HC127A		3SZK_AB_C	2	9
2572	3SZK	3SZK_C	Q8NW39	COR	['SPR']	[-2.982]	YC126A	YC41A	[2.61e-06]	[1.7e-08]	3SZK_C_YC126A		3SZK_AB_C	2	9
2573	3SZK	3SZK_C	Q8NW39	RIM	['SPR']	[-2.905]	YC125A	YC40A	[2.29e-06]	[1.7e-08]	3SZK_C_YC125A		3SZK_AB_C	2	9
2574	3SZK	3SZK_C	Q8NW39	INT	['SPR']	[-0.767]	QC124A	QC39A	[6.2e-08]	[1.7e-08]	3SZK_C_QC124A		3SZK_AB_C	2	9
2575	3SZK	3SZK_C	Q8NW39	SUR	['SPR']	[-0.932]	TC123A	TC38A	[8.2e-08]	[1.7e-08]	3SZK_C_TC123A		3SZK_AB_C	2	9
2576	3SZK	3SZK_C	Q8NW39	SUR	['SPR']	[-0.125]	NC120A	NC35A	[2.1e-08]	[1.7e-08]	3SZK_C_NC120A		3SZK_AB_C	2	9
2577	3BX1	3BX1_C	P07596	COR	['IASP']	[-0.17]	TC89A	TC89A	[6e-09]	[4.5e-09]	3BX1_C_TC89A	Pr/PI	Pr/PI	2	7
2578	3BX1	3BX1_C	P07596	COR	['IASP']	[-2.839]	TC88V	TC88V	[5.42e-07]	[4.5e-09]	3BX1_C_TC88V	Pr/PI	Pr/PI	2	7
2579	3BX1	3BX1_C	P07596	COR	['IASP']	[-1.299]	YC87A	YC87A	[4.03e-08]	[4.5e-09]	3BX1_C_YC87A	Pr/PI	Pr/PI	2	7
2580	3BX1	3BX1_C	P07596	COR	['IASP']	[-1.782]	YC87I	YC87I	[9.11e-08]	[4.5e-09]	3BX1_C_YC87I	Pr/PI	Pr/PI	2	7
2581	3BX1	3BX1_C	P07596	SUP	['IASP']	[-1.837]	AC86T	AC86T	[1e-07]	[4.5e-09]	3BX1_C_AC86T	Pr/PI	Pr/PI	2	7
2582	3BX1	3BX1_C	P07596	SUP	['IASP']	[-0.356]	RC85G	RC85G	[8.2e-09]	[4.5e-09]	3BX1_C_RC85G	Pr/PI	Pr/PI	2	7
2583	3BX1	3BX1_C	P07596	SUP	['IASP']	[-0.411]	FC84V	FC84V	[9e-09]	[4.5e-09]	3BX1_C_FC84V	Pr/PI	Pr/PI	2	7
2584	1YY9	1YY9_C	Not Mapped	SUP	['SPR']	[-4.005]	TC96P	TC96P	[1.13e-06]	[1.31e-09]	1YY9_C_TC96P	AB/AG	AB/AG	2	6
2585	3LZF	3LZF_A	Q9WFX3	SUR	['SP']	[-0.499]	DA190E	DA187E	[5.8e-09]	[2.5e-09]	3LZF_A_DA190E	AB/AG	AB/AG	2	8
2586	4GXU	4GXU_A	Q9WFX3	RIM	['SP']	[-1.962]	DA225G	DA224G	[1.7e-07]	[6.2e-09]	4GXU_A_DA225G	AB/AG	AB/AG	2	10
2587	4GXU	4GXU_A	Q9WFX3	COR	['SP']	[-2.166]	DA190E	DA189E	[2.4e-07]	[6.2e-09]	4GXU_A_DA190E	AB/AG	AB/AG	2	10
2588	3SZK	3SZK_C	Q8NW39	SUR	['SPR']	[0.036]	KC142A	KC57A	[1.6e-08]	[1.7e-08]	3SZK_C_KC142A		3SZK_AB_C	2	9
2589	3SZK	3SZK_C	Q8NW39	SUR	['SPR']	[-0.096]	KC141A	KC56A	[2e-08]	[1.7e-08]	3SZK_C_KC141A		3SZK_AB_C	2	9
2590	3SZK	3SZK_C	Q8NW39	INT	['SPR']	[-0.204]	DC136A	DC51A	[2.4e-08]	[1.7e-08]	3SZK_C_DC136A		3SZK_AB_C	2	9
2591	3SZK	3SZK_C	Q8NW39	SUR	['SPR']	[-0.204]	DC133A	DC48A	[2.4e-08]	[1.7e-08]	3SZK_C_DC133A		3SZK_AB_C	2	9
2592	3SZK	3SZK_C	Q8NW39	INT	['SPR']	[-0.096]	VC112A	VC27A	[2e-08]	[1.7e-08]	3SZK_C_VC112A		3SZK_AB_C	2	9
2593	3SZK	3SZK_C	Q8NW39	SUR	['SPR']	[-0.696]	EC209A	EC124A	[5.5e-08]	[1.7e-08]	3SZK_C_EC209A		3SZK_AB_C	2	9
2594	3SZK	3SZK_C	Q8NW39	SUR	['SPR']	[-0.838]	EC208A	EC123A	[7e-08]	[1.7e-08]	3SZK_C_EC208A		3SZK_AB_C	2	9
2595	3SZK	3SZK_C	Q8NW39	SUR	['SPR']	[-0.375]	GC207A	GC122A	[3.2e-08]	[1.7e-08]	3SZK_C_GC207A		3SZK_AB_C	2	9
2596	3SZK	3SZK_C	Q8NW39	SUR	['SPR']	[-0.696]	DC206A	DC121A	[5.5e-08]	[1.7e-08]	3SZK_C_DC206A		3SZK_AB_C	2	9
2597	3SZK	3SZK_C	Q8NW39	RIM	['SPR']	[-0.674]	DC205A	DC120A	[5.3e-08]	[1.7e-08]	3SZK_C_DC205A		3SZK_AB_C	2	9
2598	3SZK	3SZK_C	Q8NW39	SUP	['SPR']	[-1.469]	TC155A	TC70A	[2.03e-07]	[1.7e-08]	3SZK_C_TC155A		3SZK_AB_C	2	9
2599	3SZK	3SZK_C	Q8NW39	RIM	['SPR']	[-1.514]	SC154A	SC69A	[2.19e-07]	[1.7e-08]	3SZK_C_SC154A		3SZK_AB_C	2	9
2600	3SZK	3SZK_C	Q8NW39	COR	['SPR']	[-0.204]	NC151A	NC66A	[2.4e-08]	[1.7e-08]	3SZK_C_NC151A		3SZK_AB_C	2	9
2601	1FSS	1FSS_B	P0C1Z0	RIM	['IASP']	[0.535]	NB47R	NB47R	[1.5e-10]	[3.7e-10]	1FSS_B_NB47R		1FSS_A_B,1B41_A_B,1MAH_A_F	2	3
2602	1FSS	1FSS_B	P0C1Z0	RIM	['IASP']	[-0.116]	NB47W	NB47W	[4.5e-10]	[3.7e-10]	1FSS_B_NB47W		1FSS_A_B,1B41_A_B,1MAH_A_F	2	3
2603	1FSS	1FSS_B	P0C1Z0	RIM	['IASP']	[-0.493]	NB47F	NB47F	[8.5e-10]	[3.7e-10]	1FSS_B_NB47F		1FSS_A_B,1B41_A_B,1MAH_A_F	2	3
2604	1FSS	1FSS_B	P0C1Z0	COR	['IASP']	[-1.452]	LB35W	LB35W	[4.29e-09]	[3.7e-10]	1FSS_B_LB35W		1FSS_A_B,1B41_A_B,1MAH_A_F	2	3
2605	1FSS	1FSS_B	P0C1Z0	COR	['IASP']	[-1.586]	VB34T	VB34T	[5.38e-09]	[3.7e-10]	1FSS_B_VB34T		1FSS_A_B,1B41_A_B,1MAH_A_F	2	3
2606	1FSS	1FSS_B	P0C1Z0	COR	['IASP']	[-1.395]	MB33Y	MB33Y	[3.9e-09]	[3.7e-10]	1FSS_B_MB33Y		1FSS_A_B,1B41_A_B,1MAH_A_F	2	3
2607	1FSS	1FSS_B	P0C1Z0	COR	['IASP']	[-1.573]	MB33Q	MB33Q	[5.26e-09]	[3.7e-10]	1FSS_B_MB33Q		1FSS_A_B,1B41_A_B,1MAH_A_F	2	3
2608	1FSS	1FSS_B	P0C1Z0	COR	['IASP']	[-0.963]	MB33L	MB33L	[1.88e-09]	[3.7e-10]	1FSS_B_MB33L		1FSS_A_B,1B41_A_B,1MAH_A_F	2	3
2609	1FSS	1FSS_B	P0C1Z0	COR	['IASP']	[-0.937]	MB33F	MB33F	[1.8e-09]	[3.7e-10]	1FSS_B_MB33F		1FSS_A_B,1B41_A_B,1MAH_A_F	2	3
2610	1FSS	1FSS_B	P0C1Z0	RIM	['IASP']	[0.62]	HB29K	HB29K	[1.3e-10]	[3.7e-10]	1FSS_B_HB29K		1FSS_A_B,1B41_A_B,1MAH_A_F	2	3
2611	1FSS	1FSS_B	P0C1Z0	COR	['IASP']	[-2.629]	RB27Y	RB27Y	[3.13e-08]	[3.7e-10]	1FSS_B_RB27Y		1FSS_A_B,1B41_A_B,1MAH_A_F	2	3
2612	1FSS	1FSS_B	P0C1Z0	COR	['IASP']	[-2.664]	RB27M	RB27M	[3.32e-08]	[3.7e-10]	1FSS_B_RB27M		1FSS_A_B,1B41_A_B,1MAH_A_F	2	3
2613	1FSS	1FSS_B	P0C1Z0	COR	['IASP']	[-2.436]	RB27F	RB27F	[2.26e-08]	[3.7e-10]	1FSS_B_RB27F		1FSS_A_B,1B41_A_B,1MAH_A_F	2	3
2614	1FSS	1FSS_B	P0C1Z0	COR	['IASP']	[-0.325]	AB12S	AB12S	[6.4e-10]	[3.7e-10]	1FSS_B_AB12S		1FSS_A_B,1B41_A_B,1MAH_A_F	2	3
2615	1FSS	1FSS_B	P0C1Z0	COR	['IASP']	[0.232]	TB9I	TB9I	[2.5e-10]	[3.7e-10]	1FSS_B_TB9I		1FSS_A_B,1B41_A_B,1MAH_A_F	2	3
2616	3LZF	3LZF_A	Q9WFX3	SUR	['SP']	[-0.538]	DA225G	DA222G	[6.2e-09]	[2.5e-09]	3LZF_A_DA225G	AB/AG	AB/AG	2	8
2617	1B41	1B41_B	P0C1Z0	COR	['IASP']	[-1.214]	VB34T	VB34T	[7.3e-10]	[9.4e-11]	1B41_B_VB34T		1B41_A_B,1FSS_A_B,1MAH_A_F	2	1
2618	1B41	1B41_B	P0C1Z0	COR	['IASP']	[-0.707]	MB33Y	MB33Y	[3.1e-10]	[9.4e-11]	1B41_B_MB33Y		1B41_A_B,1FSS_A_B,1MAH_A_F	2	1
2619	1B41	1B41_B	P0C1Z0	COR	['IASP']	[-1.596]	MB33Q	MB33Q	[1.39e-09]	[9.4e-11]	1B41_B_MB33Q		1B41_A_B,1FSS_A_B,1MAH_A_F	2	1
2620	1B41	1B41_B	P0C1Z0	COR	['IASP']	[-1.811]	MB33L	MB33L	[2e-09]	[9.4e-11]	1B41_B_MB33L		1B41_A_B,1FSS_A_B,1MAH_A_F	2	1
2621	1B41	1B41_B	P0C1Z0	COR	['IASP']	[-0.779]	MB33F	MB33F	[3.5e-10]	[9.4e-11]	1B41_B_MB33F		1B41_A_B,1FSS_A_B,1MAH_A_F	2	1
2622	1B41	1B41_B	P0C1Z0	RIM	['IASP']	[-0.391]	KB32R	KB32R	[1.82e-10]	[9.4e-11]	1B41_B_KB32R		1B41_A_B,1FSS_A_B,1MAH_A_F	2	1
2623	1B41	1B41_B	P0C1Z0	RIM	['IASP']	[0.409]	HB29R	HB29R	[4.71e-11]	[9.4e-11]	1B41_B_HB29R		1B41_A_B,1FSS_A_B,1MAH_A_F	2	1
2624	1B41	1B41_B	P0C1Z0	RIM	['IASP']	[0.888]	HB29K	HB29K	[2.1e-11]	[9.4e-11]	1B41_B_HB29K		1B41_A_B,1FSS_A_B,1MAH_A_F	2	1
2625	1B41	1B41_B	P0C1Z0	COR	['IASP']	[-2.397]	RB27Y	RB27Y	[5.37e-09]	[9.4e-11]	1B41_B_RB27Y		1B41_A_B,1FSS_A_B,1MAH_A_F	2	1
2626	1B41	1B41_B	P0C1Z0	COR	['IASP']	[-1.484]	RB27M	RB27M	[1.15e-09]	[9.4e-11]	1B41_B_RB27M		1B41_A_B,1FSS_A_B,1MAH_A_F	2	1
2627	1B41	1B41_B	P0C1Z0	COR	['IASP']	[-2.108]	RB27F	RB27F	[3.3e-09]	[9.4e-11]	1B41_B_RB27F		1B41_A_B,1FSS_A_B,1MAH_A_F	2	1
2628	1B41	1B41_B	P0C1Z0	COR	['IASP']	[-0.707]	AB12S	AB12S	[3.1e-10]	[9.4e-11]	1B41_B_AB12S		1B41_A_B,1FSS_A_B,1MAH_A_F	2	1
2629	1B41	1B41_B	P0C1Z0	RIM	['IASP']	[-0.625]	RB11K	RB11K	[2.7e-10]	[9.4e-11]	1B41_B_RB11K		1B41_A_B,1FSS_A_B,1MAH_A_F	2	1
2630	1B41	1B41_B	P0C1Z0	COR	['IASP']	[-3.611]	TB9N	TB9N	[4.17e-08]	[9.4e-11]	1B41_B_TB9N		1B41_A_B,1FSS_A_B,1MAH_A_F	2	1
2631	1B41	1B41_B	P0C1Z0	COR	['IASP']	[-0.025]	TB9I	TB9I	[9.8e-11]	[9.4e-11]	1B41_B_TB9I		1B41_A_B,1FSS_A_B,1MAH_A_F	2	1
2632	1B41	1B41_B	P0C1Z0	COR	['IASP']	[-1.136]	TB8V	TB8V	[6.4e-10]	[9.4e-11]	1B41_B_TB8V		1B41_A_B,1FSS_A_B,1MAH_A_F	2	1
2633	3R9A	3R9A_A	P21549	INT	['ITC']	[0.0]	VA336D	VA331D	[3.5e-06]	[3.5e-06]	3R9A_A_VA336D		3R9A_AC_B,2C0L_A_B	2	8
2634	3R9A	3R9A_A	P21549	SUP	['ITC']	[-0.482]	YA330W	YA325W	[7.9e-06]	[3.5e-06]	3R9A_A_YA330W		3R9A_AC_B,2C0L_A_B	2	8
2635	3R9A	3R9A_A	P21549	SUP	['ITC']	[-1.015]	YA330A	YA325A	[1.94e-05]	[3.5e-06]	3R9A_A_YA330A		3R9A_AC_B,2C0L_A_B	2	8
2636	3R9A	3R9A_A	P21549	RIM	['ITC']	[-0.339]	AA328W	AA323W	[6.2e-06]	[3.5e-06]	3R9A_A_AA328W		3R9A_AC_B,2C0L_A_B	2	8
2637	1N8Z	1N8Z_C	P04626	SUR	['SPR']	[-0.035]	FC555A	FC539A	[1.39e-09]	[1.31e-09]	1N8Z_C_FC555A	AB/AG	AB/AG	2	4
2638	1N8Z	1N8Z_C	P04626	SUR	['SPR']	[-0.009]	VC552A	VC536A	[1.33e-09]	[1.31e-09]	1N8Z_C_VC552A	AB/AG	AB/AG	2	4
2639	1N8Z	1N8Z_C	P04626	SUR	['SPR']	[-0.031]	SC551A	SC535A	[1.38e-09]	[1.31e-09]	1N8Z_C_SC551A	AB/AG	AB/AG	2	4
2640	1N8Z	1N8Z_C	P04626	SUR	['SPR']	[0.023]	LC525A	LC509A	[1.26e-09]	[1.31e-09]	1N8Z_C_LC525A	AB/AG	AB/AG	2	4
2641	4HRN	4HRN_D	P04626	RIM	['SPR']	[-2.461]	FD55A	FD47A	[2.1e-07]	[3.3e-09]	4HRN_D_FD55A		4HRN_A_D,3AAA_AB_C,2DVW_A_B	2	10
2642	4HRN	4HRN_D	P04626	COR	['SPR']	[-2.812]	VD52A	VD44A	[3.8e-07]	[3.3e-09]	4HRN_D_VD52A		4HRN_A_D,3AAA_AB_C,2DVW_A_B	2	10
2643	4HRN	4HRN_D	P04626	COR	['SPR']	[-0.803]	SD51A	SD43A	[1.28e-08]	[3.3e-09]	4HRN_D_SD51A		4HRN_A_D,3AAA_AB_C,2DVW_A_B	2	10
2644	4HRN	4HRN_D	P04626	COR	['SPR']	[-2.598]	LD25A	LD17A	[2.65e-07]	[3.3e-09]	4HRN_D_LD25A		4HRN_A_D,3AAA_AB_C,2DVW_A_B	2	10
2645	1B41	1B41_B	P0C1Z0	COR	['IASP']	[0.03]	NB47R	NB47R	[8.93e-11]	[9.4e-11]	1B41_B_NB47R		1B41_A_B,1FSS_A_B,1MAH_A_F	2	1
2646	1B41	1B41_B	P0C1Z0	COR	['IASP']	[-0.037]	NB47W	NB47W	[1e-10]	[9.4e-11]	1B41_B_NB47W		1B41_A_B,1FSS_A_B,1MAH_A_F	2	1
2647	1B41	1B41_B	P0C1Z0	COR	['IASP']	[0.142]	NB47F	NB47F	[7.4e-11]	[9.4e-11]	1B41_B_NB47F		1B41_A_B,1FSS_A_B,1MAH_A_F	2	1
2648	1B41	1B41_B	P0C1Z0	COR	['IASP']	[-1.305]	LB35W	LB35W	[8.5e-10]	[9.4e-11]	1B41_B_LB35W		1B41_A_B,1FSS_A_B,1MAH_A_F	2	1
2649	1XGU	1XGU_B	Not Mapped	COR	['ITC']	[-1.801]	FB33I	FB33I	[1.1e-07]	[5.26e-09]	1XGU_B_FB33I	AB/AG	AB/AG	2	6
2650	1XGU	1XGU_B	Not Mapped	COR	['ITC']	[-1.863]	FB33L	FB33L	[1.22e-07]	[5.26e-09]	1XGU_B_FB33L	AB/AG	AB/AG	2	6
2651	3Q8D	3Q8D_A	P0A7H3	SUR	['FL']	[-0.359]	RA13A	RA12A	[1.1e-07]	[6e-08]	3Q8D_A_RA13A		3Q8D_A_E	2	8
2652	3Q8D	3Q8D_A	P0A7H3	SUR	['FL']	[-0.458]	RA98A	RA97A	[1.3e-07]	[6e-08]	3Q8D_A_RA98A		3Q8D_A_E	2	8
2653	3Q8D	3Q8D_A	P0A7H3	SUP	['FL']	[-3.031]	RA132A	RA131A	[1e-05]	[6e-08]	3Q8D_A_RA132A		3Q8D_A_E	2	8
2654	3Q8D	3Q8D_A	P0A7H3	SUR	['FL']	[-1.207]	RA229E	RA228E	[4.6e-07]	[6e-08]	3Q8D_A_RA229E		3Q8D_A_E	2	8
2655	3Q8D	3Q8D_A	P0A7H3	SUR	['FL']	[-0.359]	RA229A	RA228A	[1.1e-07]	[6e-08]	3Q8D_A_RA229A		3Q8D_A_E	2	8
2656	3Q8D	3Q8D_A	P0A7H3	COR	['FL']	[-3.031]	FA228D	FA227D	[1e-05]	[6e-08]	3Q8D_A_FA228D		3Q8D_A_E	2	8
2657	3Q8D	3Q8D_A	P0A7H3	COR	['FL']	[-0.303]	FA228A	FA227A	[1e-07]	[6e-08]	3Q8D_A_FA228A		3Q8D_A_E	2	8
2658	3Q8D	3Q8D_A	P0A7H3	RIM	['FL']	[-3.031]	RA210E	RA209E	[1e-05]	[6e-08]	3Q8D_A_RA210E		3Q8D_A_E	2	8
2659	3Q8D	3Q8D_A	P0A7H3	RIM	['FL']	[-1.323]	RA210A	RA209A	[5.6e-07]	[6e-08]	3Q8D_A_RA210A		3Q8D_A_E	2	8
2660	3Q8D	3Q8D_A	P0A7H3	SUR	['FL']	[-1.384]	RA203E	RA202E	[6.2e-07]	[6e-08]	3Q8D_A_RA203E		3Q8D_A_E	2	8
2661	3Q8D	3Q8D_A	P0A7H3	SUR	['FL']	[-0.458]	RA203A	RA202A	[1.3e-07]	[6e-08]	3Q8D_A_RA203A		3Q8D_A_E	2	8
2662	3G6D	3G6D_H	Not Mapped	COR	['SPR']	[1.497]	WH105A	WH105A	[1.47e-12]	[1.84e-11]	3G6D_H_WH105A	AB/AG	AB/AG,3LB6_A_C	2	8
2663	3G6D	3G6D_H	Not Mapped	COR	['SPR']	[0.954]	HH104A	HH104A	[3.68e-12]	[1.84e-11]	3G6D_H_HH104A	AB/AG	AB/AG,3LB6_A_C	2	8
2664	3R9A	3R9A_A	P21549	INT	['ITC']	[-0.049]	GA170R	GA165R	[3.8e-06]	[3.5e-06]	3R9A_A_GA170R		3R9A_AC_B,2C0L_A_B	2	8
2665	1XGT	1XGT_B	Not Mapped	SUP	['ITC']	[0.061]	LB33I	LB33I	[1.1e-07]	[1.22e-07]	1XGT_B_LB33I	AB/AG	AB/AG	2	6
2666	1XGT	1XGT_B	Not Mapped	SUP	['ITC']	[1.863]	LB33F	LB33F	[5.26e-09]	[1.22e-07]	1XGT_B_LB33F	AB/AG	AB/AG	2	6
2667	1XGR	1XGR_B	Not Mapped	SUP	['ITC']	[-2.261]	IB33A	IB33A	[5e-06]	[1.1e-07]	1XGR_B_IB33A	AB/AG	AB/AG	2	6
2668	1XGR	1XGR_B	Not Mapped	SUP	['ITC']	[-1.108]	IB33V	IB33V	[7.14e-07]	[1.1e-07]	1XGR_B_IB33V	AB/AG	AB/AG	2	6
2669	1XGR	1XGR_B	Not Mapped	SUP	['ITC']	[-0.061]	IB33L	IB33L	[1.22e-07]	[1.1e-07]	1XGR_B_IB33L	AB/AG	AB/AG	2	6
2670	1XGR	1XGR_B	Not Mapped	SUP	['ITC']	[1.801]	IB33F	IB33F	[5.26e-09]	[1.1e-07]	1XGR_B_IB33F	AB/AG	AB/AG	2	6
2671	1XGQ	1XGQ_B	Not Mapped	SUP	['ITC']	[-1.153]	VB33A	VB33A	[5e-06]	[7.14e-07]	1XGQ_B_VB33A	AB/AG	AB/AG	2	6
2672	1XGQ	1XGQ_B	Not Mapped	SUP	['ITC']	[1.108]	VB33I	VB33I	[1.1e-07]	[7.14e-07]	1XGQ_B_VB33I	AB/AG	AB/AG	2	6
2673	1XGQ	1XGQ_B	Not Mapped	SUP	['ITC']	[1.047]	VB33L	VB33L	[1.22e-07]	[7.14e-07]	1XGQ_B_VB33L	AB/AG	AB/AG	2	6
2674	1XGQ	1XGQ_B	Not Mapped	SUP	['ITC']	[2.909]	VB33F	VB33F	[5.26e-09]	[7.14e-07]	1XGQ_B_VB33F	AB/AG	AB/AG	2	6
2675	1XGP	1XGP_B	Not Mapped	SUP	['ITC']	[1.153]	AB33V	AB33V	[7.14e-07]	[5e-06]	1XGP_B_AB33V	AB/AG	AB/AG	2	6
2676	1XGP	1XGP_B	Not Mapped	SUP	['ITC']	[2.261]	AB33I	AB33I	[1.1e-07]	[5e-06]	1XGP_B_AB33I	AB/AG	AB/AG	2	6
2677	1XGP	1XGP_B	Not Mapped	SUP	['ITC']	[2.2]	AB33L	AB33L	[1.22e-07]	[5e-06]	1XGP_B_AB33L	AB/AG	AB/AG	2	6
2678	1XGP	1XGP_B	Not Mapped	SUP	['ITC']	[4.062]	AB33F	AB33F	[5.26e-09]	[5e-06]	1XGP_B_AB33F	AB/AG	AB/AG	2	6
2679	1XGU	1XGU_B	Not Mapped	COR	['ITC']	[-4.062]	FB33A	FB33A	[5e-06]	[5.26e-09]	1XGU_B_FB33A	AB/AG	AB/AG	2	6
2680	1XGU	1XGU_B	Not Mapped	COR	['ITC']	[-2.909]	FB33V	FB33V	[7.14e-07]	[5.26e-09]	1XGU_B_FB33V	AB/AG	AB/AG	2	6
2681	3BT1	3BT1_U	Q03405	INT	['SPR']	[-0.037]	MU4A	MU4A	[4.9e-10]	[4.6e-10]	3BT1_U_MU4A		3BT1_A_U	2	7
2682	3BT1	3BT1_U	Q03405	SUR	['SPR']	[-0.095]	RU2A	RU2A	[5.4e-10]	[4.6e-10]	3BT1_U_RU2A		3BT1_A_U	2	7
2683	3BT1	3BT1_U	Q03405	SUR	['SPR']	[-0.342]	LU1A	LU1A	[8.2e-10]	[4.6e-10]	3BT1_U_LU1A		3BT1_A_U	2	7
2684	3AAA	3AAA_C	P58546	RIM	['SPR']	[-4.093]	EC78R	EC77R	[2.1e-05]	[2.1e-08]	3AAA_C_EC78R		3AAA_AB_C,4HRN_A_D,2DVW_A_B	2	7
2685	3AAA	3AAA_C	P58546	RIM	['SPR']	[-1.966]	EC78A	EC77A	[5.8e-07]	[2.1e-08]	3AAA_C_EC78A		3AAA_AB_C,4HRN_A_D,2DVW_A_B	2	7
2686	3AAA	3AAA_C	P58546	COR	['SPR']	[-5.125]	DC44A	DC43A	[0.00012]	[2.1e-08]	3AAA_C_DC44A		3AAA_AB_C,4HRN_A_D,2DVW_A_B	2	7
2687	3AAA	3AAA_C	P58546	COR	['SPR']	[-3.389]	WC8A	WC7A	[6.4e-06]	[2.1e-08]	3AAA_C_WC8A		3AAA_AB_C,4HRN_A_D,2DVW_A_B	2	7
2688	3AAA	3AAA_A	P13127	RIM	['SPR']	[-3.564]	RA266E	RA258E	[8.6e-06]	[2.1e-08]	3AAA_A_RA266E		3AAA_AB_C,4HRN_A_D,2DVW_A_B	2	7
2689	3AAA	3AAA_A	P13127	RIM	['SPR']	[-2.246]	RA266A	RA258A	[9.3e-07]	[2.1e-08]	3AAA_A_RA266A		3AAA_AB_C,4HRN_A_D,2DVW_A_B	2	7
2690	3AAA	3AAA_A	P13127	SUP	['SPR']	[-4.001]	RA260E	RA252E	[1.8e-05]	[2.1e-08]	3AAA_A_RA260E		3AAA_AB_C,4HRN_A_D,2DVW_A_B	2	7
2691	3AAA	3AAA_A	P13127	SUP	['SPR']	[-3.048]	RA260A	RA252A	[3.6e-06]	[2.1e-08]	3AAA_A_RA260A		3AAA_AB_C,4HRN_A_D,2DVW_A_B	2	7
2692	3AAA	3AAA_A	P13127	COR	['SPR']	[-3.45]	KA256E	KA248E	[7.1e-06]	[2.1e-08]	3AAA_A_KA256E		3AAA_AB_C,4HRN_A_D,2DVW_A_B	2	7
2693	3AAA	3AAA_A	P13127	COR	['SPR']	[-2.488]	KA256A	KA248A	[1.4e-06]	[2.1e-08]	3AAA_A_KA256A		3AAA_AB_C,4HRN_A_D,2DVW_A_B	2	7
2694	3RF3	3RF3_C	P18010	COR	['SPR']	[-1.729]	AC495K	AC8K	[1e-09]	[5.4e-11]	3RF3_C_AC495K		3RF3_A_C	2	8
2695	1XGT	1XGT_B	Not Mapped	SUP	['ITC']	[-2.2]	LB33A	LB33A	[5e-06]	[1.22e-07]	1XGT_B_LB33A	AB/AG	AB/AG	2	6
2696	1XGT	1XGT_B	Not Mapped	SUP	['ITC']	[-1.047]	LB33V	LB33V	[7.14e-07]	[1.22e-07]	1XGT_B_LB33V	AB/AG	AB/AG	2	6
2697	3BT1	3BT1_U	Q03405	INT	['SPR']	[-0.46]	LU23A	LU23A	[1e-09]	[4.6e-10]	3BT1_U_LU23A		3BT1_A_U	2	7
2698	3BT1	3BT1_U	Q03405	SUR	['SPR']	[-0.232]	DU22A	DU22A	[6.8e-10]	[4.6e-10]	3BT1_U_DU22A		3BT1_A_U	2	7
2699	3BT1	3BT1_U	Q03405	SUR	['SPR']	[-0.313]	QU21A	QU21A	[7.8e-10]	[4.6e-10]	3BT1_U_QU21A		3BT1_A_U	2	7
2700	3BT1	3BT1_U	Q03405	SUR	['SPR']	[0.0]	GU20A	GU20A	[4.6e-10]	[4.6e-10]	3BT1_U_GU20A		3BT1_A_U	2	7
2701	3BT1	3BT1_U	Q03405	SUR	['SPR']	[-0.177]	LU19A	LU19A	[6.2e-10]	[4.6e-10]	3BT1_U_LU19A		3BT1_A_U	2	7
2702	3BT1	3BT1_U	Q03405	SUR	['SPR']	[-0.073]	AU18S	AU18S	[5.2e-10]	[4.6e-10]	3BT1_U_AU18S		3BT1_A_U	2	7
2703	3BT1	3BT1_U	Q03405	SUR	['SPR']	[-0.084]	EU16A	EU16A	[5.3e-10]	[4.6e-10]	3BT1_U_EU16A		3BT1_A_U	2	7
2704	3BT1	3BT1_U	Q03405	INT	['SPR']	[-0.117]	EU15A	EU15A	[5.6e-10]	[4.6e-10]	3BT1_U_EU15A		3BT1_A_U	2	7
2705	3BT1	3BT1_U	Q03405	SUR	['SPR']	[-0.282]	VU14A	VU14A	[7.4e-10]	[4.6e-10]	3BT1_U_VU14A		3BT1_A_U	2	7
2706	3BT1	3BT1_U	Q03405	SUR	['SPR']	[-0.274]	RU13A	RU13A	[7.3e-10]	[4.6e-10]	3BT1_U_RU13A		3BT1_A_U	2	7
2707	3BT1	3BT1_U	Q03405	RIM	['SPR']	[0.026]	DU11A	DU11A	[4.4e-10]	[4.6e-10]	3BT1_U_DU11A		3BT1_A_U	2	7
2708	3BT1	3BT1_U	Q03405	RIM	['SPR']	[-0.265]	GU10A	GU10A	[7.2e-10]	[4.6e-10]	3BT1_U_GU10A		3BT1_A_U	2	7
2709	3BT1	3BT1_U	Q03405	RIM	['SPR']	[-0.305]	NU9A	NU9A	[7.7e-10]	[4.6e-10]	3BT1_U_NU9A		3BT1_A_U	2	7
2710	3BT1	3BT1_U	Q03405	COR	['SPR']	[-0.177]	TU8A	TU8A	[6.2e-10]	[4.6e-10]	3BT1_U_TU8A		3BT1_A_U	2	7
2711	3BT1	3BT1_U	Q03405	SUR	['SPR']	[-0.274]	KU7A	KU7A	[7.3e-10]	[4.6e-10]	3BT1_U_KU7A		3BT1_A_U	2	7
2712	3BT1	3BT1_U	Q03405	SUR	['SPR']	[-0.061]	QU5A	QU5A	[5.1e-10]	[4.6e-10]	3BT1_U_QU5A		3BT1_A_U	2	7
2713	3BT1	3BT1_U	Q03405	COR	['SPR']	[-0.871]	LU40A	LU40A	[2e-09]	[4.6e-10]	3BT1_U_LU40A		3BT1_A_U	2	7
2714	3BT1	3BT1_U	Q03405	RIM	['SPR']	[-0.157]	EU39A	EU39A	[6e-10]	[4.6e-10]	3BT1_U_EU39A		3BT1_A_U	2	7
2715	3BT1	3BT1_U	Q03405	RIM	['SPR']	[-0.522]	LU38A	LU38A	[1.11e-09]	[4.6e-10]	3BT1_U_LU38A		3BT1_A_U	2	7
2716	3BT1	3BT1_U	Q03405	SUR	['SPR']	[-0.049]	EU37A	EU37A	[5e-10]	[4.6e-10]	3BT1_U_EU37A		3BT1_A_U	2	7
2717	3BT1	3BT1_U	Q03405	RIM	['SPR']	[-0.095]	EU36A	EU36A	[5.4e-10]	[4.6e-10]	3BT1_U_EU36A		3BT1_A_U	2	7
2718	3BT1	3BT1_U	Q03405	SUR	['SPR']	[-0.32]	GU35A	GU35A	[7.9e-10]	[4.6e-10]	3BT1_U_GU35A		3BT1_A_U	2	7
2719	3BT1	3BT1_U	Q03405	SUR	['SPR']	[-0.342]	EU34A	EU34A	[8.2e-10]	[4.6e-10]	3BT1_U_EU34A		3BT1_A_U	2	7
2720	3BT1	3BT1_U	Q03405	RIM	['SPR']	[-0.378]	EU33A	EU33A	[8.7e-10]	[4.6e-10]	3BT1_U_EU33A		3BT1_A_U	2	7
2721	3BT1	3BT1_U	Q03405	SUR	['SPR']	[0.013]	WU32A	WU32A	[4.5e-10]	[4.6e-10]	3BT1_U_WU32A		3BT1_A_U	2	7
2722	3BT1	3BT1_U	Q03405	COR	['SPR']	[-0.313]	LU31A	LU31A	[7.8e-10]	[4.6e-10]	3BT1_U_LU31A		3BT1_A_U	2	7
2723	3BT1	3BT1_U	Q03405	SUR	['SPR']	[-0.46]	RU30A	RU30A	[1e-09]	[4.6e-10]	3BT1_U_RU30A		3BT1_A_U	2	7
2724	3BT1	3BT1_U	Q03405	SUP	['SPR']	[-0.716]	VU29A	VU29A	[1.54e-09]	[4.6e-10]	3BT1_U_VU29A		3BT1_A_U	2	7
2725	3BT1	3BT1_U	Q03405	INT	['SPR']	[-0.073]	IU28A	IU28A	[5.2e-10]	[4.6e-10]	3BT1_U_IU28A		3BT1_A_U	2	7
2726	3BT1	3BT1_U	Q03405	SUP	['SPR']	[-0.911]	TU27A	TU27A	[2.14e-09]	[4.6e-10]	3BT1_U_TU27A		3BT1_A_U	2	7
2727	3BT1	3BT1_U	Q03405	INT	['SPR']	[-0.186]	TU26A	TU26A	[6.3e-10]	[4.6e-10]	3BT1_U_TU26A		3BT1_A_U	2	7
2728	3BT1	3BT1_U	Q03405	SUP	['SPR']	[-1.017]	RU25A	RU25A	[2.56e-09]	[4.6e-10]	3BT1_U_RU25A		3BT1_A_U	2	7
2729	3BT1	3BT1_U	Q03405	SUP	['SPR']	[-1.201]	YU57A	YU57A	[3.49e-09]	[4.6e-10]	3BT1_U_YU57A		3BT1_A_U	2	7
2730	3BT1	3BT1_U	Q03405	INT	['SPR']	[-0.049]	SU56A	SU56A	[5e-10]	[4.6e-10]	3BT1_U_SU56A		3BT1_A_U	2	7
2731	3BT1	3BT1_U	Q03405	SUP	['SPR']	[-1.111]	LU55A	LU55A	[3e-09]	[4.6e-10]	3BT1_U_LU55A		3BT1_A_U	2	7
2732	3BT1	3BT1_U	Q03405	SUP	['SPR']	[-0.391]	TU54A	TU54A	[8.9e-10]	[4.6e-10]	3BT1_U_TU54A		3BT1_A_U	2	7
2733	3BT1	3BT1_U	Q03405	SUP	['SPR']	[-0.888]	RU53A	RU53A	[2.06e-09]	[4.6e-10]	3BT1_U_RU53A		3BT1_A_U	2	7
2734	3BT1	3BT1_U	Q03405	SUR	['SPR']	[-0.633]	NU52Q	NU52Q	[1.34e-09]	[4.6e-10]	3BT1_U_NU52Q		3BT1_A_U	2	7
2735	3BT1	3BT1_U	Q03405	SUR	['SPR']	[-0.712]	TU51A	TU51A	[1.53e-09]	[4.6e-10]	3BT1_U_TU51A		3BT1_A_U	2	7
2736	3BT1	3BT1_U	Q03405	SUP	['SPR']	[-0.642]	KU50A	KU50A	[1.36e-09]	[4.6e-10]	3BT1_U_KU50A		3BT1_A_U	2	7
2737	3BT1	3BT1_U	Q03405	SUR	['SPR']	[0.026]	EU49A	EU49A	[4.4e-10]	[4.6e-10]	3BT1_U_EU49A		3BT1_A_U	2	7
2738	3BT1	3BT1_U	Q03405	SUR	['SPR']	[-0.404]	SU48A	SU48A	[9.1e-10]	[4.6e-10]	3BT1_U_SU48A		3BT1_A_U	2	7
2739	3BT1	3BT1_U	Q03405	INT	['SPR']	[-0.391]	HU47A	HU47A	[8.9e-10]	[4.6e-10]	3BT1_U_HU47A		3BT1_A_U	2	7
2740	3BT1	3BT1_U	Q03405	SUP	['SPR']	[-0.46]	TU46A	TU46A	[1e-09]	[4.6e-10]	3BT1_U_TU46A		3BT1_A_U	2	7
2741	3BT1	3BT1_U	Q03405	INT	['SPR']	[-0.223]	SU44A	SU44A	[6.7e-10]	[4.6e-10]	3BT1_U_SU44A		3BT1_A_U	2	7
2742	3BT1	3BT1_U	Q03405	INT	['SPR']	[-0.223]	KU43A	KU43A	[6.7e-10]	[4.6e-10]	3BT1_U_KU43A		3BT1_A_U	2	7
2743	3BT1	3BT1_U	Q03405	RIM	['SPR']	[0.197]	EU42A	EU42A	[3.3e-10]	[4.6e-10]	3BT1_U_EU42A		3BT1_A_U	2	7
2744	3BT1	3BT1_U	Q03405	COR	['SPR']	[-0.489]	VU41A	VU41A	[1.05e-09]	[4.6e-10]	3BT1_U_VU41A		3BT1_A_U	2	7
2745	3BT1	3BT1_U	Q03405	SUR	['SPR']	[-0.305]	DU74A	DU74A	[7.7e-10]	[4.6e-10]	3BT1_U_DU74A		3BT1_A_U	2	7
2746	3BT1	3BT1_U	Q03405	SUR	['SPR']	[-0.232]	LU73A	LU73A	[6.8e-10]	[4.6e-10]	3BT1_U_LU73A		3BT1_A_U	2	7
2747	3BT1	3BT1_U	Q03405	SUR	['SPR']	[-0.24]	GU72A	GU72A	[6.9e-10]	[4.6e-10]	3BT1_U_GU72A		3BT1_A_U	2	7
2748	3BT1	3BT1_U	Q03405	INT	['SPR']	[-0.147]	VU70A	VU70A	[5.9e-10]	[4.6e-10]	3BT1_U_VU70A		3BT1_A_U	2	7
2749	3BT1	3BT1_U	Q03405	SUR	['SPR']	[-0.223]	VU69A	VU69A	[6.7e-10]	[4.6e-10]	3BT1_U_VU69A		3BT1_A_U	2	7
2750	3BT1	3BT1_U	Q03405	SUP	['SPR']	[-0.049]	EU68A	EU68A	[5e-10]	[4.6e-10]	3BT1_U_EU68A		3BT1_A_U	2	7
2751	3BT1	3BT1_U	Q03405	RIM	['SPR']	[-0.186]	TU67A	TU67A	[6.3e-10]	[4.6e-10]	3BT1_U_TU67A		3BT1_A_U	2	7
2752	3BT1	3BT1_U	Q03405	COR	['SPR']	[-1.377]	LU66A	LU66A	[4.7e-09]	[4.6e-10]	3BT1_U_LU66A		3BT1_A_U	2	7
2753	3BT1	3BT1_U	Q03405	INT	['SPR']	[-0.313]	SU65A	SU65A	[7.8e-10]	[4.6e-10]	3BT1_U_SU65A		3BT1_A_U	2	7
2754	3BT1	3BT1_U	Q03405	SUP	['SPR']	[-0.659]	TU64A	TU64A	[1.4e-09]	[4.6e-10]	3BT1_U_TU64A		3BT1_A_U	2	7
2755	3BT1	3BT1_U	Q03405	INT	['SPR']	[-0.117]	IU63A	IU63A	[5.6e-10]	[4.6e-10]	3BT1_U_IU63A		3BT1_A_U	2	7
2756	3BT1	3BT1_U	Q03405	RIM	['SPR']	[-0.417]	KU62A	KU62A	[9.3e-10]	[4.6e-10]	3BT1_U_KU62A		3BT1_A_U	2	7
2757	3BT1	3BT1_U	Q03405	RIM	['SPR']	[0.129]	LU61A	LU61A	[3.7e-10]	[4.6e-10]	3BT1_U_LU61A		3BT1_A_U	2	7
2758	3BT1	3BT1_U	Q03405	SUR	['SPR']	[-0.297]	GU60A	GU60A	[7.6e-10]	[4.6e-10]	3BT1_U_GU60A		3BT1_A_U	2	7
2759	3BT1	3BT1_U	Q03405	SUP	['SPR']	[-0.553]	TU59A	TU59A	[1.17e-09]	[4.6e-10]	3BT1_U_TU59A		3BT1_A_U	2	7
2760	3BT1	3BT1_U	Q03405	INT	['SPR']	[0.068]	RU58A	RU58A	[4.1e-10]	[4.6e-10]	3BT1_U_RU58A		3BT1_A_U	2	7
2761	3BT1	3BT1_U	Q03405	SUR	['SPR']	[-0.205]	EU94A	EU92A	[6.5e-10]	[4.6e-10]	3BT1_U_EU94A		3BT1_A_U	2	7
2762	3BT1	3BT1_U	Q03405	INT	['SPR']	[0.162]	LU93A	LU91A	[3.5e-10]	[4.6e-10]	3BT1_U_LU93A		3BT1_A_U	2	7
2763	3BT1	3BT1_U	Q03405	SUR	['SPR']	[-0.177]	YU92A	YU90A	[6.2e-10]	[4.6e-10]	3BT1_U_YU92A		3BT1_A_U	2	7
2764	3BT1	3BT1_U	Q03405	SUR	['SPR']	[-0.282]	RU91A	RU89A	[7.4e-10]	[4.6e-10]	3BT1_U_RU91A		3BT1_A_U	2	7
2765	3BT1	3BT1_U	Q03405	SUR	['SPR']	[-0.196]	SU90A	SU88A	[6.4e-10]	[4.6e-10]	3BT1_U_SU90A		3BT1_A_U	2	7
2766	3BT1	3BT1_U	Q03405	SUR	['SPR']	[-0.24]	RU89A	RU87A	[6.9e-10]	[4.6e-10]	3BT1_U_RU89A		3BT1_A_U	2	7
2767	3BT1	3BT1_U	Q03405	SUR	['SPR']	[-0.24]	SU88A	SU86A	[6.9e-10]	[4.6e-10]	3BT1_U_SU88A		3BT1_A_U	2	7
2768	3BT1	3BT1_U	Q03405	SUR	['SPR']	[-0.249]	YU87A	YU85A	[7e-10]	[4.6e-10]	3BT1_U_YU87A		3BT1_A_U	2	7
2769	3BT1	3BT1_U	Q03405	SUR	['SPR']	[0.083]	TU86A	TU84A	[4e-10]	[4.6e-10]	3BT1_U_TU86A		3BT1_A_U	2	7
2770	3BT1	3BT1_U	Q03405	SUR	['SPR']	[-0.282]	VU85A	VU83A	[7.4e-10]	[4.6e-10]	3BT1_U_VU85A		3BT1_A_U	2	7
2771	3BT1	3BT1_U	Q03405	SUR	['SPR']	[-0.095]	GU82A	GU82A	[5.4e-10]	[4.6e-10]	3BT1_U_GU82A		3BT1_A_U	2	7
2772	3BT1	3BT1_U	Q03405	SUR	['SPR']	[-0.257]	SU81A	SU81A	[7.1e-10]	[4.6e-10]	3BT1_U_SU81A		3BT1_A_U	2	7
2773	3BT1	3BT1_U	Q03405	SUR	['SPR']	[-0.205]	NU80A	NU80A	[6.5e-10]	[4.6e-10]	3BT1_U_NU80A		3BT1_A_U	2	7
2774	3BT1	3BT1_U	Q03405	SUR	['SPR']	[-0.223]	GU79A	GU79A	[6.7e-10]	[4.6e-10]	3BT1_U_GU79A		3BT1_A_U	2	7
2775	3BT1	3BT1_U	Q03405	SUR	['SPR']	[-0.24]	QU78A	QU78A	[6.9e-10]	[4.6e-10]	3BT1_U_QU78A		3BT1_A_U	2	7
2776	3BT1	3BT1_U	Q03405	SUR	['SPR']	[-0.517]	LU75A	LU75A	[1.1e-09]	[4.6e-10]	3BT1_U_LU75A		3BT1_A_U	2	7
2777	3BT1	3BT1_U	Q03405	SUR	['SPR']	[0.129]	QU114A	QU112A	[3.7e-10]	[4.6e-10]	3BT1_U_QU114A		3BT1_A_U	2	7
2778	3BT1	3BT1_U	Q03405	INT	['SPR']	[-1.465]	LU113A	LU111A	[5.45e-09]	[4.6e-10]	3BT1_U_LU113A		3BT1_A_U	2	7
2779	3BT1	3BT1_U	Q03405	SUR	['SPR']	[-0.249]	SU112A	SU110A	[7e-10]	[4.6e-10]	3BT1_U_SU112A		3BT1_A_U	2	7
2780	3BT1	3BT1_U	Q03405	SUR	['SPR']	[-0.084]	QU111A	QU109A	[5.3e-10]	[4.6e-10]	3BT1_U_QU111A		3BT1_A_U	2	7
2781	3BT1	3BT1_U	Q03405	SUR	['SPR']	[-0.417]	HU110A	HU108A	[9.3e-10]	[4.6e-10]	3BT1_U_HU110A		3BT1_A_U	2	7
2782	3BT1	3BT1_U	Q03405	SUR	['SPR']	[-0.265]	RU109A	RU107A	[7.2e-10]	[4.6e-10]	3BT1_U_RU109A		3BT1_A_U	2	7
2783	3BT1	3BT1_U	Q03405	SUR	['SPR']	[-0.404]	RU107A	RU105A	[9.1e-10]	[4.6e-10]	3BT1_U_RU107A		3BT1_A_U	2	7
2784	3BT1	3BT1_U	Q03405	SUR	['SPR']	[-0.815]	EU106A	EU104A	[1.82e-09]	[4.6e-10]	3BT1_U_EU106A		3BT1_A_U	2	7
2785	3BT1	3BT1_U	Q03405	INT	['SPR']	[-0.611]	SU104A	SU102A	[1.29e-09]	[4.6e-10]	3BT1_U_SU104A		3BT1_A_U	2	7
2786	3BT1	3BT1_U	Q03405	SUR	['SPR']	[-0.411]	MU103A	MU101A	[9.2e-10]	[4.6e-10]	3BT1_U_MU103A		3BT1_A_U	2	7
2787	3BT1	3BT1_U	Q03405	SUR	['SPR']	[-1.692]	DU102A	DU100A	[8e-09]	[4.6e-10]	3BT1_U_DU102A		3BT1_A_U	2	7
2788	3BT1	3BT1_U	Q03405	RIM	['SPR']	[-0.297]	SU101A	SU99A	[7.6e-10]	[4.6e-10]	3BT1_U_SU101A		3BT1_A_U	2	7
2789	3BT1	3BT1_U	Q03405	INT	['SPR']	[-1.157]	SU100A	SU98A	[3.24e-09]	[4.6e-10]	3BT1_U_SU100A		3BT1_A_U	2	7
2790	3BT1	3BT1_U	Q03405	INT	['SPR']	[0.664]	GU99A	GU97A	[1.5e-10]	[4.6e-10]	3BT1_U_GU99A		3BT1_A_U	2	7
2791	3BT1	3BT1_U	Q03405	INT	['SPR']	[-0.871]	SU97A	SU95A	[2e-09]	[4.6e-10]	3BT1_U_SU97A		3BT1_A_U	2	7
2792	3BT1	3BT1_U	Q03405	INT	['SPR']	[-0.186]	IU96A	IU94A	[6.3e-10]	[4.6e-10]	3BT1_U_IU96A		3BT1_A_U	2	7
2793	3BT1	3BT1_U	Q03405	SUR	['SPR']	[-0.037]	EU132A	EU130A	[4.9e-10]	[4.6e-10]	3BT1_U_EU132A		3BT1_A_U	2	7
2794	3BT1	3BT1_U	Q03405	SUR	['SPR']	[0.098]	QU131A	QU129A	[3.9e-10]	[4.6e-10]	3BT1_U_QU131A		3BT1_A_U	2	7
2795	3BT1	3BT1_U	Q03405	SUR	['SPR']	[0.316]	IU130A	IU128A	[2.7e-10]	[4.6e-10]	3BT1_U_IU130A		3BT1_A_U	2	7
2796	3BT1	3BT1_U	Q03405	INT	['SPR']	[0.437]	WU129A	WU127A	[2.2e-10]	[4.6e-10]	3BT1_U_WU129A		3BT1_A_U	2	7
2797	3BT1	3BT1_U	Q03405	INT	['SPR']	[-0.391]	HU128A	HU126A	[8.9e-10]	[4.6e-10]	3BT1_U_HU128A		3BT1_A_U	2	7
2798	3BT1	3BT1_U	Q03405	SUP	['SPR']	[-1.003]	TU127A	TU125A	[2.5e-09]	[4.6e-10]	3BT1_U_TU127A		3BT1_A_U	2	7
2799	3BT1	3BT1_U	Q03405	SUP	['SPR']	[-0.746]	VU126A	VU124A	[1.62e-09]	[4.6e-10]	3BT1_U_VU126A		3BT1_A_U	2	7
2800	3BT1	3BT1_U	Q03405	SUP	['SPR']	[-0.788]	VU125A	VU123A	[1.74e-09]	[4.6e-10]	3BT1_U_VU125A		3BT1_A_U	2	7
2801	3BT1	3BT1_U	Q03405	INT	['SPR']	[-0.788]	DU124A	DU122A	[1.74e-09]	[4.6e-10]	3BT1_U_DU124A		3BT1_A_U	2	7
2802	3BT1	3BT1_U	Q03405	INT	['SPR']	[-0.46]	LU123A	LU121A	[1e-09]	[4.6e-10]	3BT1_U_LU123A		3BT1_A_U	2	7
2803	3BT1	3BT1_U	Q03405	INT	['SPR']	[0.068]	QU121A	QU119A	[4.1e-10]	[4.6e-10]	3BT1_U_QU121A		3BT1_A_U	2	7
2804	3BT1	3BT1_U	Q03405	INT	['SPR']	[0.0]	EU120A	EU118A	[4.6e-10]	[4.6e-10]	3BT1_U_EU120A		3BT1_A_U	2	7
2805	3BT1	3BT1_U	Q03405	SUR	['SPR']	[0.294]	EU119A	EU117A	[2.8e-10]	[4.6e-10]	3BT1_U_EU119A		3BT1_A_U	2	7
2806	3BT1	3BT1_U	Q03405	SUR	['SPR']	[0.253]	PU118A	PU116A	[3e-10]	[4.6e-10]	3BT1_U_PU118A		3BT1_A_U	2	7
2807	3BT1	3BT1_U	Q03405	INT	['SPR']	[-0.013]	SU117A	SU115A	[4.7e-10]	[4.6e-10]	3BT1_U_SU117A		3BT1_A_U	2	7
2808	3BT1	3BT1_U	Q03405	SUR	['SPR']	[-0.214]	RU116A	RU114A	[6.6e-10]	[4.6e-10]	3BT1_U_RU116A		3BT1_A_U	2	7
2809	3BT1	3BT1_U	Q03405	SUR	['SPR']	[0.04]	SU156A	SU154A	[4.3e-10]	[4.6e-10]	3BT1_U_SU156A		3BT1_A_U	2	7
2810	3BT1	3BT1_U	Q03405	SUR	['SPR']	[-0.46]	PU154A	PU152A	[1e-09]	[4.6e-10]	3BT1_U_PU154A		3BT1_A_U	2	7
2811	3BT1	3BT1_U	Q03405	SUR	['SPR']	[-0.517]	GU152A	GU150A	[1.1e-09]	[4.6e-10]	3BT1_U_GU152A		3BT1_A_U	2	7
2812	3BT1	3BT1_U	Q03405	SUP	['SPR']	[-0.597]	PU151A	PU149A	[1.26e-09]	[4.6e-10]	3BT1_U_PU151A		3BT1_A_U	2	7
2813	3BT1	3BT1_U	Q03405	SUP	['SPR']	[-1.662]	LU150A	LU148A	[7.61e-09]	[4.6e-10]	3BT1_U_LU150A		3BT1_A_U	2	7
2814	3BT1	3BT1_U	Q03405	SUR	['SPR']	[0.113]	YU149A	YU147A	[3.8e-10]	[4.6e-10]	3BT1_U_YU149A		3BT1_A_U	2	7
2815	3BT1	3BT1_U	Q03405	INT	['SPR']	[-1.44]	GU148A	GU146A	[5.23e-09]	[4.6e-10]	3BT1_U_GU148A		3BT1_A_U	2	7
2816	3BT1	3BT1_U	Q03405	INT	['SPR']	[-1.251]	GU146A	GU144A	[3.8e-09]	[4.6e-10]	3BT1_U_GU146A		3BT1_A_U	2	7
2817	3BT1	3BT1_U	Q03405	SUP	['SPR']	[-0.724]	LU144A	LU142A	[1.56e-09]	[4.6e-10]	3BT1_U_LU144A		3BT1_A_U	2	7
2818	3BT1	3BT1_U	Q03405	SUP	['SPR']	[-1.049]	DU141A	DU139A	[2.7e-09]	[4.6e-10]	3BT1_U_DU141A		3BT1_A_U	2	7
2819	3BT1	3BT1_U	Q03405	COR	['SPR']	[-1.296]	DU140A	DU138A	[4.1e-09]	[4.6e-10]	3BT1_U_DU140A		3BT1_A_U	2	7
2820	3BT1	3BT1_U	Q03405	RIM	['SPR']	[-0.335]	PU138A	PU136A	[8.1e-10]	[4.6e-10]	3BT1_U_PU138A		3BT1_A_U	2	7
2821	3BT1	3BT1_U	Q03405	SUR	['SPR']	[0.083]	GU136A	GU134A	[4e-10]	[4.6e-10]	3BT1_U_GU136A		3BT1_A_U	2	7
2822	3BT1	3BT1_U	Q03405	RIM	['SPR']	[0.145]	EU135A	EU133A	[3.6e-10]	[4.6e-10]	3BT1_U_EU135A		3BT1_A_U	2	7
2823	3BT1	3BT1_U	Q03405	RIM	['SPR']	[0.162]	EU134A	EU132A	[3.5e-10]	[4.6e-10]	3BT1_U_EU134A		3BT1_A_U	2	7
2824	3BT1	3BT1_U	Q03405	SUR	['SPR']	[0.215]	GU133A	GU131A	[3.2e-10]	[4.6e-10]	3BT1_U_GU133A		3BT1_A_U	2	7
2825	3BT1	3BT1_U	Q03405	SUR	['SPR']	[-0.411]	TU174A	TU172A	[9.2e-10]	[4.6e-10]	3BT1_U_TU174A		3BT1_A_U	2	7
2826	3BT1	3BT1_U	Q03405	SUR	['SPR']	[-0.274]	TU173A	TU171A	[7.3e-10]	[4.6e-10]	3BT1_U_TU173A		3BT1_A_U	2	7
2827	3BT1	3BT1_U	Q03405	SUR	['SPR']	[-0.177]	NU172Q	NU170Q	[6.2e-10]	[4.6e-10]	3BT1_U_NU172Q		3BT1_A_U	2	7
2828	3BT1	3BT1_U	Q03405	SUR	['SPR']	[-0.282]	KU169A	KU167A	[7.4e-10]	[4.6e-10]	3BT1_U_KU169A		3BT1_A_U	2	7
2829	3BT1	3BT1_U	Q03405	SUP	['SPR']	[-0.746]	LU168A	LU166A	[1.62e-09]	[4.6e-10]	3BT1_U_LU168A		3BT1_A_U	2	7
2830	3BT1	3BT1_U	Q03405	SUP	['SPR']	[-0.127]	FU167A	FU165A	[5.7e-10]	[4.6e-10]	3BT1_U_FU167A		3BT1_A_U	2	7
2831	3BT1	3BT1_U	Q03405	SUP	['SPR']	[-1.028]	HU166A	HU164A	[2.61e-09]	[4.6e-10]	3BT1_U_HU166A		3BT1_A_U	2	7
2832	3BT1	3BT1_U	Q03405	INT	['SPR']	[-1.064]	FU165A	FU163A	[2.77e-09]	[4.6e-10]	3BT1_U_FU165A		3BT1_A_U	2	7
2833	3BT1	3BT1_U	Q03405	INT	['SPR']	[0.083]	TU164A	TU162A	[4e-10]	[4.6e-10]	3BT1_U_TU164A		3BT1_A_U	2	7
2834	3BT1	3BT1_U	Q03405	INT	['SPR']	[0.098]	DU163A	DU161A	[3.9e-10]	[4.6e-10]	3BT1_U_DU163A		3BT1_A_U	2	7
2835	3BT1	3BT1_U	Q03405	SUR	['SPR']	[-0.391]	NU162Q	NU160Q	[8.9e-10]	[4.6e-10]	3BT1_U_NU162Q		3BT1_A_U	2	7
2836	3BT1	3BT1_U	Q03405	INT	['SPR']	[-0.371]	NU161A	NU159A	[8.6e-10]	[4.6e-10]	3BT1_U_NU161A		3BT1_A_U	2	7
2837	3BT1	3BT1_U	Q03405	INT	['SPR']	[-0.205]	HU160A	HU158A	[6.5e-10]	[4.6e-10]	3BT1_U_HU160A		3BT1_A_U	2	7
2838	3BT1	3BT1_U	Q03405	INT	['SPR']	[-0.7]	FU159A	FU157A	[1.5e-09]	[4.6e-10]	3BT1_U_FU159A		3BT1_A_U	2	7
2839	3BT1	3BT1_U	Q03405	INT	['SPR']	[0.234]	GU158A	GU156A	[3.1e-10]	[4.6e-10]	3BT1_U_GU158A		3BT1_A_U	2	7
2840	3BT1	3BT1_U	Q03405	SUP	['SPR']	[-0.602]	NU157A	NU155A	[1.27e-09]	[4.6e-10]	3BT1_U_NU157A		3BT1_A_U	2	7
2841	3BT1	3BT1_U	Q03405	SUR	['SPR']	[-0.32]	RU192A	RU190A	[7.9e-10]	[4.6e-10]	3BT1_U_RU192A		3BT1_A_U	2	7
2842	3BT1	3BT1_U	Q03405	SUR	['SPR']	[0.098]	GU191A	GU189A	[3.9e-10]	[4.6e-10]	3BT1_U_GU191A		3BT1_A_U	2	7
2843	3BT1	3BT1_U	Q03405	SUR	['SPR']	[0.234]	NU190A	NU188A	[3.1e-10]	[4.6e-10]	3BT1_U_NU190A		3BT1_A_U	2	7
2844	3BT1	3BT1_U	Q03405	SUR	['SPR']	[0.179]	QU189A	QU187A	[3.4e-10]	[4.6e-10]	3BT1_U_QU189A		3BT1_A_U	2	7
2845	3BT1	3BT1_U	Q03405	SUR	['SPR']	[0.013]	PU188A	PU186A	[4.5e-10]	[4.6e-10]	3BT1_U_PU188A		3BT1_A_U	2	7
2846	3BT1	3BT1_U	Q03405	INT	['SPR']	[-0.205]	LU187A	LU185A	[6.5e-10]	[4.6e-10]	3BT1_U_LU187A		3BT1_A_U	2	7
2847	3BT1	3BT1_U	Q03405	SUR	['SPR']	[-0.328]	NU186A	NU184A	[8e-10]	[4.6e-10]	3BT1_U_NU186A		3BT1_A_U	2	7
2848	3BT1	3BT1_U	Q03405	SUR	['SPR']	[-0.391]	EU185A	EU183A	[8.9e-10]	[4.6e-10]	3BT1_U_EU185A		3BT1_A_U	2	7
2849	3BT1	3BT1_U	Q03405	INT	['SPR']	[-0.731]	LU184A	LU182A	[1.58e-09]	[4.6e-10]	3BT1_U_LU184A		3BT1_A_U	2	7
2850	3BT1	3BT1_U	Q03405	SUR	['SPR']	[-0.46]	EU183A	EU181A	[1e-09]	[4.6e-10]	3BT1_U_EU183A		3BT1_A_U	2	7
2851	3BT1	3BT1_U	Q03405	SUR	['SPR']	[-0.672]	LU182A	LU180A	[1.43e-09]	[4.6e-10]	3BT1_U_LU182A		3BT1_A_U	2	7
2852	3BT1	3BT1_U	Q03405	INT	['SPR']	[-0.364]	IU181A	IU179A	[8.5e-10]	[4.6e-10]	3BT1_U_IU181A		3BT1_A_U	2	7
2853	3BT1	3BT1_U	Q03405	SUR	['SPR']	[0.273]	PU180A	PU178A	[2.9e-10]	[4.6e-10]	3BT1_U_PU180A		3BT1_A_U	2	7
2854	3BT1	3BT1_U	Q03405	SUR	['SPR']	[-0.328]	GU179A	GU177A	[8e-10]	[4.6e-10]	3BT1_U_GU179A		3BT1_A_U	2	7
2855	3BT1	3BT1_U	Q03405	SUR	['SPR']	[-0.025]	EU178A	EU176A	[4.8e-10]	[4.6e-10]	3BT1_U_EU178A		3BT1_A_U	2	7
2856	3BT1	3BT1_U	Q03405	SUR	['SPR']	[-0.692]	KU175A	KU173A	[1.48e-09]	[4.6e-10]	3BT1_U_KU175A		3BT1_A_U	2	7
2857	3BT1	3BT1_U	Q03405	SUR	['SPR']	[-0.196]	FU211A	FU209A	[6.4e-10]	[4.6e-10]	3BT1_U_FU211A		3BT1_A_U	2	7
2858	3BT1	3BT1_U	Q03405	INT	['SPR']	[-0.232]	TU210A	TU208A	[6.8e-10]	[4.6e-10]	3BT1_U_TU210A		3BT1_A_U	2	7
2859	3BT1	3BT1_U	Q03405	SUR	['SPR']	[0.253]	EU209A	EU207A	[3e-10]	[4.6e-10]	3BT1_U_EU209A		3BT1_A_U	2	7
2860	3BT1	3BT1_U	Q03405	SUR	['SPR']	[0.113]	EU208A	EU206A	[3.8e-10]	[4.6e-10]	3BT1_U_EU208A		3BT1_A_U	2	7
2861	3BT1	3BT1_U	Q03405	SUR	['SPR']	[0.215]	SU207A	SU205A	[3.2e-10]	[4.6e-10]	3BT1_U_SU207A		3BT1_A_U	2	7
2862	3BT1	3BT1_U	Q03405	INT	['SPR']	[0.215]	SU206A	SU204A	[3.2e-10]	[4.6e-10]	3BT1_U_SU206A		3BT1_A_U	2	7
2863	3BT1	3BT1_U	Q03405	SUR	['SPR']	[0.411]	GU204A	GU202A	[2.3e-10]	[4.6e-10]	3BT1_U_GU204A		3BT1_A_U	2	7
2864	3BT1	3BT1_U	Q03405	SUR	['SPR']	[-0.013]	HU203A	HU201A	[4.7e-10]	[4.6e-10]	3BT1_U_HU203A		3BT1_A_U	2	7
2865	3BT1	3BT1_U	Q03405	SUR	['SPR']	[0.234]	TU202A	TU200A	[3.1e-10]	[4.6e-10]	3BT1_U_TU202A		3BT1_A_U	2	7
2866	3BT1	3BT1_U	Q03405	SUR	['SPR']	[0.129]	SU201A	SU199A	[3.7e-10]	[4.6e-10]	3BT1_U_SU201A		3BT1_A_U	2	7
2867	3BT1	3BT1_U	Q03405	SUR	['SPR']	[-0.013]	NU200Q	NU198Q	[4.7e-10]	[4.6e-10]	3BT1_U_NU200Q		3BT1_A_U	2	7
2868	3BT1	3BT1_U	Q03405	INT	['SPR']	[-0.025]	GU199A	GU197A	[4.8e-10]	[4.6e-10]	3BT1_U_GU199A		3BT1_A_U	2	7
2869	3BT1	3BT1_U	Q03405	SUR	['SPR']	[-0.249]	KU198A	KU196A	[7e-10]	[4.6e-10]	3BT1_U_KU198A		3BT1_A_U	2	7
2870	3BT1	3BT1_U	Q03405	INT	['SPR']	[0.273]	SU196A	SU194A	[2.9e-10]	[4.6e-10]	3BT1_U_SU196A		3BT1_A_U	2	7
2871	3BT1	3BT1_U	Q03405	INT	['SPR']	[0.068]	YU195A	YU193A	[4.1e-10]	[4.6e-10]	3BT1_U_YU195A		3BT1_A_U	2	7
2872	3BT1	3BT1_U	Q03405	SUR	['SPR']	[0.197]	QU193A	QU191A	[3.3e-10]	[4.6e-10]	3BT1_U_QU193A		3BT1_A_U	2	7
2873	3BT1	3BT1_U	Q03405	INT	['SPR']	[-0.265]	HU229A	HU227A	[7.2e-10]	[4.6e-10]	3BT1_U_HU229A		3BT1_A_U	2	7
2874	3BT1	3BT1_U	Q03405	INT	['SPR']	[0.026]	TU228A	TU226A	[4.4e-10]	[4.6e-10]	3BT1_U_TU228A		3BT1_A_U	2	7
2875	3BT1	3BT1_U	Q03405	INT	['SPR']	[-0.712]	GU227A	GU225A	[1.53e-09]	[4.6e-10]	3BT1_U_GU227A		3BT1_A_U	2	7
2876	3BT1	3BT1_U	Q03405	SUR	['SPR']	[0.215]	TU226A	TU224A	[3.2e-10]	[4.6e-10]	3BT1_U_TU226A		3BT1_A_U	2	7
2877	3BT1	3BT1_U	Q03405	INT	['SPR']	[0.234]	AU225S	AU223S	[3.1e-10]	[4.6e-10]	3BT1_U_AU225S		3BT1_A_U	2	7
2878	3BT1	3BT1_U	Q03405	INT	['SPR']	[0.493]	VU224A	VU222A	[2e-10]	[4.6e-10]	3BT1_U_VU224A		3BT1_A_U	2	7
2879	3BT1	3BT1_U	Q03405	INT	['SPR']	[-0.265]	LU223A	LU221A	[7.2e-10]	[4.6e-10]	3BT1_U_LU223A		3BT1_A_U	2	7
2880	3BT1	3BT1_U	Q03405	INT	['SPR']	[0.068]	QU221A	QU219A	[4.1e-10]	[4.6e-10]	3BT1_U_QU221A		3BT1_A_U	2	7
2881	3BT1	3BT1_U	Q03405	SUR	['SPR']	[0.179]	NU220A	NU218A	[3.4e-10]	[4.6e-10]	3BT1_U_NU220A		3BT1_A_U	2	7
2882	3BT1	3BT1_U	Q03405	INT	['SPR']	[-1.028]	MU219A	MU217A	[2.61e-09]	[4.6e-10]	3BT1_U_MU219A		3BT1_A_U	2	7
2883	3BT1	3BT1_U	Q03405	SUR	['SPR']	[0.113]	PU218A	PU216A	[3.8e-10]	[4.6e-10]	3BT1_U_PU218A		3BT1_A_U	2	7
2884	3BT1	3BT1_U	Q03405	INT	['SPR']	[0.098]	GU217A	GU215A	[3.9e-10]	[4.6e-10]	3BT1_U_GU217A		3BT1_A_U	2	7
2885	3BT1	3BT1_U	Q03405	INT	['SPR']	[0.026]	RU216A	RU214A	[4.4e-10]	[4.6e-10]	3BT1_U_RU216A		3BT1_A_U	2	7
2886	3BT1	3BT1_U	Q03405	SUR	['SPR']	[0.068]	DU214A	DU212A	[4.1e-10]	[4.6e-10]	3BT1_U_DU214A		3BT1_A_U	2	7
2887	3BT1	3BT1_U	Q03405	INT	['SPR']	[-0.147]	IU213A	IU211A	[5.9e-10]	[4.6e-10]	3BT1_U_IU213A		3BT1_A_U	2	7
2888	3BT1	3BT1_U	Q03405	SUR	['SPR']	[0.524]	LU212A	LU210A	[1.9e-10]	[4.6e-10]	3BT1_U_LU212A		3BT1_A_U	2	7
2889	3BT1	3BT1_U	Q03405	INT	['SPR']	[-0.127]	MU246A	MU244A	[5.7e-10]	[4.6e-10]	3BT1_U_MU246A		3BT1_A_U	2	7
2890	3BT1	3BT1_U	Q03405	SUR	['SPR']	[0.068]	SU245A	SU243A	[4.1e-10]	[4.6e-10]	3BT1_U_SU245A		3BT1_A_U	2	7
2891	3BT1	3BT1_U	Q03405	SUR	['SPR']	[0.316]	AU244S	AU242S	[2.7e-10]	[4.6e-10]	3BT1_U_AU244S		3BT1_A_U	2	7
2892	3BT1	3BT1_U	Q03405	INT	['SPR']	[-0.35]	TU243A	TU241A	[8.3e-10]	[4.6e-10]	3BT1_U_TU243A		3BT1_A_U	2	7
2893	3BT1	3BT1_U	Q03405	INT	['SPR']	[0.179]	AU242S	AU240S	[3.4e-10]	[4.6e-10]	3BT1_U_AU242S		3BT1_A_U	2	7
2894	3BT1	3BT1_U	Q03405	INT	['SPR']	[0.083]	GU240A	GU238A	[4e-10]	[4.6e-10]	3BT1_U_GU240A		3BT1_A_U	2	7
2895	3BT1	3BT1_U	Q03405	INT	['SPR']	[-0.196]	RU239A	RU237A	[6.4e-10]	[4.6e-10]	3BT1_U_RU239A		3BT1_A_U	2	7
2896	3BT1	3BT1_U	Q03405	INT	['SPR']	[-0.157]	VU238A	VU236A	[6e-10]	[4.6e-10]	3BT1_U_VU238A		3BT1_A_U	2	7
2897	3BT1	3BT1_U	Q03405	INT	['SPR']	[-0.049]	MU237A	MU235A	[5e-10]	[4.6e-10]	3BT1_U_MU237A		3BT1_A_U	2	7
2898	3BT1	3BT1_U	Q03405	INT	['SPR']	[-0.186]	YU236A	YU234A	[6.3e-10]	[4.6e-10]	3BT1_U_YU236A		3BT1_A_U	2	7
2899	3BT1	3BT1_U	Q03405	SUR	['SPR']	[0.179]	SU235A	SU233A	[3.4e-10]	[4.6e-10]	3BT1_U_SU235A		3BT1_A_U	2	7
2900	3BT1	3BT1_U	Q03405	SUR	['SPR']	[-0.095]	QU234A	QU232A	[5.4e-10]	[4.6e-10]	3BT1_U_QU234A		3BT1_A_U	2	7
2901	3BT1	3BT1_U	Q03405	SUR	['SPR']	[-0.335]	NU233A	NU231A	[8.1e-10]	[4.6e-10]	3BT1_U_NU233A		3BT1_A_U	2	7
2902	3BT1	3BT1_U	Q03405	SUR	['SPR']	[-0.265]	KU232A	KU230A	[7.2e-10]	[4.6e-10]	3BT1_U_KU232A		3BT1_A_U	2	7
2903	3BT1	3BT1_U	Q03405	SUR	['SPR']	[-0.049]	PU231A	PU229A	[5e-10]	[4.6e-10]	3BT1_U_PU231A		3BT1_A_U	2	7
2904	3BT1	3BT1_U	Q03405	RIM	['SPR']	[-0.177]	EU230A	EU228A	[6.2e-10]	[4.6e-10]	3BT1_U_EU230A		3BT1_A_U	2	7
2905	3BT1	3BT1_U	Q03405	INT	['SPR']	[-0.24]	VU263A	VU261A	[6.9e-10]	[4.6e-10]	3BT1_U_VU263A		3BT1_A_U	2	7
2906	3BT1	3BT1_U	Q03405	SUR	['SPR']	[-0.106]	DU262A	DU260A	[5.5e-10]	[4.6e-10]	3BT1_U_DU262A		3BT1_A_U	2	7
2907	3BT1	3BT1_U	Q03405	INT	['SPR']	[-0.137]	IU261A	IU259A	[5.8e-10]	[4.6e-10]	3BT1_U_IU261A		3BT1_A_U	2	7
2908	3BT1	3BT1_U	Q03405	SUR	['SPR']	[-0.049]	HU260A	HU258A	[5e-10]	[4.6e-10]	3BT1_U_HU260A		3BT1_A_U	2	7
2909	3BT1	3BT1_U	Q03405	INT	['SPR']	[0.234]	NU259A	NU257A	[3.1e-10]	[4.6e-10]	3BT1_U_NU259A		3BT1_A_U	2	7
2910	3BT1	3BT1_U	Q03405	INT	['SPR']	[-0.739]	MU258A	MU256A	[1.6e-09]	[4.6e-10]	3BT1_U_MU258A		3BT1_A_U	2	7
2911	3BT1	3BT1_U	Q03405	RIM	['SPR']	[-0.214]	SU257A	SU255A	[6.6e-10]	[4.6e-10]	3BT1_U_SU257A		3BT1_A_U	2	7
2912	3BT1	3BT1_U	Q03405	INT	['SPR']	[-0.894]	FU256A	FU254A	[2.08e-09]	[4.6e-10]	3BT1_U_FU256A		3BT1_A_U	2	7
2913	3BT1	3BT1_U	Q03405	COR	['SPR']	[-0.205]	AU255S	AU253S	[6.5e-10]	[4.6e-10]	3BT1_U_AU255S		3BT1_A_U	2	7
2914	3BT1	3BT1_U	Q03405	COR	['SPR']	[-0.061]	DU254A	DU252A	[5.1e-10]	[4.6e-10]	3BT1_U_DU254A		3BT1_A_U	2	7
2915	3BT1	3BT1_U	Q03405	INT	['SPR']	[-0.177]	GU253A	GU251A	[6.2e-10]	[4.6e-10]	3BT1_U_GU253A		3BT1_A_U	2	7
2916	3BT1	3BT1_U	Q03405	INT	['SPR']	[-0.417]	LU252A	LU250A	[9.3e-10]	[4.6e-10]	3BT1_U_LU252A		3BT1_A_U	2	7
2917	3BT1	3BT1_U	Q03405	SUP	['SPR']	[-0.282]	HU251A	HU249A	[7.4e-10]	[4.6e-10]	3BT1_U_HU251A		3BT1_A_U	2	7
2918	3BT1	3BT1_U	Q03405	SUR	['SPR']	[-0.127]	AU250S	AU248S	[5.7e-10]	[4.6e-10]	3BT1_U_AU250S		3BT1_A_U	2	7
2919	3BT1	3BT1_U	Q03405	SUR	['SPR']	[-0.049]	HU249A	HU247A	[5e-10]	[4.6e-10]	3BT1_U_HU249A		3BT1_A_U	2	7
2920	3BT1	3BT1_U	Q03405	SUR	['SPR']	[-0.46]	QU248A	QU246A	[1e-09]	[4.6e-10]	3BT1_U_QU248A		3BT1_A_U	2	7
2921	4K71	4K71_B	P55899	RIM	['ELISA']	[-0.644]	HB161A	HB157A	[8.9e-09]	[3e-09]	4K71_B_HB161A		4K71_A_BC	2	10
2922	4K71	4K71_A	P02768	SUP	['ELISA']	[-1.01]	HA464F	HA462F	[1.65e-08]	[3e-09]	4K71_A_HA464F		4K71_A_BC	2	10
2923	4K71	4K71_A	P02768	SUP	['ELISA']	[-1.052]	HA464A	HA462A	[1.77e-08]	[3e-09]	4K71_A_HA464A		4K71_A_BC	2	10
2924	4K71	4K71_A	P02768	COR	['ELISA']	[-0.742]	GA505E	GA503E	[1.05e-08]	[3e-09]	4K71_A_GA505E		4K71_A_BC	2	10
2925	3LB6	3LB6_A	P35225	COR	['SPR']	[-5.117]	FA107A	FA103A	[8.91e-11]	[1.58e-14]	3LB6_A_FA107A		3LB6_A_C,3G6D_LH_A,3L5X_A_HL	2	8
2926	3LB6	3LB6_A	P35225	RIM	['SPR']	[-2.545]	KA105A	KA101A	[1.16e-12]	[1.58e-14]	3LB6_A_KA105A		3LB6_A_C,3G6D_LH_A,3L5X_A_HL	2	8
2927	3LB6	3LB6_A	P35225	COR	['SPR']	[-5.814]	KA104A	KA100A	[2.89e-10]	[1.58e-14]	3LB6_A_KA104A		3LB6_A_C,3G6D_LH_A,3L5X_A_HL	2	8
2928	3LB6	3LB6_A	P35225	SUP	['SPR']	[-3.723]	IA14A	IA10A	[8.47e-12]	[1.58e-14]	3LB6_A_IA14A		3LB6_A_C,3G6D_LH_A,3L5X_A_HL	2	8
2929	3BT1	3BT1_U	Q03405	SUR	['SPR']	[-0.049]	DU275A	DU273A	[5e-10]	[4.6e-10]	3BT1_U_DU275A		3BT1_A_U	2	7
2930	3BT1	3BT1_U	Q03405	SUR	['SPR']	[0.013]	PU274A	PU272A	[4.5e-10]	[4.6e-10]	3BT1_U_PU274A		3BT1_A_U	2	7
2931	3BT1	3BT1_U	Q03405	INT	['SPR']	[-0.147]	HU273A	HU271A	[5.9e-10]	[4.6e-10]	3BT1_U_HU273A		3BT1_A_U	2	7
2932	3BT1	3BT1_U	Q03405	INT	['SPR']	[0.294]	GU270A	GU268A	[2.8e-10]	[4.6e-10]	3BT1_U_GU270A		3BT1_A_U	2	7
2933	3BT1	3BT1_U	Q03405	SUR	['SPR']	[0.145]	SU269A	SU267A	[3.6e-10]	[4.6e-10]	3BT1_U_SU269A		3BT1_A_U	2	7
2934	3BT1	3BT1_U	Q03405	SUR	['SPR']	[-0.095]	KU268A	KU266A	[5.4e-10]	[4.6e-10]	3BT1_U_KU268A		3BT1_A_U	2	7
2935	3BT1	3BT1_U	Q03405	SUR	['SPR']	[-0.061]	TU267A	TU265A	[5.1e-10]	[4.6e-10]	3BT1_U_TU267A		3BT1_A_U	2	7
2936	3BT1	3BT1_U	Q03405	SUR	['SPR']	[0.068]	SU264A	SU262A	[4.1e-10]	[4.6e-10]	3BT1_U_SU264A		3BT1_A_U	2	7
2937	1AHW	1AHW_C	P13726	COR	['IASP']	[-3.807]	YC156A	YC145A	[2.1e-06]	[3.4e-09]	1AHW_C_YC156A	AB/AG	AB/AG	2	1
2938	2HLE	2HLE_A	P54760	SUP	['ITC']	[-2.287]	LA95R	LA87R	[1.9e-06]	[4e-08]	2HLE_A_LA95R		2HLE_A_B,4L0P_A_B	1	6
2939	2HLE	2HLE_A	P54760	COR	['ITC']	[0.411]	KA149Q	KA141Q	[2e-08]	[4e-08]	2HLE_A_KA149Q		2HLE_A_B,4L0P_A_B	1	6
2940	3N85	3N85_H	Not Mapped	SUP	['SPR']	[0.134]	SH32A	SH32A	[6.3e-10]	[7.9e-10]	3N85_H_SH32A	AB/AG	AB/AG,3MZW_A_B	2	8
2941	3N85	3N85_H	Not Mapped	SUP	['SPR']	[-0.057]	SH32Y	SH32Y	[8.7e-10]	[7.9e-10]	3N85_H_SH32Y	AB/AG	AB/AG,3MZW_A_B	2	8
2942	3N85	3N85_H	Not Mapped	RIM	['SPR']	[0.554]	WH30R	WH30R	[3.1e-10]	[7.9e-10]	3N85_H_WH30R	AB/AG	AB/AG,3MZW_A_B	2	8
2943	3N85	3N85_H	Not Mapped	RIM	['SPR']	[0.785]	WH30K	WH30K	[2.1e-10]	[7.9e-10]	3N85_H_WH30K	AB/AG	AB/AG,3MZW_A_B	2	8
2944	3N85	3N85_L	Not Mapped	COR	['SPR']	[0.039]	WL94Y	WL94Y	[7.4e-10]	[7.9e-10]	3N85_L_WL94Y	AB/AG	AB/AG,3MZW_A_B	2	8
2945	3N85	3N85_L	Not Mapped	SUP	['SPR']	[-0.14]	WL91F	WL91F	[1e-09]	[7.9e-10]	3N85_L_WL91F	AB/AG	AB/AG,3MZW_A_B	2	8
2946	3UII	3UII_A	O15392	RIM	['ITC']	[-0.046]	KA62A	KA58A	[1.08e-05]	[1e-05]	3UII_A_KA62A		3UII_A_P,3UIG_A_P,3UIH_A_P	2	9
2947	3UIG	3UIG_A	O15392	COR	['ITC']	[-1.793]	EA76A	EA72A	[9.9e-05]	[4.8e-06]	3UIG_A_EA76A		3UIG_A_P,3UII_A_P,3UIH_A_P	2	9
2948	3UIG	3UIG_A	O15392	SUP	['ITC']	[-2.039]	DA71A	DA67A	[0.00015]	[4.8e-06]	3UIG_A_DA71A		3UIG_A_P,3UII_A_P,3UIH_A_P	2	9
2949	3UIG	3UIG_A	O15392	COR	['ITC']	[-1.759]	EA65A	EA61A	[9.34e-05]	[4.8e-06]	3UIG_A_EA65A		3UIG_A_P,3UII_A_P,3UIH_A_P	2	9
2950	3UIG	3UIG_A	O15392	COR	['ITC']	[-0.447]	KA62A	KA58A	[1.02e-05]	[4.8e-06]	3UIG_A_KA62A		3UIG_A_P,3UII_A_P,3UIH_A_P	2	9
2951	3UIG	3UIG_A	O15392	COR	['ITC']	[-0.647]	EA51A	EA47A	[1.43e-05]	[4.8e-06]	3UIG_A_EA51A		3UIG_A_P,3UII_A_P,3UIH_A_P	2	9
2952	4K71	4K71_B	P55899	RIM	['ELISA']	[-0.185]	HB161F	HB157F	[4.1e-09]	[3e-09]	4K71_B_HB161F		4K71_A_BC	2	10
2953	4CVW	4CVW_A	O48541,O48541	COR	['SPR']	[-3.048]	DA730R	DA720R	[7.2e-09]	[4.2e-11]	4CVW_A_DA730R		4CVW_A_C	2	9
2954	4CVW	4CVW_A	O48541,O48541	COR	['SPR']	[-1.221]	DA730W	DA720W	[3.3e-10]	[4.2e-11]	4CVW_A_DA730W		4CVW_A_C	2	9
2955	4N8V	4N8V_G	P43631	SUP	['SPR']	[-0.12]	YG134A	YG124A	[2.72e-05]	[2.22e-05]	4N8V_G_YG134A		4N8V_G_ABC,2P5E_ABC_DE,2PYE_ABC_DE,2BNR_ABC_DE,2BNQ_ABC_DE,5E9D_AB_CDE,1MI5_ABC_DE	2	10
2956	4N8V	4N8V_G	P43631	COR	['SPR']	[-0.516]	YG45F	YG39F	[5.3e-05]	[2.22e-05]	4N8V_G_YG45F		4N8V_G_ABC,2P5E_ABC_DE,2PYE_ABC_DE,2BNR_ABC_DE,2BNQ_ABC_DE,5E9D_AB_CDE,1MI5_ABC_DE	2	10
2957	4N8V	4N8V_G	P43631	RIM	['SPR']	[-0.588]	KG44A	KG38A	[5.99e-05]	[2.22e-05]	4N8V_G_KG44A		4N8V_G_ABC,2P5E_ABC_DE,2PYE_ABC_DE,2BNR_ABC_DE,2BNQ_ABC_DE,5E9D_AB_CDE,1MI5_ABC_DE	2	10
2958	4N8V	4N8V_G	P43631	INT	['SPR']	[0.217]	PG16A	PG10A	[1.54e-05]	[2.22e-05]	4N8V_G_PG16A		4N8V_G_ABC,2P5E_ABC_DE,2PYE_ABC_DE,2BNR_ABC_DE,2BNQ_ABC_DE,5E9D_AB_CDE,1MI5_ABC_DE	2	10
2959	3N85	3N85_H	Not Mapped	SUP	['SPR']	[0.785]	SH52Y	SH52Y	[2.1e-10]	[7.9e-10]	3N85_H_SH52Y	AB/AG	AB/AG,3MZW_A_B	2	8
2960	3N85	3N85_H	Not Mapped	INT	['SPR']	[-0.488]	SH50G	SH50G	[1.8e-09]	[7.9e-10]	3N85_H_SH50G	AB/AG	AB/AG,3MZW_A_B	2	8
2961	1AHW	1AHW_C	P13726	RIM	['IASP']	[-1.079]	NC199A	NC188A	[2.1e-08]	[3.4e-09]	1AHW_C_NC199A	AB/AG	AB/AG	1	1
2962	1AHW	1AHW_C	P13726	RIM	['IASP']	[0.314]	VC198A	VC187A	[2e-09]	[3.4e-09]	1AHW_C_VC198A	AB/AG	AB/AG	1	1
2963	1AHW	1AHW_C	P13726	RIM	['IASP']	[-1.346]	TC197A	TC186A	[3.3e-08]	[3.4e-09]	1AHW_C_TC197A	AB/AG	AB/AG	1	1
2964	1AHW	1AHW_C	P13726	RIM	['IASP']	[0.485]	DC178A	DC167A	[1.5e-09]	[3.4e-09]	1AHW_C_DC178A	AB/AG	AB/AG	1	1
2965	1AHW	1AHW_C	P13726	RIM	['IASP']	[-0.987]	LC176A	LC165A	[1.8e-08]	[3.4e-09]	1AHW_C_LC176A	AB/AG	AB/AG	1	1
2966	1AHW	1AHW_C	P13726	SUP	['IASP']	[-1.106]	TC170A	TC159A	[2.2e-08]	[3.4e-09]	1AHW_C_TC170A	AB/AG	AB/AG	1	1
2967	1AHW	1AHW_C	P13726	COR	['IASP']	[0.074]	TC167A	TC156A	[3e-09]	[3.4e-09]	1AHW_C_TC167A	AB/AG	AB/AG	1	1
2968	1AHW	1AHW_C	P13726	SUP	['IASP']	[1.89]	YC157A	YC146A	[1.4e-10]	[3.4e-09]	1AHW_C_YC157A	AB/AG	AB/AG	1	1
2969	3M62	3M62_A	P54860	RIM	['ITC']	[-0.83]	EA26A	EA32A	[2.84e-07]	[7e-08]	3M62_A_EA26A		3M62_A_B,3M63_A_B	2	8
2970	4B0M	4B0M_A	P26949	COR	['SPR']	[-0.43]	MA8A	MA8A	[5e-06]	[2.42e-06]	4B0M_A_MA8A		4B0M_A_BM	2	9
2971	4B0M	4B0M_M	P26926	COR	['SPR']	[-1.909]	LM43A	LM40A	[6.07e-05]	[2.42e-06]	4B0M_M_LM43A		4B0M_A_BM	2	9
2972	4B0M	4B0M_M	P26926	SUP	['SPR']	[-1.653]	YM40A	YM37A	[3.94e-05]	[2.42e-06]	4B0M_M_YM40A		4B0M_A_BM	2	9
2973	4B0M	4B0M_M	P26926	INT	['SPR']	[-0.629]	YM12G	YM9G	[7e-06]	[2.42e-06]	4B0M_M_YM12G		4B0M_A_BM	2	9
2974	4B0M	4B0M_M	P26926	COR	['SPR']	[-1.994]	PM104S	PM99S	[7.01e-05]	[2.42e-06]	4B0M_M_PM104S		4B0M_A_BM	2	9
2975	4B0M	4B0M_M	P26926	COR	['SPR']	[-1.916]	PM104A	PM99A	[6.14e-05]	[2.42e-06]	4B0M_M_PM104A		4B0M_A_BM	2	9
2976	4B0M	4B0M_M	P26926	SUP	['SPR']	[-0.758]	PM103S	PM98S	[8.7e-06]	[2.42e-06]	4B0M_M_PM103S		4B0M_A_BM	2	9
2977	4B0M	4B0M_M	P26926	SUP	['SPR']	[-0.406]	PM103A	PM98A	[4.8e-06]	[2.42e-06]	4B0M_M_PM103A		4B0M_A_BM	2	9
2978	4B0M	4B0M_B	P26948	COR	['SPR']	[-0.298]	AB141G	AB127G	[4e-06]	[2.42e-06]	4B0M_B_AB141G		4B0M_A_BM	2	9
2979	4CVW	4CVW_C	Q2V8X0	SUP	['SPR']	[-4.921]	VC42D	VC35D	[1.7e-07]	[4.2e-11]	4CVW_C_VC42D		4CVW_A_C	2	9
2980	4CVW	4CVW_C	Q2V8X0	COR	['SPR']	[-0.336]	LC41W	LC34W	[7.4e-11]	[4.2e-11]	4CVW_C_LC41W		4CVW_A_C	2	9
2981	4CVW	4CVW_C	Q2V8X0	COR	['SPR']	[-2.728]	LC41G	LC34G	[4.2e-09]	[4.2e-11]	4CVW_C_LC41G		4CVW_A_C	2	9
2982	4CVW	4CVW_C	Q2V8X0	COR	['SPR']	[-1.491]	RC38W	RC31W	[5.2e-10]	[4.2e-11]	4CVW_C_RC38W		4CVW_A_C	2	9
2983	4CVW	4CVW_C	Q2V8X0	COR	['SPR']	[-2.077]	RC38A	RC31A	[1.4e-09]	[4.2e-11]	4CVW_C_RC38A		4CVW_A_C	2	9
2984	4CVW	4CVW_C	Q2V8X0	COR	['SPR']	[-1.829]	RC34A	RC27A	[9.2e-10]	[4.2e-11]	4CVW_C_RC34A		4CVW_A_C	2	9
2985	3M62	3M62_B	P32628	COR	['ITC']	[-1.138]	VB69A	VB67A	[4.78e-07]	[7e-08]	3M62_B_VB69A		3M62_A_B,3M63_A_B	2	8
2986	3M62	3M62_B	P32628	RIM	['ITC']	[-0.284]	QB67A	QB65A	[1.13e-07]	[7e-08]	3M62_B_QB67A		3M62_A_B,3M63_A_B	2	8
2987	3M62	3M62_B	P32628	RIM	['ITC']	[-1.054]	QB52A	QB50A	[4.15e-07]	[7e-08]	3M62_B_QB52A		3M62_A_B,3M63_A_B	2	8
2988	3M62	3M62_B	P32628	RIM	['ITC']	[-1.09]	VB50A	VB48A	[4.41e-07]	[7e-08]	3M62_B_VB50A		3M62_A_B,3M63_A_B	2	8
2989	3M62	3M62_B	P32628	COR	['ITC']	[-1.279]	SB47A	SB45A	[6.06e-07]	[7e-08]	3M62_B_SB47A		3M62_A_B,3M63_A_B	2	8
2990	3M62	3M62_B	P32628	COR	['ITC']	[-2.884]	IB45A	IB43A	[9.1e-06]	[7e-08]	3M62_B_IB45A		3M62_A_B,3M63_A_B	2	8
2991	3M62	3M62_B	P32628	SUR	['ITC']	[-0.497]	KB10A	KB8A	[1.62e-07]	[7e-08]	3M62_B_KB10A		3M62_A_B,3M63_A_B	2	8
2992	3M62	3M62_B	P32628	RIM	['ITC']	[-0.996]	FB9A	FB7A	[3.76e-07]	[7e-08]	3M62_B_FB9A		3M62_A_B,3M63_A_B	2	8
2993	3M62	3M62_A	P54860	RIM	['ITC']	[-1.854]	IA104A	IA110A	[1.6e-06]	[7e-08]	3M62_A_IA104A		3M62_A_B,3M63_A_B	2	8
2994	3M62	3M62_A	P54860	SUP	['ITC']	[-4.477]	YA97A	YA103A	[0.000134]	[7e-08]	3M62_A_YA97A		3M62_A_B,3M63_A_B	2	8
2995	3M62	3M62_A	P54860	SUP	['ITC']	[-1.265]	GA96A	GA102A	[5.92e-07]	[7e-08]	3M62_A_GA96A		3M62_A_B,3M63_A_B	2	8
2996	3M62	3M62_A	P54860	RIM	['ITC']	[-0.789]	RA92A	RA98A	[2.65e-07]	[7e-08]	3M62_A_RA92A		3M62_A_B,3M63_A_B	2	8
2997	3M62	3M62_A	P54860	RIM	['ITC']	[-1.052]	EA49A	EA55A	[4.13e-07]	[7e-08]	3M62_A_EA49A		3M62_A_B,3M63_A_B	2	8
2998	3M62	3M62_A	P54860	COR	['ITC']	[-0.017]	TA48A	TA54A	[7.2e-08]	[7e-08]	3M62_A_TA48A		3M62_A_B,3M63_A_B	2	8
2999	3M62	3M62_A	P54860	COR	['ITC']	[-2.829]	LA44A	LA50A	[8.3e-06]	[7e-08]	3M62_A_LA44A		3M62_A_B,3M63_A_B	2	8
3000	3M62	3M62_A	P54860	COR	['ITC']	[-2.8]	DA40A	DA46A	[7.9e-06]	[7e-08]	3M62_A_DA40A		3M62_A_B,3M63_A_B	2	8
3001	3SEK	3SEK_C	O95633	COR	['SPR']	[-4.216]	LC61E	LC48E	[1.6e-06]	[1.3e-09]	3SEK_C_LC61E		3SEK_B_C,3B4V_AB_C,3HH2_AB_C,3BK3_A_C,2B0U_AB_C	2	9
3002	3SEK	3SEK_C	O95633	COR	['SPR']	[-4.456]	FC60E	FC47E	[2.4e-06]	[1.3e-09]	3SEK_C_FC60E		3SEK_B_C,3B4V_AB_C,3HH2_AB_C,3BK3_A_C,2B0U_AB_C	2	9
3003	3SEK	3SEK_C	O95633	COR	['SPR']	[-4.456]	LC57E	LC44E	[2.4e-06]	[1.3e-09]	3SEK_C_LC57E		3SEK_B_C,3B4V_AB_C,3HH2_AB_C,3BK3_A_C,2B0U_AB_C	2	9
3004	3SEK	3SEK_C	O95633	COR	['SPR']	[-2.887]	LC24E	LC11E	[1.7e-07]	[1.3e-09]	3SEK_C_LC24E		3SEK_B_C,3B4V_AB_C,3HH2_AB_C,3BK3_A_C,2B0U_AB_C	2	9
3005	3M63	3M63_A	P54860	SUP	['ITC']	[-1.792]	FA107A	FA113A	[3.6e-06]	[1.75e-07]	3M63_A_FA107A		3M63_A_B,3M62_A_B,1S1Q_A_B,1XD3_A_B,2OOB_A_B	2	8
3006	3M63	3M63_A	P54860	COR	['ITC']	[-1.089]	IA104A	IA110A	[1.1e-06]	[1.75e-07]	3M63_A_IA104A		3M63_A_B,3M62_A_B,1S1Q_A_B,1XD3_A_B,2OOB_A_B	2	8
3007	3M63	3M63_A	P54860	SUP	['ITC']	[-1.839]	VA100A	VA106A	[3.9e-06]	[1.75e-07]	3M63_A_VA100A		3M63_A_B,3M62_A_B,1S1Q_A_B,1XD3_A_B,2OOB_A_B	2	8
3008	3M63	3M63_A	P54860	SUP	['ITC']	[-3.651]	YA97A	YA103A	[8.3e-05]	[1.75e-07]	3M63_A_YA97A		3M63_A_B,3M62_A_B,1S1Q_A_B,1XD3_A_B,2OOB_A_B	2	8
3009	3M63	3M63_A	P54860	SUP	['ITC']	[-0.125]	GA96A	GA102A	[2.16e-07]	[1.75e-07]	3M63_A_GA96A		3M63_A_B,3M62_A_B,1S1Q_A_B,1XD3_A_B,2OOB_A_B	2	8
3010	3M63	3M63_A	P54860	RIM	['ITC']	[0.185]	RA92A	RA98A	[1.28e-07]	[1.75e-07]	3M63_A_RA92A		3M63_A_B,3M62_A_B,1S1Q_A_B,1XD3_A_B,2OOB_A_B	2	8
3011	3M63	3M63_A	P54860	RIM	['ITC']	[-0.346]	EA49A	EA55A	[3.14e-07]	[1.75e-07]	3M63_A_EA49A		3M63_A_B,3M62_A_B,1S1Q_A_B,1XD3_A_B,2OOB_A_B	2	8
3012	3M63	3M63_A	P54860	COR	['ITC']	[-0.311]	TA48A	TA54A	[2.96e-07]	[1.75e-07]	3M63_A_TA48A		3M63_A_B,3M62_A_B,1S1Q_A_B,1XD3_A_B,2OOB_A_B	2	8
3013	3M63	3M63_A	P54860	COR	['ITC']	[-0.576]	LA44A	LA50A	[4.63e-07]	[1.75e-07]	3M63_A_LA44A		3M63_A_B,3M62_A_B,1S1Q_A_B,1XD3_A_B,2OOB_A_B	2	8
3014	3M63	3M63_A	P54860	COR	['ITC']	[-2.234]	DA40A	DA46A	[7.6e-06]	[1.75e-07]	3M63_A_DA40A		3M63_A_B,3M62_A_B,1S1Q_A_B,1XD3_A_B,2OOB_A_B	2	8
3015	3M63	3M63_A	P54860	SUR	['ITC']	[-0.646]	EA27A	EA33A	[5.21e-07]	[1.75e-07]	3M63_A_EA27A		3M63_A_B,3M62_A_B,1S1Q_A_B,1XD3_A_B,2OOB_A_B	2	8
3016	3M62	3M62_B	P32628	COR	['ITC']	[-0.681]	MB71A	MB69A	[2.21e-07]	[7e-08]	3M62_B_MB71A		3M62_A_B,3M63_A_B	2	8
3017	3B4V	3B4V_C	O95633	COR	['SPR']	[-3.85]	FC60A	FC52A	[9.3e-08]	[1.4e-10]	3B4V_C_FC60A		3B4V_AB_C,3SEK_B_C,2B0U_AB_C,1KTZ_A_B,3BK3_A_C,3HH2_AB_C	2	7
3018	3B4V	3B4V_C	O95633	COR	['SPR']	[-3.581]	LC57A	LC49A	[5.9e-08]	[1.4e-10]	3B4V_C_LC57A		3B4V_AB_C,3SEK_B_C,2B0U_AB_C,1KTZ_A_B,3BK3_A_C,3HH2_AB_C	2	7
3019	3B4V	3B4V_C	O95633	COR	['SPR']	[-4.093]	LC61E	LC53E	[1.4e-07]	[1.4e-10]	3B4V_C_LC61E		3B4V_AB_C,3SEK_B_C,2B0U_AB_C,1KTZ_A_B,3BK3_A_C,3HH2_AB_C	2	7
3020	3B4V	3B4V_C	O95633	COR	['SPR']	[-3.881]	FC60E	FC52E	[9.8e-08]	[1.4e-10]	3B4V_C_FC60E		3B4V_AB_C,3SEK_B_C,2B0U_AB_C,1KTZ_A_B,3BK3_A_C,3HH2_AB_C	2	7
3021	3B4V	3B4V_C	O95633	COR	['SPR']	[-4.133]	LC57E	LC49E	[1.5e-07]	[1.4e-10]	3B4V_C_LC57E		3B4V_AB_C,3SEK_B_C,2B0U_AB_C,1KTZ_A_B,3BK3_A_C,3HH2_AB_C	2	7
3022	3B4V	3B4V_C	O95633	COR	['SPR']	[-0.821]	LC24E	LC16E	[5.6e-10]	[1.4e-10]	3B4V_C_LC24E		3B4V_AB_C,3SEK_B_C,2B0U_AB_C,1KTZ_A_B,3BK3_A_C,3HH2_AB_C	2	7
3023	3HH2	3HH2_C	P19883	COR	['SPR']	[-1.273]	FC52A	FC52A	[5.4e-08]	[6.3e-09]	3HH2_C_FC52A		3HH2_AB_C,3SEK_B_C,2B0U_AB_C,3BK3_A_C,3B4V_AB_C	2	8
3024	3HH2	3HH2_C	P19883	COR	['SPR']	[-0.713]	IC51A	IC51A	[2.1e-08]	[6.3e-09]	3HH2_C_IC51A		3HH2_AB_C,3SEK_B_C,2B0U_AB_C,3BK3_A_C,3B4V_AB_C	2	8
3025	3HH2	3HH2_C	P19883	COR	['SPR']	[-1.325]	FC47A	FC47A	[5.9e-08]	[6.3e-09]	3HH2_C_FC47A		3HH2_AB_C,3SEK_B_C,2B0U_AB_C,3BK3_A_C,3B4V_AB_C	2	8
3026	3HH2	3HH2_C	P19883	COR	['SPR']	[-0.817]	FC52E	FC52E	[2.5e-08]	[6.3e-09]	3HH2_C_FC52E		3HH2_AB_C,3SEK_B_C,2B0U_AB_C,3BK3_A_C,3B4V_AB_C	2	8
3027	3HH2	3HH2_C	P19883	COR	['SPR']	[-0.862]	IC51E	IC51E	[2.7e-08]	[6.3e-09]	3HH2_C_IC51E		3HH2_AB_C,3SEK_B_C,2B0U_AB_C,3BK3_A_C,3B4V_AB_C	2	8
3028	3HH2	3HH2_C	P19883	COR	['SPR']	[-0.713]	FC47E	FC47E	[2.1e-08]	[6.3e-09]	3HH2_C_FC47E		3HH2_AB_C,3SEK_B_C,2B0U_AB_C,3BK3_A_C,3B4V_AB_C	2	8
3029	3HH2	3HH2_C	P19883	COR	['SPR']	[-0.684]	VC15E	VC15E	[2e-08]	[6.3e-09]	3HH2_C_VC15E		3HH2_AB_C,3SEK_B_C,2B0U_AB_C,3BK3_A_C,3B4V_AB_C	2	8
3030	3SEK	3SEK_C	O95633	COR	['SPR']	[-3.409]	LC61A	LC48A	[4.1e-07]	[1.3e-09]	3SEK_C_LC61A		3SEK_B_C,3B4V_AB_C,3HH2_AB_C,3BK3_A_C,2B0U_AB_C	2	9
3031	3SEK	3SEK_C	O95633	COR	['SPR']	[-2.229]	FC60A	FC47A	[5.6e-08]	[1.3e-09]	3SEK_C_FC60A		3SEK_B_C,3B4V_AB_C,3HH2_AB_C,3BK3_A_C,2B0U_AB_C	2	9
3032	3SEK	3SEK_C	O95633	COR	['SPR']	[-2.681]	LC57A	LC44A	[1.2e-07]	[1.3e-09]	3SEK_C_LC57A		3SEK_B_C,3B4V_AB_C,3HH2_AB_C,3BK3_A_C,2B0U_AB_C	2	9
3033	4HFK	4HFK_D	A0A0H3CIX8	RIM	['SPR']	[-1.85]	TD91A	TD72A	[6.11e-09]	[2.69e-10]	4HFK_D_TD91A		4HFK_A_BD	2	10
3034	4HFK	4HFK_B	A0A0H3CIX8	COR	['SPR']	[-0.942]	EB74A	EB56A	[1.32e-09]	[2.69e-10]	4HFK_B_EB74A		4HFK_A_BD	2	10
3035	4HFK	4HFK_B	A0A0H3CIX8	SUP	['SPR']	[-0.03]	LB68A	LB50A	[2.83e-10]	[2.69e-10]	4HFK_B_LB68A		4HFK_A_BD	2	10
3036	4HFK	4HFK_B	A0A0H3CIX8	RIM	['SPR']	[0.02]	NB67A	NB49A	[2.6e-10]	[2.69e-10]	4HFK_B_NB67A		4HFK_A_BD	2	10
3037	4HFK	4HFK_B	A0A0H3CIX8	SUP	['SPR']	[-0.202]	SB66A	SB48A	[3.78e-10]	[2.69e-10]	4HFK_B_SB66A		4HFK_A_BD	2	10
3038	4HFK	4HFK_B	A0A0H3CIX8	COR	['SPR']	[-1.189]	EB64A	EB46A	[2e-09]	[2.69e-10]	4HFK_B_EB64A		4HFK_A_BD	2	10
3039	4HFK	4HFK_B	A0A0H3CIX8	COR	['SPR']	[-2.525]	LB63A	LB45A	[1.91e-08]	[2.69e-10]	4HFK_B_LB63A		4HFK_A_BD	2	10
3040	4HFK	4HFK_B	A0A0H3CIX8	COR	['SPR']	[-1.392]	RB40A	RB22A	[2.82e-09]	[2.69e-10]	4HFK_B_RB40A		4HFK_A_BD	2	10
3041	2B0U	2B0U_C	P19883	COR	['SPR']	[0.0]	FC52A	FC52A	[2e-11]	[2e-11]	2B0U_C_FC52A		2B0U_AB_C,3B4V_AB_C,3HH2_AB_C,3BK3_A_C,3SEK_B_C	2	6
3042	2B0U	2B0U_C	P19883	COR	['SPR']	[0.0]	IC51A	IC51A	[2e-11]	[2e-11]	2B0U_C_IC51A		2B0U_AB_C,3B4V_AB_C,3HH2_AB_C,3BK3_A_C,3SEK_B_C	2	6
3043	2B0U	2B0U_C	P19883	COR	['SPR']	[-0.543]	FC47A	FC47A	[5e-11]	[2e-11]	2B0U_C_FC47A		2B0U_AB_C,3B4V_AB_C,3HH2_AB_C,3BK3_A_C,3SEK_B_C	2	6
3044	2B0U	2B0U_C	P19883	COR	['SPR']	[0.0]	FC52E	FC52E	[2e-11]	[2e-11]	2B0U_C_FC52E		2B0U_AB_C,3B4V_AB_C,3HH2_AB_C,3BK3_A_C,3SEK_B_C	2	6
3045	2B0U	2B0U_C	P19883	COR	['SPR']	[-0.24]	IC51E	IC51E	[3e-11]	[2e-11]	2B0U_C_IC51E		2B0U_AB_C,3B4V_AB_C,3HH2_AB_C,3BK3_A_C,3SEK_B_C	2	6
3046	2B0U	2B0U_C	P19883	COR	['SPR']	[-0.411]	FC47E	FC47E	[4e-11]	[2e-11]	2B0U_C_FC47E		2B0U_AB_C,3B4V_AB_C,3HH2_AB_C,3BK3_A_C,3SEK_B_C	2	6
3047	2B0U	2B0U_C	P19883	COR	['SPR']	[0.0]	VC15E	VC15E	[2e-11]	[2e-11]	2B0U_C_VC15E		2B0U_AB_C,3B4V_AB_C,3HH2_AB_C,3BK3_A_C,3SEK_B_C	2	6
3048	3B4V	3B4V_C	O95633	COR	['SPR']	[-3.393]	LC61A	LC53A	[4.3e-08]	[1.4e-10]	3B4V_C_LC61A		3B4V_AB_C,3SEK_B_C,2B0U_AB_C,1KTZ_A_B,3BK3_A_C,3HH2_AB_C	2	7
3049	4JPK	4JPK_A	P04578	INT	['SPR']	[-1.168]	FA63L	FA63L	[3.13e-07]	[4.36e-08]	4JPK_A_FA63L	AB/AG	AB/AG	2	10
3050	4JPK	4JPK_A	P04578	SUP	['SPR']	[-2.153]	SA41G	SA41G	[1.65e-06]	[4.36e-08]	4JPK_A_SA41G	AB/AG	AB/AG	2	10
3051	4JPK	4JPK_A	P04578	RIM	['SPR']	[-0.595]	VA30N	VA30N	[1.19e-07]	[4.36e-08]	4JPK_A_VA30N	AB/AG	AB/AG	2	10
3052	3L5X	3L5X_L	Not Mapped	SUR	['SPR']	[0.829]	YL94A	YL94A	[1.86e-10]	[7.54e-10]	3L5X_L_YL94A	AB/AG	AB/AG,3LB6_A_C	2	8
3053	2AW2	2AW2_B	Q92956	COR	['SPR']	[-1.096]	VB36A	VB35A	[1.4e-06]	[2.2e-07]	2AW2_B_VB36A		2AW2_A_B	2	6
3054	2AW2	2AW2_B	Q92956	COR	['SPR']	[-1.885]	YB23A	YB22A	[5.3e-06]	[2.2e-07]	2AW2_B_YB23A		2AW2_A_B	2	6
3055	2AW2	2AW2_B	Q92956	COR	['SPR']	[-2.576]	PB17A	PB16A	[1.7e-05]	[2.2e-07]	2AW2_B_PB17A		2AW2_A_B	2	6
3056	2AJF	2AJF_A	Q9BYF1	SUP	['SPR']	[-1.398]	YA41F	YA23F	[1.45e-06]	[1.37e-07]	2AJF_A_YA41F		2AJF_A_E	2	6
3057	2AJF	2AJF_A	Q9BYF1	SUP	['SPR']	[-1.452]	YA41A	YA23A	[1.59e-06]	[1.37e-07]	2AJF_A_YA41A		2AJF_A_E	2	6
3058	2AJF	2AJF_A	Q9BYF1	COR	['SPR']	[-0.585]	DA38A	DA20A	[3.68e-07]	[1.37e-07]	2AJF_A_DA38A		2AJF_A_E	2	6
3059	3KBH	3KBH_E	Q6Q1S2	COR	['SPR']	[-2.491]	SE535T	SE54T	[2.33e-06]	[3.48e-08]	3KBH_E_SE535T		3KBH_A_E,2AJF_A_E	2	8
3060	3KBH	3KBH_E	Q6Q1S2	COR	['SPR']	[-1.857]	SE535A	SE54A	[8e-07]	[3.48e-08]	3KBH_E_SE535A		3KBH_A_E,2AJF_A_E	2	8
3061	3KBH	3KBH_E	Q6Q1S2	COR	['SPR']	[-0.1]	YE498A	YE17A	[4.12e-08]	[3.48e-08]	3KBH_E_YE498A		3KBH_A_E,2AJF_A_E	2	8
3062	3KBH	3KBH_A	Q9BYF1	SUP	['SPR']	[-1.616]	YA41F	YA23F	[1.04e-06]	[6.8e-08]	3KBH_A_YA41F		3KBH_A_E,2AJF_A_E	2	8
3063	3KBH	3KBH_A	Q9BYF1	SUP	['SPR']	[-1.813]	YA41A	YA23A	[1.45e-06]	[6.8e-08]	3KBH_A_YA41A		3KBH_A_E,2AJF_A_E	2	8
3064	3KBH	3KBH_A	Q9BYF1	RIM	['SPR']	[-0.873]	DA38A	DA20A	[2.97e-07]	[6.8e-08]	3KBH_A_DA38A		3KBH_A_E,2AJF_A_E	2	8
3065	1AK4	1AK4_D	P12497	COR	['SPR']	[-3.031]	PD490V	PD90V	[0.002]	[1.2e-05]	1AK4_D_PD490V		1AK4_A_D,1M9E_A_D	2	1
3066	1AK4	1AK4_D	P12497	COR	['SPR']	[-2.173]	PD490A	PD90A	[0.00047]	[1.2e-05]	1AK4_D_PD490A		1AK4_A_D,1M9E_A_D	1	1
3067	1AK4	1AK4_D	P12497	COR	['SPR']	[-3.031]	GD489V	GD89V	[0.002]	[1.2e-05]	1AK4_D_GD489V		1AK4_A_D,1M9E_A_D	1	1
3068	1AK4	1AK4_D	P12497	COR	['SPR']	[-2.077]	GD489A	GD89A	[0.0004]	[1.2e-05]	1AK4_D_GD489A		1AK4_A_D,1M9E_A_D	1	1
3069	1AK4	1AK4_D	P12497	COR	['SPR']	[-2.655]	AD488G	AD88G	[0.00106]	[1.2e-05]	1AK4_D_AD488G		1AK4_A_D,1M9E_A_D	1	1
3070	1BJ1	1BJ1_H	Not Mapped	RIM	['SPR']	[-1.328]	YH54A	YH54A	[3.2e-08]	[3.4e-09]	1BJ1_H_YH54A	AB/AG	AB/AG	2	1
3071	1BJ1	1BJ1_H	Not Mapped	INT	['SPR']	[-2.244]	YH27A	YH27A	[1.5e-07]	[3.4e-09]	1BJ1_H_YH27A	AB/AG	AB/AG	2	1
3072	4FZA	4FZA_B	Q9P289	RIM	['BI']	[-0.425]	EB138A	EB122A	[1.87e-08]	[9.12e-09]	4FZA_B_EB138A		4FZA_A_B,4O27_A_B,4NZW_A_B	2	9
3073	4FZA	4FZA_A	Q9Y376	COR	['BI']	[-1.028]	RA227A	RA217A	[5.17e-08]	[9.12e-09]	4FZA_A_RA227A		4FZA_A_B,4O27_A_B,4NZW_A_B	2	9
3074	4FZA	4FZA_A	Q9Y376	COR	['BI']	[-1.271]	YA223A	YA213A	[7.79e-08]	[9.12e-09]	4FZA_A_YA223A		4FZA_A_B,4O27_A_B,4NZW_A_B	2	9
3075	4FZA	4FZA_A	Q9Y376	COR	['BI']	[-0.543]	FA178E	FA168E	[2.28e-08]	[9.12e-09]	4FZA_A_FA178E		4FZA_A_B,4O27_A_B,4NZW_A_B	2	9
3076	4JPK	4JPK_A	P04578	RIM	['SPR']	[-3.859]	DA141R	DA141R	[2.94e-05]	[4.36e-08]	4JPK_A_DA141R	AB/AG	AB/AG	2	10
3077	4JPK	4JPK_A	P04578	SUP	['SPR']	[0.032]	TA35S	TA35S	[4.13e-08]	[4.36e-08]	4JPK_A_TA35S	AB/AG	AB/AG	2	10
3078	4JPK	4JPK_A	P04578	SUP	['SPR']	[-1.388]	FA144I	FA144I	[4.54e-07]	[4.36e-08]	4JPK_A_FA144I	AB/AG	AB/AG	2	10
3079	4JPK	4JPK_A	P04578	SUR	['SPR']	[-0.23]	RA130K	RA130K	[6.43e-08]	[4.36e-08]	4JPK_A_RA130K	AB/AG	AB/AG	2	10
3080	4JPK	4JPK_A	P04578	RIM	['SPR']	[-0.759]	RA81T	RA81T	[1.57e-07]	[4.36e-08]	4JPK_A_RA81T	AB/AG	AB/AG	2	10
3081	1BJ1	1BJ1_H	Not Mapped	SUR	['SPR']	[0.22]	TH28D	TH28D	[2e-09]	[2.9e-09]	1BJ1_H_TH28D	AB/AG	AB/AG	2	1
3082	1BJ1	1BJ1_H	Not Mapped	RIM	['SPR']	[0.137]	YH54W	YH54W	[2.3e-09]	[2.9e-09]	1BJ1_H_YH54W	AB/AG	AB/AG	2	1
3083	1BJ1	1BJ1_H	Not Mapped	SUP	['SPR']	[-0.79]	HH107A	HH107A	[1.29e-08]	[3.4e-09]	1BJ1_H_HH107A	AB/AG	AB/AG	2	1
3084	1BJ1	1BJ1_H	Not Mapped	SUP	['SPR']	[-4.441]	YH99A	YH99A	[6.12e-06]	[3.4e-09]	1BJ1_H_YH99A	AB/AG	AB/AG	2	1
3085	1BJ1	1BJ1_H	Not Mapped	COR	['SPR']	[-0.851]	TH59A	TH59A	[1.43e-08]	[3.4e-09]	1BJ1_H_TH59A	AB/AG	AB/AG	2	1
3086	2I26	2I26_N	Q8JGG7	SUR	['SPR']	[0.626]	SN61R	SN60R	[3.3e-09]	[9.5e-09]	2I26_N_SN61R		2I26_N_L	1	6
3087	2I26	2I26_N	Q8JGG7	COR	['SPR']	[-0.03]	AN30V	AN29V	[1e-08]	[9.5e-09]	2I26_N_AN30V		2I26_N_L	1	6
3088	2B42	2B42_A	Q8H0K8	COR	['SPR']	[-2.568]	HA374K	HA357K	[8.16e-08]	[1.07e-09]	2B42_A_HA374K		2B42_A_B	1	6
3089	2B42	2B42_A	Q8H0K8	COR	['SPR']	[-1.076]	HA374Q	HA357Q	[6.58e-09]	[1.07e-09]	2B42_A_HA374Q		2B42_A_B	1	6
3090	2B42	2B42_A	Q8H0K8	COR	['SPR']	[-1.638]	HA374A	HA357A	[1.7e-08]	[1.07e-09]	2B42_A_HA374A		2B42_A_B	1	6
3091	1M9E	1M9E_D	Q72497	RIM	['SPR']	[1.01]	AD87H	AD76H	[1.2e-05]	[6.6e-05]	1M9E_D_AD87H		1AK4_A_D,1M9E_A_D	1	4
3092	1AK4	1AK4_D	P12497	RIM	['SPR']	[-0.683]	PD493A	PD93A	[3.8e-05]	[1.2e-05]	1AK4_D_PD493A		1AK4_A_D,1M9E_A_D	1	1
3093	1AK4	1AK4_D	P12497	RIM	['SPR']	[-0.359]	AD492V	AD92V	[2.2e-05]	[1.2e-05]	1AK4_D_AD492V		1AK4_A_D,1M9E_A_D	1	1
3094	1AK4	1AK4_D	P12497	RIM	['SPR']	[-0.581]	AD492G	AD92G	[3.2e-05]	[1.2e-05]	1AK4_D_AD492G		1AK4_A_D,1M9E_A_D	1	1
3095	1AK4	1AK4_D	P12497	RIM	['SPR']	[0.0]	ID491V	ID91V	[1.2e-05]	[1.2e-05]	1AK4_D_ID491V		1AK4_A_D,1M9E_A_D	1	1
3096	1AK4	1AK4_D	P12497	RIM	['SPR']	[-0.24]	ID491A	ID91A	[1.8e-05]	[1.2e-05]	1AK4_D_ID491A		1AK4_A_D,1M9E_A_D	1	1
3097	1MHP	1MHP_L	Not Mapped	COR	['ELISA']	[-2.728]	SL91R	SL90R	[8.5e-07]	[8.5e-09]	1MHP_L_SL91R	AB/AG	AB/AG	2	4
3098	1MHP	1MHP_L	Not Mapped	COR	['ELISA']	[-2.318]	SL91T	SL90T	[4.25e-07]	[8.5e-09]	1MHP_L_SL91T	AB/AG	AB/AG	2	4
3099	1MHP	1MHP_L	Not Mapped	COR	['ELISA']	[-1.573]	NL30W	NL29W	[1.21e-07]	[8.5e-09]	1MHP_L_NL30W	AB/AG	AB/AG	2	4
3100	1MHP	1MHP_L	Not Mapped	COR	['ELISA']	[-1.908]	NL30Y	NL29Y	[2.13e-07]	[8.5e-09]	1MHP_L_NL30Y	AB/AG	AB/AG	2	4
3101	1MHP	1MHP_H	Not Mapped	SUP	['ELISA']	[-0.544]	YH59E	YH59E	[2.13e-08]	[8.5e-09]	1MHP_H_YH59E	AB/AG	AB/AG	2	4
3102	1MHP	1MHP_H	Not Mapped	INT	['ELISA']	[-2.728]	SH35Q	SH35Q	[8.5e-07]	[8.5e-09]	1MHP_H_SH35Q	AB/AG	AB/AG	2	4
3103	1MHP	1MHP_H	Not Mapped	RIM	['ELISA']	[-1.308]	RH31Q	RH31Q	[7.73e-08]	[8.5e-09]	1MHP_H_RH31Q	AB/AG	AB/AG	2	4
3104	1MHP	1MHP_L	Not Mapped	SUR	['ELISA']	[-0.658]	NL52K	NL51K	[2.58e-08]	[8.5e-09]	1MHP_L_NL52K	AB/AG	AB/AG	2	4
3105	1MHP	1MHP_L	Not Mapped	SUR	['ELISA']	[-0.845]	NL52R	NL51R	[3.54e-08]	[8.5e-09]	1MHP_L_NL52R	AB/AG	AB/AG	2	4
3106	1MHP	1MHP_L	Not Mapped	COR	['ELISA']	[-1.165]	HL31K	HL30K	[6.07e-08]	[8.5e-09]	1MHP_L_HL31K	AB/AG	AB/AG	2	4
3107	1MHP	1MHP_L	Not Mapped	COR	['ELISA']	[-1.124]	HL31R	HL30R	[5.67e-08]	[8.5e-09]	1MHP_L_HL31R	AB/AG	AB/AG	2	4
3108	1MHP	1MHP_L	Not Mapped	COR	['ELISA']	[-1.05]	NL30V	NL29V	[5e-08]	[8.5e-09]	1MHP_L_NL30V	AB/AG	AB/AG	2	4
3109	1CZ8	1CZ8_L	Not Mapped	INT	['SPR']	[-0.041]	LL4M	LL4M	[1.5e-10]	[1.4e-10]	1CZ8_L_LL4M	AB/AG	AB/AG	2	2
3110	1BJ1	1BJ1_H	Not Mapped	RIM	['SPR']	[0.391]	SH105T	SH105T	[1.5e-09]	[2.9e-09]	1BJ1_H_SH105T	AB/AG	AB/AG	2	1
3111	1BJ1	1BJ1_H	Not Mapped	COR	['SPR']	[1.584]	HH101Y	HH101Y	[2e-10]	[2.9e-09]	1BJ1_H_HH101Y	AB/AG	AB/AG	2	1
3112	1BJ1	1BJ1_H	Not Mapped	COR	['SPR']	[0.763]	NH31H	NH31H	[8e-10]	[2.9e-09]	1BJ1_H_NH31H	AB/AG	AB/AG	2	1
3113	1MHP	1MHP_H	Not Mapped	SUP	['ELISA']	[-0.435]	TH33V	TH33V	[1.77e-08]	[8.5e-09]	1MHP_H_TH33V	AB/AG	AB/AG	2	4
3114	1MHP	1MHP_L	Not Mapped	COR	['ELISA']	[-1.775]	SL91Q	SL90Q	[1.7e-07]	[8.5e-09]	1MHP_L_SL91Q	AB/AG	AB/AG	2	4
3115	1MHP	1MHP_L	Not Mapped	SUP	['ELISA']	[-2.077]	WL90Q	WL89Q	[2.83e-07]	[8.5e-09]	1MHP_L_WL90Q	AB/AG	AB/AG	2	4
3116	1MHP	1MHP_L	Not Mapped	SUR	['ELISA']	[-0.501]	NL52D	NL51D	[1.98e-08]	[8.5e-09]	1MHP_L_NL52D	AB/AG	AB/AG	2	4
3117	1MHP	1MHP_L	Not Mapped	SUP	['ELISA']	[-1.908]	LL49W	LL48W	[2.13e-07]	[8.5e-09]	1MHP_L_LL49W	AB/AG	AB/AG	2	4
3118	1MHP	1MHP_L	Not Mapped	SUP	['ELISA']	[-0.713]	LL49F	LL48F	[2.83e-08]	[8.5e-09]	1MHP_L_LL49F	AB/AG	AB/AG	2	4
3119	1MHP	1MHP_H	Not Mapped	COR	['ELISA']	[-0.821]	YH58W	YH58W	[3.4e-08]	[8.5e-09]	1MHP_H_YH58W	AB/AG	AB/AG	2	4
3120	1MHP	1MHP_H	Not Mapped	COR	['ELISA']	[-2.077]	YH58E	YH58E	[2.83e-07]	[8.5e-09]	1MHP_H_YH58E	AB/AG	AB/AG	2	4
3121	1MHP	1MHP_H	Not Mapped	COR	['ELISA']	[-2.077]	YH58Q	YH58Q	[2.83e-07]	[8.5e-09]	1MHP_H_YH58Q	AB/AG	AB/AG	2	4
3122	1MHP	1MHP_H	Not Mapped	RIM	['ELISA']	[-1.165]	GH54T	GH54T	[6.07e-08]	[8.5e-09]	1MHP_H_GH54T	AB/AG	AB/AG	2	4
3123	1MHP	1MHP_H	Not Mapped	RIM	['ELISA']	[-1.364]	GH54I	GH54I	[8.5e-08]	[8.5e-09]	1MHP_H_GH54I	AB/AG	AB/AG	2	4
3124	1MHP	1MHP_H	Not Mapped	COR	['ELISA']	[-0.513]	GH53A	GH53A	[2.02e-08]	[8.5e-09]	1MHP_H_GH53A	AB/AG	AB/AG	2	4
3125	1MHP	1MHP_H	Not Mapped	COR	['ELISA']	[-0.676]	GH53S	GH53S	[2.66e-08]	[8.5e-09]	1MHP_H_GH53S	AB/AG	AB/AG	2	4
3126	1MHP	1MHP_H	Not Mapped	SUP	['ELISA']	[-2.077]	SH52M	SH52M	[2.83e-07]	[8.5e-09]	1MHP_H_SH52M	AB/AG	AB/AG	2	4
3127	1MHP	1MHP_L	Not Mapped	SUP	['ELISA']	[-0.513]	GL92S	GL91S	[2.02e-08]	[8.5e-09]	1MHP_L_GL92S	AB/AG	AB/AG	2	4
3128	1MHP	1MHP_L	Not Mapped	SUP	['ELISA']	[-1.573]	GL92Q	GL91Q	[1.21e-07]	[8.5e-09]	1MHP_L_GL92Q	AB/AG	AB/AG	2	4
3129	1MLC	1MLC_B	P01868	SUR	['FL']	[-0.019]	KB65D	KB65D	[4.54e-09]	[4.4e-09]	1MLC_B_KB65D	AB/AG	AB/AG	2	4
3130	1MLC	1MLC_B	P01868	RIM	['FL']	[0.56]	TB58D	TB58D	[1.71e-09]	[4.4e-09]	1MLC_B_TB58D	AB/AG	AB/AG	2	4
3131	1MLC	1MLC_B	P01868	COR	['FL']	[0.494]	SB57V	SB57V	[1.91e-09]	[4.4e-09]	1MLC_B_SB57V	AB/AG	AB/AG	2	4
3132	1MLC	1MLC_B	P01868	COR	['FL']	[0.379]	SB57A	SB57A	[2.32e-09]	[4.4e-09]	1MLC_B_SB57A	AB/AG	AB/AG	2	4
3133	1MLC	1MLC_B	P01868	COR	['FL']	[-0.526]	TB31V	TB31V	[1.07e-08]	[4.4e-09]	1MLC_B_TB31V	AB/AG	AB/AG	2	4
3134	1MLC	1MLC_B	P01868	COR	['FL']	[-0.447]	TB31A	TB31A	[9.36e-09]	[4.4e-09]	1MLC_B_TB31A	AB/AG	AB/AG	2	4
3135	1MLC	1MLC_B	P01868	SUR	['FL']	[0.151]	TB28D	TB28D	[3.41e-09]	[4.4e-09]	1MLC_B_TB28D	AB/AG	AB/AG	2	4
3136	1MLC	1MLC_A	P01837	COR	['FL']	[1.254]	NA92A	NA92A	[5.3e-10]	[4.4e-09]	1MLC_A_NA92A	AB/AG	AB/AG	2	4
3137	1MLC	1MLC_A	P01837	SUP	['FL']	[0.878]	NA32G	NA32G	[1e-09]	[4.4e-09]	1MLC_A_NA32G	AB/AG	AB/AG	2	4
3138	2B2X	2B2X_L	Not Mapped	RIM	['KinExA']	[0.224]	YL52E	YL52E	[1e-09]	[1.46e-09]	2B2X_L_YL52E	AB/AG	AB/AG	2	6
3139	1MHP	1MHP_H	Not Mapped	COR	['ELISA']	[-1.256]	GH53N	GH53N	[7.08e-08]	[8.5e-09]	1MHP_H_GH53N	AB/AG	AB/AG	2	4
3140	1MHP	1MHP_L	Not Mapped	COR	['ELISA']	[-1.256]	HL31W	HL30W	[7.08e-08]	[8.5e-09]	1MHP_L_HL31W	AB/AG	AB/AG	2	4
3141	1MHP	1MHP_H	Not Mapped	RIM	['ELISA']	[-0.558]	GH100S	GH100S	[2.18e-08]	[8.5e-09]	1MHP_H_GH100S	AB/AG	AB/AG	2	4
3142	1MHP	1MHP_H	Not Mapped	RIM	['ELISA']	[-2.728]	GH100L	GH100L	[8.5e-07]	[8.5e-09]	1MHP_H_GH100L	AB/AG	AB/AG	2	4
3143	1MHP	1MHP_H	Not Mapped	INT	['ELISA']	[-1.573]	SH35A	SH35A	[1.21e-07]	[8.5e-09]	1MHP_H_SH35A	AB/AG	AB/AG	2	4
3144	1MHP	1MHP_H	Not Mapped	SUP	['ELISA']	[-2.728]	TH33N	TH33N	[8.5e-07]	[8.5e-09]	1MHP_H_TH33N	AB/AG	AB/AG	2	4
3145	2NYY	2NYY_A	P0DPI1	RIM	['KinExA']	[0.232]	SA902A	SA874A	[8.45e-11]	[1.25e-10]	2NYY_A_SA902A	AB/AG	AB/AG	2	6
3146	1N8Z	1N8Z_B	Not Mapped	COR	['SPR']	[-1.775]	RB59A	RB59A	[1e-08]	[5e-10]	1N8Z_B_RB59A	AB/AG	AB/AG	2	4
3147	1N8Z	1N8Z_B	Not Mapped	SUP	['SPR']	[-2.928]	RB50A	RB50A	[7e-08]	[5e-10]	1N8Z_B_RB50A	AB/AG	AB/AG	2	4
3148	1N8Z	1N8Z_B	Not Mapped	INT	['SPR']	[-0.223]	YB109V	YB109V	[5.1e-10]	[3.5e-10]	1N8Z_B_YB109V	AB/AG	AB/AG	2	4
3149	1N8Z	1N8Z_B	Not Mapped	COR	['SPR']	[-0.821]	YB105F	YB105F	[1.4e-09]	[3.5e-10]	1N8Z_B_YB105F	AB/AG	AB/AG	2	4
3150	1N8Z	1N8Z_B	Not Mapped	RIM	['SPR']	[0.686]	DB102W	DB102W	[1.1e-10]	[3.5e-10]	1N8Z_B_DB102W	AB/AG	AB/AG	2	4
3151	1N8Z	1N8Z_A	Not Mapped	COR	['SPR']	[-0.309]	TA94S	TA94S	[5.9e-10]	[3.5e-10]	1N8Z_A_TA94S	AB/AG	AB/AG	2	4
3152	1N8Z	1N8Z_A	Not Mapped	SUP	['SPR']	[-0.033]	HA91F	HA91F	[3.7e-10]	[3.5e-10]	1N8Z_A_HA91F	AB/AG	AB/AG	2	4
3153	1N8Z	1N8Z_A	Not Mapped	COR	['SPR']	[-0.064]	NA30S	NA30S	[3.9e-10]	[3.5e-10]	1N8Z_A_NA30S	AB/AG	AB/AG	2	4
3154	1YY9	1YY9_D	Not Mapped	SUR	['FL']	[0.057]	TD61E	TD61E	[4.45e-10]	[4.9e-10]	1YY9_D_TD61E	AB/AG	AB/AG	2	6
3155	1YY9	1YY9_D	Not Mapped	COR	['FL']	[0.057]	ND56A	ND56A	[4.45e-10]	[4.9e-10]	1YY9_D_ND56A	AB/AG	AB/AG	2	6
3156	1YY9	1YY9_C	Not Mapped	SUP	['FL']	[0.742]	NC93A	NC93A	[1.4e-10]	[4.9e-10]	1YY9_C_NC93A	AB/AG	AB/AG	2	6
3157	1YY9	1YY9_C	Not Mapped	SUR	['FL']	[0.519]	TC31E	TC31E	[2.04e-10]	[4.9e-10]	1YY9_C_TC31E	AB/AG	AB/AG	2	6
3158	1YY9	1YY9_C	Not Mapped	SUR	['FL']	[0.199]	SC26D	SC26D	[3.5e-10]	[4.9e-10]	1YY9_C_SC26D	AB/AG	AB/AG	2	6
3159	1MLC	1MLC_B	P01868	COR	['FL']	[-0.132]	TB31W	TB31W	[5.5e-09]	[4.4e-09]	1MLC_B_TB31W	AB/AG	AB/AG	2	4
3160	1MLC	1MLC_A	P01837	SUP	['FL']	[0.0]	NA32Y	NA32Y	[4.4e-09]	[4.4e-09]	1MLC_A_NA32Y	AB/AG	AB/AG	2	4
3161	2NYY	2NYY_A	P0DPI1	COR	['KinExA']	[-1.643]	TA1063A	TA1035A	[2e-09]	[1.25e-10]	2NYY_A_TA1063A	AB/AG	AB/AG	2	6
3162	2NYY	2NYY_A	P0DPI1	SUP	['KinExA']	[-2.548]	DA1062A	DA1034A	[9.22e-09]	[1.25e-10]	2NYY_A_DA1062A	AB/AG	AB/AG	2	6
3163	2NYY	2NYY_A	P0DPI1	RIM	['KinExA']	[-0.826]	RA1061A	RA1033A	[5.04e-10]	[1.25e-10]	2NYY_A_RA1061A	AB/AG	AB/AG	2	6
3164	2NYY	2NYY_A	P0DPI1	RIM	['KinExA']	[-0.009]	DA1058A	DA1030A	[1.27e-10]	[1.25e-10]	2NYY_A_DA1058A	AB/AG	AB/AG	2	6
3165	2NYY	2NYY_A	P0DPI1	SUP	['KinExA']	[0.029]	KA1056A	KA1028A	[1.19e-10]	[1.25e-10]	2NYY_A_KA1056A	AB/AG	AB/AG	2	6
3166	2NYY	2NYY_A	P0DPI1	COR	['KinExA']	[0.01]	IA956A	IA928A	[1.23e-10]	[1.25e-10]	2NYY_A_IA956A	AB/AG	AB/AG	2	6
3167	2NYY	2NYY_A	P0DPI1	RIM	['KinExA']	[0.0]	SA955A	SA927A	[1.25e-10]	[1.25e-10]	2NYY_A_SA955A	AB/AG	AB/AG	2	6
3168	2NYY	2NYY_A	P0DPI1	COR	['KinExA']	[-0.1]	NA954A	NA926A	[1.48e-10]	[1.25e-10]	2NYY_A_NA954A	AB/AG	AB/AG	2	6
3169	2NYY	2NYY_A	P0DPI1	COR	['KinExA']	[-4.088]	FA953A	FA925A	[1.24e-07]	[1.25e-10]	2NYY_A_FA953A	AB/AG	AB/AG	2	6
3170	2NYY	2NYY_A	P0DPI1	SUR	['KinExA']	[0.141]	KA923A	KA895A	[9.85e-11]	[1.25e-10]	2NYY_A_KA923A	AB/AG	AB/AG	2	6
3171	2NYY	2NYY_A	P0DPI1	COR	['KinExA']	[-2.86]	EA920A	EA892A	[1.56e-08]	[1.25e-10]	2NYY_A_EA920A	AB/AG	AB/AG	2	6
3172	2NYY	2NYY_A	P0DPI1	COR	['KinExA']	[-2.608]	LA919A	LA891A	[1.02e-08]	[1.25e-10]	2NYY_A_LA919A	AB/AG	AB/AG	2	6
3173	2NYY	2NYY_A	P0DPI1	COR	['KinExA']	[-0.897]	NA918A	NA890A	[5.68e-10]	[1.25e-10]	2NYY_A_NA918A	AB/AG	AB/AG	2	6
3174	2NYY	2NYY_A	P0DPI1	COR	['KinExA']	[-0.422]	FA917A	FA889A	[2.55e-10]	[1.25e-10]	2NYY_A_FA917A	AB/AG	AB/AG	2	6
3175	2NYY	2NYY_A	P0DPI1	INT	['KinExA']	[-0.525]	QA915A	QA887A	[3.03e-10]	[1.25e-10]	2NYY_A_QA915A	AB/AG	AB/AG	2	6
3176	2NYY	2NYY_A	P0DPI1	RIM	['KinExA']	[-0.293]	KA903A	KA875A	[2.05e-10]	[1.25e-10]	2NYY_A_KA903A	AB/AG	AB/AG	2	6
3177	2NZ9	2NZ9_A	P0DPI1	RIM	['KinExA']	[0.031]	DA1058A	DA1030A	[1.29e-10]	[1.36e-10]	2NZ9_A_DA1058A	AB/AG	AB/AG	2	6
3178	2NZ9	2NZ9_A	P0DPI1	SUP	['KinExA']	[0.009]	KA1056A	KA1028A	[1.34e-10]	[1.36e-10]	2NZ9_A_KA1056A	AB/AG	AB/AG	2	6
3179	2NZ9	2NZ9_A	P0DPI1	RIM	['KinExA']	[-0.07]	IA956A	IA928A	[1.53e-10]	[1.36e-10]	2NZ9_A_IA956A	AB/AG	AB/AG	2	6
3180	2NZ9	2NZ9_A	P0DPI1	RIM	['KinExA']	[0.079]	SA955A	SA927A	[1.19e-10]	[1.36e-10]	2NZ9_A_SA955A	AB/AG	AB/AG	2	6
3181	2NZ9	2NZ9_A	P0DPI1	COR	['KinExA']	[0.153]	NA954A	NA926A	[1.05e-10]	[1.36e-10]	2NZ9_A_NA954A	AB/AG	AB/AG	2	6
3182	2NZ9	2NZ9_A	P0DPI1	SUP	['KinExA']	[-3.365]	FA953A	FA925A	[3.98e-08]	[1.36e-10]	2NZ9_A_FA953A	AB/AG	AB/AG	2	6
3183	2NZ9	2NZ9_A	P0DPI1	SUR	['KinExA']	[0.302]	KA923A	KA895A	[8.17e-11]	[1.36e-10]	2NZ9_A_KA923A	AB/AG	AB/AG	2	6
3184	2NZ9	2NZ9_A	P0DPI1	COR	['KinExA']	[-2.79]	EA920A	EA892A	[1.51e-08]	[1.36e-10]	2NZ9_A_EA920A	AB/AG	AB/AG	2	6
3185	2NZ9	2NZ9_A	P0DPI1	COR	['KinExA']	[-2.296]	LA919A	LA891A	[6.56e-09]	[1.36e-10]	2NZ9_A_LA919A	AB/AG	AB/AG	2	6
3186	2NZ9	2NZ9_A	P0DPI1	COR	['KinExA']	[-2.176]	NA918A	NA890A	[5.35e-09]	[1.36e-10]	2NZ9_A_NA918A	AB/AG	AB/AG	2	6
3187	2NZ9	2NZ9_A	P0DPI1	COR	['KinExA']	[0.05]	FA917A	FA889A	[1.25e-10]	[1.36e-10]	2NZ9_A_FA917A	AB/AG	AB/AG	2	6
3188	2NZ9	2NZ9_A	P0DPI1	INT	['KinExA']	[-0.1]	QA915A	QA887A	[1.61e-10]	[1.36e-10]	2NZ9_A_QA915A	AB/AG	AB/AG	2	6
3189	2NZ9	2NZ9_A	P0DPI1	RIM	['KinExA']	[-0.545]	KA903A	KA875A	[3.41e-10]	[1.36e-10]	2NZ9_A_KA903A	AB/AG	AB/AG	2	6
3190	2NZ9	2NZ9_A	P0DPI1	RIM	['KinExA']	[0.12]	SA902A	SA874A	[1.11e-10]	[1.36e-10]	2NZ9_A_SA902A	AB/AG	AB/AG	2	6
3191	2NYY	2NYY_A	P0DPI1	RIM	['KinExA']	[-0.302]	RA1294A	RA1266A	[2.08e-10]	[1.25e-10]	2NYY_A_RA1294A	AB/AG	AB/AG	2	6
3192	2NYY	2NYY_A	P0DPI1	COR	['KinExA']	[-7.372]	HA1064A	HA1036A	[3.17e-05]	[1.25e-10]	2NYY_A_HA1064A	AB/AG	AB/AG	2	6
3193	2NYY	2NYY_D	Not Mapped	INT	['KinExA']	[0.25]	ED6Q	ED5Q	[8.2e-11]	[1.25e-10]	2NYY_D_ED6Q	AB/AG	AB/AG	2	6
3194	2NYY	2NYY_D	Not Mapped	INT	['KinExA']	[0.215]	VD37I	VD36I	[8.7e-11]	[1.25e-10]	2NYY_D_VD37I	AB/AG	AB/AG	2	6
3195	2NYY	2NYY_C	Not Mapped	RIM	['KinExA']	[-0.102]	HC34R	HC34R	[1.84e-10]	[1.55e-10]	2NYY_C_HC34R	AB/AG	AB/AG	2	6
3196	2NYY	2NYY_C	Not Mapped	COR	['KinExA']	[0.356]	SC31N	SC31N	[8.5e-11]	[1.55e-10]	2NYY_C_SC31N	AB/AG	AB/AG	2	6
3197	2NYY	2NYY_C	Not Mapped	RIM	['KinExA']	[-0.646]	DC30Y	DC30Y	[4.61e-10]	[1.55e-10]	2NYY_C_DC30Y	AB/AG	AB/AG	2	6
3198	2NYY	2NYY_C	Not Mapped	RIM	['KinExA']	[-0.416]	SC28Q	SC28Q	[3.13e-10]	[1.55e-10]	2NYY_C_SC28Q	AB/AG	AB/AG	2	6
3199	2NYY	2NYY_D	Not Mapped	COR	['KinExA']	[-0.523]	YD57Q	YD56Q	[3.75e-10]	[1.55e-10]	2NYY_D_YD57Q	AB/AG	AB/AG	2	6
3200	2NYY	2NYY_D	Not Mapped	RIM	['KinExA']	[-0.13]	YD31Q	YD30Q	[1.93e-10]	[1.55e-10]	2NYY_D_YD31Q	AB/AG	AB/AG	2	6
3201	2NYY	2NYY_D	Not Mapped	RIM	['KinExA']	[-0.065]	YD31D	YD30D	[1.73e-10]	[1.55e-10]	2NYY_D_YD31D	AB/AG	AB/AG	2	6
3202	2NYY	2NYY_D	Not Mapped	RIM	['KinExA']	[-0.072]	KD30R	KD29R	[1.75e-10]	[1.55e-10]	2NYY_D_KD30R	AB/AG	AB/AG	2	6
3203	2NYY	2NYY_D	Not Mapped	INT	['KinExA']	[0.06]	MD34Q	MD33Q	[1.4e-10]	[1.55e-10]	2NYY_D_MD34Q	AB/AG	AB/AG	2	6
3204	2NZ9	2NZ9_A	P0DPI1	RIM	['KinExA']	[-0.393]	RA1294A	RA1266A	[2.64e-10]	[1.36e-10]	2NZ9_A_RA1294A	AB/AG	AB/AG	2	6
3205	2NZ9	2NZ9_A	P0DPI1	COR	['KinExA']	[-7.473]	HA1064A	HA1036A	[4.09e-05]	[1.36e-10]	2NZ9_A_HA1064A	AB/AG	AB/AG	2	6
3206	2NZ9	2NZ9_A	P0DPI1	COR	['KinExA']	[-2.387]	TA1063A	TA1035A	[7.65e-09]	[1.36e-10]	2NZ9_A_TA1063A	AB/AG	AB/AG	2	6
3207	2NZ9	2NZ9_A	P0DPI1	SUP	['KinExA']	[-2.356]	DA1062A	DA1034A	[7.26e-09]	[1.36e-10]	2NZ9_A_DA1062A	AB/AG	AB/AG	2	6
3208	2NZ9	2NZ9_A	P0DPI1	RIM	['KinExA']	[-0.293]	RA1061A	RA1033A	[2.23e-10]	[1.36e-10]	2NZ9_A_RA1061A	AB/AG	AB/AG	2	6
3209	1E96	1E96_A	P63000	SUR	['FL']	[-2.202]	DA38N	DA38N	[5.1e-06]	[1.24e-07]	1E96_A_DA38N		1E96_A_B,4G0N_A_B,3KUD_A_B	1	1
3210	1E96	1E96_A	P63000	RIM	['FL']	[-2.043]	IA33N	IA33N	[3.9e-06]	[1.24e-07]	1E96_A_IA33N		1E96_A_B,4G0N_A_B,3KUD_A_B	1	1
3211	1E96	1E96_A	P63000	COR	['FL']	[-1.105]	NA26H	NA26H	[8e-07]	[1.24e-07]	1E96_A_NA26H		1E96_A_B,4G0N_A_B,3KUD_A_B	1	1
3212	1GCQ	1GCQ_C	P27870	COR	['SPR']	[0.025]	GC611V	GC21V	[1.61e-05]	[1.68e-05]	1GCQ_C_GC611V		1GCQ_AB_C,1EFN_A_B	1	3
3213	1GCQ	1GCQ_C	P27870	SUP	['SPR']	[-0.085]	PC609A	PC19A	[1.94e-05]	[1.68e-05]	1GCQ_C_PC609A		1GCQ_AB_C,1EFN_A_B	1	3
3214	1GCQ	1GCQ_C	P27870	COR	['SPR']	[-0.121]	PC608A	PC18A	[2.06e-05]	[1.68e-05]	1GCQ_C_PC608A		1GCQ_AB_C,1EFN_A_B	1	3
3215	1GCQ	1GCQ_C	P27870	COR	['SPR']	[-1.316]	PC657A	PC67A	[0.000155]	[1.68e-05]	1GCQ_C_PC657A		1GCQ_AB_C,1EFN_A_B	1	3
3216	3NGB	3NGB_H	Not Mapped	COR	['SPR']	[-0.165]	VH73T	VH74T	[7.61e-09]	[5.76e-09]	3NGB_H_VH73T	AB/AG	AB/AG	2	8
3217	3NGB	3NGB_H	Not Mapped	RIM	['SPR']	[-0.233]	PH62K	PH63K	[8.53e-09]	[5.76e-09]	3NGB_H_PH62K	AB/AG	AB/AG	2	8
3218	3NGB	3NGB_H	Not Mapped	COR	['SPR']	[-0.138]	VH57T	VH58T	[7.27e-09]	[5.76e-09]	3NGB_H_VH57T	AB/AG	AB/AG	2	8
3219	3NGB	3NGB_H	Not Mapped	COR	['SPR']	[0.056]	AH56G	AH57G	[5.24e-09]	[5.76e-09]	3NGB_H_AH56G	AB/AG	AB/AG	2	8
3220	3NGB	3NGB_H	Not Mapped	COR	['SPR']	[-0.743]	GH54S	GH55S	[2.02e-08]	[5.76e-09]	3NGB_H_GH54S	AB/AG	AB/AG	2	8
3221	3NGB	3NGB_H	Not Mapped	SUP	['SPR']	[-0.084]	TH33Y	TH33Y	[6.64e-09]	[5.76e-09]	3NGB_H_TH33Y	AB/AG	AB/AG	2	8
3222	3MZW	3MZW_B	P38507	SUR	['SPR']	[-0.025]	NB23A	NB18A	[2.4e-11]	[2.3e-11]	3MZW_B_NB23A		3MZW_A_B,1FC2_C_D,3N85_A_LH	2	8
3223	3MZW	3MZW_B	P38507	SUR	['SPR']	[-0.073]	NB23G	NB18G	[2.6e-11]	[2.3e-11]	3MZW_B_NB23G		3MZW_A_B,1FC2_C_D,3N85_A_LH	2	8
3224	3MZW	3MZW_B	P38507	SUR	['SPR']	[0.145]	NB23T	NB18T	[1.8e-11]	[2.3e-11]	3MZW_B_NB23T		3MZW_A_B,1FC2_C_D,3N85_A_LH	2	8
3225	3NGB	3NGB_H	Not Mapped	COR	['SPR']	[-0.175]	KH52N	KH52N	[7.74e-09]	[5.76e-09]	3NGB_H_KH52N	AB/AG	AB/AG	2	8
3226	3NGB	3NGB_H	Not Mapped	COR	['SPR']	[-0.073]	IH30T	IH30T	[6.52e-09]	[5.76e-09]	3NGB_H_IH30T	AB/AG	AB/AG	2	8
3227	3NGB	3NGB_H	Not Mapped	RIM	['SPR']	[-0.333]	YH74S	YH75S	[1.01e-08]	[5.76e-09]	3NGB_H_YH74S	AB/AG	AB/AG	2	8
3228	1GCQ	1GCQ_C	P27870	SUP	['SPR']	[-2.147]	WC637Y	WC47Y	[0.00063]	[1.68e-05]	1GCQ_C_WC637Y		1GCQ_AB_C,1EFN_A_B	1	3
3229	1GCQ	1GCQ_C	P27870	COR	['SPR']	[-1.353]	AC632G	AC42G	[0.000165]	[1.68e-05]	1GCQ_C_AC632G		1GCQ_AB_C,1EFN_A_B	1	3
3230	1GCQ	1GCQ_C	P27870	COR	['SPR']	[-0.768]	PC595A	PC5A	[6.14e-05]	[1.68e-05]	1GCQ_C_PC595A		1GCQ_AB_C,1EFN_A_B	1	3
3231	1JCK	1JCK_B	P0A0L5	INT	['SE']	[-0.013]	GB102A	GB102A	[4.6e-06]	[4.5e-06]	1JCK_B_GB102A		1JCK_A_B,1SBB_A_B,3QDJ_ABC_DE,3QDG_ABC_DE,4L3E_ABC_DE,4JFF_ABC_DE,4JFD_ABC_DE,4JFE_ABC_DE,2P5E_ABC_DE,2PYE_ABC_DE,2BNR_ABC_DE,2BNQ_ABC_DE,1AO7_ABC_DE,4FTV_ABC_DE,3D3V_ABC_DE,3QFJ_ABC_DE,3QIB_ABP_CD,1QSE_ABC_DE,1QRN_ABC_DE,1QSF_ABC_DE,3H9S_ABC_DE,3PWP_ABC_DE,1LP9_ABC_EF,2UWE_ABC_EF,2JCC_ABC_EF,2J8U_ABC_EF,4OZG_ABJ_GH,1MI5_ABC_DE,3HG1_ABC_DE,4P23_CD_AB,4P5T_CD_AB,1BD2_ABC_DE,2AK4_ABC_DE,2VLR_ABC_DE,1OGA_ABC_DE,2E7L_EQ_AD,3C60_CD_AB,2OI9_AQ_BC	2	3
3232	1AK4	1AK4_D	P12497	COR	['SPR']	[-0.77]	AD488V	AD88V	[4.4e-05]	[1.2e-05]	1AK4_D_AD488V		1AK4_A_D,1M9E_A_D	1	1
3233	1AK4	1AK4_D	P12497	RIM	['SPR']	[-1.646]	HD487R	HD87R	[0.000193]	[1.2e-05]	1AK4_D_HD487R		1AK4_A_D,1M9E_A_D	1	1
3234	1AK4	1AK4_D	P12497	RIM	['SPR']	[-0.973]	HD487Q	HD87Q	[6.2e-05]	[1.2e-05]	1AK4_D_HD487Q		1AK4_A_D,1M9E_A_D	1	1
3235	1AK4	1AK4_D	P12497	RIM	['SPR']	[-1.01]	HD487A	HD87A	[6.6e-05]	[1.2e-05]	1AK4_D_HD487A		1AK4_A_D,1M9E_A_D	1	1
3236	1AK4	1AK4_D	P12497	COR	['SPR']	[-0.992]	VD486A	VD86A	[6.4e-05]	[1.2e-05]	1AK4_D_VD486A		1AK4_A_D,1M9E_A_D	1	1
3237	1AK4	1AK4_D	P12497	RIM	['SPR']	[-1.086]	PD485A	PD85A	[7.5e-05]	[1.2e-05]	1AK4_D_PD485A		1AK4_A_D,1M9E_A_D	1	1
3238	1E96	1E96_A	P63000	SUR	['FL']	[0.127]	LA134R	LA134R	[1e-07]	[1.24e-07]	1E96_A_LA134R		1E96_A_B,4G0N_A_B,3KUD_A_B	1	1
3239	1E96	1E96_A	P63000	SUR	['FL']	[0.19]	KA132E	KA132E	[9e-08]	[1.24e-07]	1E96_A_KA132E		1E96_A_B,4G0N_A_B,3KUD_A_B	1	1
3240	1E96	1E96_A	P63000	SUR	['FL']	[-0.366]	MA45T	MA45T	[2.3e-07]	[1.24e-07]	1E96_A_MA45T		1E96_A_B,4G0N_A_B,3KUD_A_B	1	1
3241	1X1X	1X1X_D	P11540	SUP	['SPR']	[0.824]	AD76E	AD76E	[1.32e-10]	[5.3e-10]	1X1X_D_AD76E		1BRS_A_D,1B2U_A_D,1B2S_A_D,1B3S_A_D,1X1W_A_D,1X1X_A_D	1	5
3242	1X1W	1X1W_D	P11540	SUR	['SPR']	[0.411]	AD80E	AD81E	[1.32e-10]	[2.64e-10]	1X1W_D_AD80E		1BRS_A_D,1B2U_A_D,1B2S_A_D,1B3S_A_D,1X1W_A_D,1X1X_A_D	1	5
3243	1B3S	1B3S_D	P11540	RIM	['SFFL']	[-0.596]	FD30Y	FD30Y	[3.2e-10]	[1.17e-10]	1B3S_D_FD30Y		1BRS_A_D,1B2U_A_D,1B2S_A_D,1B3S_A_D,1X1W_A_D,1X1X_A_D	1	1
3244	1B3S	1B3S_A	P00648	COR	['SFFL']	[5.682]	AA102H	AA102H	[8e-15]	[1.17e-10]	1B3S_A_AA102H		1BRS_A_D,1B2U_A_D,1B2S_A_D,1B3S_A_D,1X1W_A_D,1X1X_A_D	1	1
3245	1B2S	1B2S_D	P11540	RIM	['SFFL']	[0.343]	AD43T	AD43T	[8.8e-11]	[1.57e-10]	1B2S_D_AD43T		1BRS_A_D,1B2U_A_D,1B2S_A_D,1B3S_A_D,1X1W_A_D,1X1X_A_D	1	1
3246	1B2S	1B2S_A	P00648	SUP	['SFFL']	[3.866]	AA27K	AA27K	[2.3e-13]	[1.57e-10]	1B2S_A_AA27K		1BRS_A_D,1B2U_A_D,1B2S_A_D,1B3S_A_D,1X1W_A_D,1X1X_A_D	1	1
3247	1B2U	1B2U_D	P11540	COR	['SFFL']	[4.168]	AD36D	AD36D	[8.8e-11]	[1e-07]	1B2U_D_AD36D		1BRS_A_D,1B2U_A_D,1B2S_A_D,1B3S_A_D,1X1W_A_D,1X1X_A_D	1	1
3248	1B2U	1B2U_A	P00648	SUP	['SFFL']	[5.046]	AA27K	AA27K	[2e-11]	[1e-07]	1B2U_A_AA27K		1BRS_A_D,1B2U_A_D,1B2S_A_D,1B3S_A_D,1X1W_A_D,1X1X_A_D	1	1
3249	1BRS	1BRS_A	P00648	COR	['IAFL']	[-7.666]	HA102L	HA100L	[2.5e-08]	[6e-14]	1BRS_A_HA102L		1BRS_A_D,1B2U_A_D,1B2S_A_D,1B3S_A_D,1X1W_A_D,1X1X_A_D	1	2
3250	1BRS	1BRS_A	P00648	COR	['IAFL']	[-6.821]	HA102G	HA100G	[6e-09]	[6e-14]	1BRS_A_HA102G		1BRS_A_D,1B2U_A_D,1B2S_A_D,1B3S_A_D,1X1W_A_D,1X1X_A_D	1	2
3251	1BRS	1BRS_A	P00648	COR	['IAFL']	[-4.551]	HA102D	HA100D	[1.3e-10]	[6e-14]	1BRS_A_HA102D		1BRS_A_D,1B2U_A_D,1B2S_A_D,1B3S_A_D,1X1W_A_D,1X1X_A_D	1	2
3252	1BRS	1BRS_A	P00648	COR	['IAFL']	[-4.551]	HA102Q	HA100Q	[1.3e-10]	[6e-14]	1BRS_A_HA102Q		1BRS_A_D,1B2U_A_D,1B2S_A_D,1B3S_A_D,1X1W_A_D,1X1X_A_D	1	2
3253	3S9D	3S9D_A	P01563	SUR	['SP']	[0.0]	SA28A	SA21A	[1e-08]	[1e-08]	3S9D_A_SA28A		3S9D_A_B,3SE3_B_C,3SE4_B_C	2	8
3254	3NGB	3NGB_L	Not Mapped	RIM	['SPR']	[-0.652]	YL28S	YL26S	[1.73e-08]	[5.76e-09]	3NGB_L_YL28S	AB/AG	AB/AG	2	8
3255	3NGB	3NGB_H	Not Mapped	COR	['SPR']	[-0.097]	RH61Q	RH62Q	[6.78e-09]	[5.76e-09]	3NGB_H_RH61Q	AB/AG	AB/AG	2	8
3256	3NGB	3NGB_H	Not Mapped	RIM	['SPR']	[-0.046]	RH53N	RH54N	[6.23e-09]	[5.76e-09]	3NGB_H_RH53N	AB/AG	AB/AG	2	8
3257	3S9D	3S9D_A	P01563	COR	['SP']	[-6.082]	RA33Q	RA26Q	[8.62e-05]	[3e-09]	3S9D_A_RA33Q		3S9D_A_B,3SE3_B_C,3SE4_B_C	2	8
3258	1BRS	1BRS_A	P00648	COR	['IAFL']	[-2.488]	RA59K	RA57K	[4e-12]	[6e-14]	1BRS_A_RA59K		1BRS_A_D,1B2U_A_D,1B2S_A_D,1B3S_A_D,1X1W_A_D,1X1X_A_D	1	2
3259	1BRS	1BRS_A	P00648	SUP	['ITC']	[-3.01]	EA73S	EA71S	[1.61e-12]	[1e-14]	1BRS_A_EA73S		1BRS_A_D,1B2U_A_D,1B2S_A_D,1B3S_A_D,1X1W_A_D,1X1X_A_D	1	1
3260	1BRS	1BRS_A	P00648	SUP	['ITC']	[-2.529]	EA73C	EA71C	[7.14e-13]	[1e-14]	1BRS_A_EA73C		1BRS_A_D,1B2U_A_D,1B2S_A_D,1B3S_A_D,1X1W_A_D,1X1X_A_D	1	1
3261	1BRS	1BRS_A	P00648	SUP	['ITC']	[-2.235]	EA73F	EA71F	[4.35e-13]	[1e-14]	1BRS_A_EA73F		1BRS_A_D,1B2U_A_D,1B2S_A_D,1B3S_A_D,1X1W_A_D,1X1X_A_D	1	1
3262	1BRS	1BRS_A	P00648	SUP	['ITC']	[-2.414]	EA73Y	EA71Y	[5.88e-13]	[1e-14]	1BRS_A_EA73Y		1BRS_A_D,1B2U_A_D,1B2S_A_D,1B3S_A_D,1X1W_A_D,1X1X_A_D	1	1
3263	1BRS	1BRS_A	P00648	SUP	['ITC']	[-1.657]	EA73W	EA71W	[1.64e-13]	[1e-14]	1BRS_A_EA73W		1BRS_A_D,1B2U_A_D,1B2S_A_D,1B3S_A_D,1X1W_A_D,1X1X_A_D	1	1
3264	1BRS	1BRS_A	P00648	SUP	['ITC']	[-1.452]	EA73Q	EA71Q	[1.16e-13]	[1e-14]	1BRS_A_EA73Q		1BRS_A_D,1B2U_A_D,1B2S_A_D,1B3S_A_D,1X1W_A_D,1X1X_A_D	1	1
3265	1BRS	1BRS_D	P11540	COR	['SFFL']	[-0.056]	WD44F	WD44F	[1.1e-14]	[1e-14]	1BRS_D_WD44F		1BRS_A_D,1B2U_A_D,1B2S_A_D,1B3S_A_D,1X1W_A_D,1X1X_A_D	1	2
3266	1BRS	1BRS_D	P11540	COR	['SFFL']	[-1.858]	TD42A	TD42A	[2.3e-13]	[1e-14]	1BRS_D_TD42A		1BRS_A_D,1B2U_A_D,1B2S_A_D,1B3S_A_D,1X1W_A_D,1X1X_A_D	1	2
3267	1BRS	1BRS_D	P11540	COR	['SFFL']	[-1.643]	WD38F	WD38F	[1.6e-13]	[1e-14]	1BRS_D_WD38F		1BRS_A_D,1B2U_A_D,1B2S_A_D,1B3S_A_D,1X1W_A_D,1X1X_A_D	1	2
3268	1BRS	1BRS_D	P11540	RIM	['ITC']	[-3.471]	YD29A	YD29A	[3.5e-12]	[1e-14]	1BRS_D_YD29A		1BRS_A_D,1B2U_A_D,1B2S_A_D,1B3S_A_D,1X1W_A_D,1X1X_A_D	1	2
3269	3S9D	3S9D_B	P48551	INT	['SP']	[-0.725]	WB72F	WB61F	[3.4e-08]	[1e-08]	3S9D_B_WB72F		3S9D_A_B,3SE3_B_C,3SE4_B_C	2	9
3270	3S9D	3S9D_B	P48551	RIM	['SP']	[-0.651]	EB50R	EB39R	[3e-08]	[1e-08]	3S9D_B_EB50R		3S9D_A_B,3SE3_B_C,3SE4_B_C	2	8
3271	3S9D	3S9D_A	P01563	SUR	['SP']	[0.062]	LA128A	LA99A	[9e-09]	[1e-08]	3S9D_A_LA128A		3S9D_A_B,3SE3_B_C,3SE4_B_C	2	8
3272	3S9D	3S9D_A	P01563	SUR	['SP']	[0.0]	EA41A	EA34A	[1e-08]	[1e-08]	3S9D_A_EA41A		3S9D_A_B,3SE3_B_C,3SE4_B_C	2	8
3273	3S9D	3S9D_A	P01563	SUR	['SP']	[0.0]	NA65A	NA51A	[3e-09]	[3e-09]	3S9D_A_NA65A		3S9D_A_B,3SE3_B_C,3SE4_B_C	2	8
3274	3S9D	3S9D_A	P01563	SUR	['SP']	[-0.17]	FA64A	FA50A	[4e-09]	[3e-09]	3S9D_A_FA64A		3S9D_A_B,3SE3_B_C,3SE4_B_C	2	8
3275	3S9D	3S9D_A	P01563	INT	['SP']	[0.0]	QA62A	QA48A	[3e-09]	[3e-09]	3S9D_A_QA62A		3S9D_A_B,3SE3_B_C,3SE4_B_C	2	8
3276	1BRS	1BRS_D	P11540	RIM	['ITC']	[0.132]	YD29F	YD29F	[8e-15]	[1e-14]	1BRS_D_YD29F		1BRS_A_D,1B2U_A_D,1B2S_A_D,1B3S_A_D,1X1W_A_D,1X1X_A_D	1	2
3277	1BRS	1BRS_A	P00648	COR	['SFFL']	[-5.42]	RA83Q	RA81Q	[9.4e-11]	[1e-14]	1BRS_A_RA83Q		1BRS_A_D,1B2U_A_D,1B2S_A_D,1B3S_A_D,1X1W_A_D,1X1X_A_D	1	2
3278	1IAR	1IAR_A	P05112	COR	['SPR']	[-1.307]	WA91D	WA91D	[1.47e-09]	[1.62e-10]	1IAR_A_WA91D		1IAR_A_B	1	3
3279	1IAR	1IAR_A	P05112	COR	['SPR']	[-0.73]	WA91A	WA91A	[5.55e-10]	[1.62e-10]	1IAR_A_WA91A		1IAR_A_B	1	3
3280	1IAR	1IAR_A	P05112	SUP	['SPR']	[-1.559]	NA89A	NA89A	[2.25e-09]	[1.62e-10]	1IAR_A_NA89A		1IAR_A_B	1	3
3281	1IAR	1IAR_A	P05112	COR	['SPR']	[-3.755]	RA88A	RA88A	[9.16e-08]	[1.62e-10]	1IAR_A_RA88A		1IAR_A_B	1	3
3282	1IAR	1IAR_A	P05112	COR	['SPR']	[-2.829]	RA88Q	RA88Q	[1.92e-08]	[1.62e-10]	1IAR_A_RA88Q		1IAR_A_B	1	3
3283	1IAR	1IAR_A	P05112	COR	['SPR']	[-1.225]	RA85E	RA85E	[1.28e-09]	[1.62e-10]	1IAR_A_RA85E		1IAR_A_B	1	3
3284	1IAR	1IAR_A	P05112	COR	['SPR']	[-0.427]	RA85A	RA85A	[3.33e-10]	[1.62e-10]	1IAR_A_RA85A		1IAR_A_B	1	3
3285	1IAR	1IAR_A	P05112	COR	['SPR']	[-1.88]	KA84D	KA84D	[3.87e-09]	[1.62e-10]	1IAR_A_KA84D		1IAR_A_B	1	3
3286	1IAR	1IAR_A	P05112	COR	['SPR']	[-0.345]	KA84A	KA84A	[2.9e-10]	[1.62e-10]	1IAR_A_KA84A		1IAR_A_B	1	3
3287	1IAR	1IAR_A	P05112	SUP	['SPR']	[0.581]	FA82D	FA82D	[6.08e-11]	[1.62e-10]	1IAR_A_FA82D		1IAR_A_B	1	3
3288	3S9D	3S9D_A	P01563	SUR	['SP']	[-0.019]	QA40A	QA33A	[3.1e-09]	[3e-09]	3S9D_A_QA40A		3S9D_A_B,3SE3_B_C,3SE4_B_C	2	8
3289	3S9D	3S9D_A	P01563	SUR	['SPR']	[-0.031]	RA120K	RA91K	[3.16e-09]	[3e-09]	3S9D_A_RA120K		3S9D_A_B,3SE3_B_C,3SE4_B_C	2	8
3290	3S9D	3S9D_A	P01563	RIM	['SPR']	[0.181]	AA19W	AA12W	[2.21e-09]	[3e-09]	3S9D_A_AA19W		3S9D_A_B,3SE3_B_C,3SE4_B_C	2	8
3291	3S9D	3S9D_A	P01563	COR	['SPR']	[-0.622]	RA12A	RA5A	[8.57e-09]	[3e-09]	3S9D_A_RA12A		3S9D_A_B,3SE3_B_C,3SE4_B_C	2	8
3292	3S9D	3S9D_A	P01563	SUR	['SP']	[-0.17]	EA96A	EA82A	[4e-09]	[3e-09]	3S9D_A_EA96A		3S9D_A_B,3SE3_B_C,3SE4_B_C	2	8
3293	3S9D	3S9D_A	P01563	SUR	['SP']	[-0.17]	NA93A	NA79A	[4e-09]	[3e-09]	3S9D_A_NA93A		3S9D_A_B,3SE3_B_C,3SE4_B_C	2	8
3294	3S9D	3S9D_A	P01563	SUR	['SP']	[-0.17]	QA90A	QA76A	[4e-09]	[3e-09]	3S9D_A_QA90A		3S9D_A_B,3SE3_B_C,3SE4_B_C	2	8
3295	3S9D	3S9D_A	P01563	SUR	['SP']	[-0.303]	YA89A	YA75A	[5e-09]	[3e-09]	3S9D_A_YA89A		3S9D_A_B,3SE3_B_C,3SE4_B_C	2	9
3296	3S9D	3S9D_A	P01563	SUR	['SP']	[-0.17]	TA86A	TA72A	[4e-09]	[3e-09]	3S9D_A_TA86A		3S9D_A_B,3SE3_B_C,3SE4_B_C	2	9
3297	3S9D	3S9D_A	P01563	INT	['SP']	[-0.303]	YA85A	YA71A	[5e-09]	[3e-09]	3S9D_A_YA85A		3S9D_A_B,3SE3_B_C,3SE4_B_C	2	9
3298	3S9D	3S9D_A	P01563	SUR	['SP']	[0.0]	KA83A	KA69A	[3e-09]	[3e-09]	3S9D_A_KA83A		3S9D_A_B,3SE3_B_C,3SE4_B_C	2	8
3299	3S9D	3S9D_A	P01563	INT	['SP']	[-0.303]	LA80A	LA66A	[5e-09]	[3e-09]	3S9D_A_LA80A		3S9D_A_B,3SE3_B_C,3SE4_B_C	2	8
3300	3S9D	3S9D_A	P01563	SUR	['SP']	[-0.17]	TA79A	TA65A	[4e-09]	[3e-09]	3S9D_A_TA79A		3S9D_A_B,3SE3_B_C,3SE4_B_C	2	8
3301	3S9D	3S9D_A	P01563	SUR	['SP']	[-0.17]	SA73A	SA59A	[4e-09]	[3e-09]	3S9D_A_SA73A		3S9D_A_B,3SE3_B_C,3SE4_B_C	2	8
3302	3S9D	3S9D_A	P01563	SUR	['SP']	[0.0]	KA70A	KA56A	[3e-09]	[3e-09]	3S9D_A_KA70A		3S9D_A_B,3SE3_B_C,3SE4_B_C	2	8
3303	3S9D	3S9D_A	P01563	SUR	['SP']	[0.0]	TA69A	TA55A	[3e-09]	[3e-09]	3S9D_A_TA69A		3S9D_A_B,3SE3_B_C,3SE4_B_C	2	8
3304	3S9D	3S9D_A	P01563	SUR	['SP']	[0.0]	SA68A	SA54A	[3e-09]	[3e-09]	3S9D_A_SA68A		3S9D_A_B,3SE3_B_C,3SE4_B_C	2	8
3305	3SE4	3SE4_C	P48551	COR	['SPR']	[-1.209]	IC103A	IC95A	[1.54e-08]	[2e-09]	3SE4_C_IC103A		3SE4_B_C,3S9D_A_B,3SE3_B_C	2	9
3306	3SE4	3SE4_C	P48551	COR	['SPR']	[-1.165]	VC80A	VC72A	[1.43e-08]	[2e-09]	3SE4_C_VC80A		3SE4_B_C,3S9D_A_B,3SE3_B_C	2	9
3307	3SE4	3SE4_C	P48551	RIM	['SPR']	[0.61]	HC76A	HC68A	[7.14e-10]	[2e-09]	3SE4_C_HC76A		3SE4_B_C,3S9D_A_B,3SE3_B_C	2	9
3308	3SE4	3SE4_C	P48551	COR	['SPR']	[-0.212]	SC47A	SC39A	[2.86e-09]	[2e-09]	3SE4_C_SC47A		3SE4_B_C,3S9D_A_B,3SE3_B_C	2	9
3309	3SE4	3SE4_C	P48551	COR	['SPR']	[-1.165]	MC46V	MC38V	[1.43e-08]	[2e-09]	3SE4_C_MC46V		3SE4_B_C,3S9D_A_B,3SE3_B_C	2	9
3310	3SE4	3SE4_C	P48551	COR	['SPR']	[-1.666]	MC46A	MC38A	[3.33e-08]	[2e-09]	3SE4_C_MC46A		3SE4_B_C,3S9D_A_B,3SE3_B_C	2	9
3311	3SE4	3SE4_C	P48551	SUP	['SPR']	[-1.364]	TC44A	TC36A	[2e-08]	[2e-09]	3SE4_C_TC44A		3SE4_B_C,3S9D_A_B,3SE3_B_C	2	9
3312	3S9D	3S9D_B	P48551	RIM	['SPR']	[0.0]	HB187A	HB166A	[3e-09]	[3e-09]	3S9D_B_HB187A		3S9D_A_B,3SE3_B_C,3SE4_B_C	2	8
3313	3S9D	3S9D_B	P48551	RIM	['SPR']	[-0.044]	HB97A	HB84A	[3.23e-09]	[3e-09]	3S9D_B_HB97A		3S9D_A_B,3SE3_B_C,3SE4_B_C	2	8
3314	3S9D	3S9D_B	P48551	SUP	['SPR']	[-2.318]	VB80A	VB69A	[1.5e-07]	[3e-09]	3S9D_B_VB80A		3S9D_A_B,3SE3_B_C,3SE4_B_C	2	9
3315	3S9D	3S9D_B	P48551	COR	['SPR']	[0.168]	AB78M	AB67M	[2.26e-09]	[3e-09]	3S9D_B_AB78M		3S9D_A_B,3SE3_B_C,3SE4_B_C	2	8
3316	3S9D	3S9D_B	P48551	SUP	['SPR']	[-0.256]	TB75A	TB64A	[4.62e-09]	[3e-09]	3S9D_B_TB75A		3S9D_A_B,3SE3_B_C,3SE4_B_C	2	9
3317	3S9D	3S9D_B	P48551	SUR	['SPR']	[-0.17]	RB73A	RB62A	[4e-09]	[3e-09]	3S9D_B_RB73A		3S9D_A_B,3SE3_B_C,3SE4_B_C	2	8
3318	3S9D	3S9D_B	P48551	RIM	['SPR']	[0.0]	DB51A	DB40A	[3e-09]	[3e-09]	3S9D_B_DB51A		3S9D_A_B,3SE3_B_C,3SE4_B_C	2	8
3319	3S9D	3S9D_B	P48551	INT	['SPR']	[-1.308]	YB43A	YB32A	[2.73e-08]	[3e-09]	3S9D_B_YB43A		3S9D_A_B,3SE3_B_C,3SE4_B_C	2	9
3320	3S9D	3S9D_B	P48551	SUR	['SPR']	[0.0]	EB28R	EB17R	[3e-09]	[3e-09]	3S9D_B_EB28R		3S9D_A_B,3SE3_B_C,3SE4_B_C	2	8
3321	3SE3	3SE3_A	P17181	INT	['SP']	[-0.543]	NA242A	NA227A	[6.25e-08]	[2.5e-08]	3SE3_A_NA242A		3SE3_B_A,3SE4_B_A	2	9
3322	3SE3	3SE3_A	P17181	COR	['SP']	[-0.411]	RA241A	RA226A	[5e-08]	[2.5e-08]	3SE3_A_RA241A		3SE3_B_A,3SE4_B_A	2	9
3323	3SE3	3SE3_A	P17181	COR	['SP']	[-1.497]	FA238A	FA223A	[3.13e-07]	[2.5e-08]	3SE3_A_FA238A		3SE3_B_A,3SE4_B_A	2	9
3324	3SE3	3SE3_A	P17181	COR	['SP']	[0.239]	SA182A	SA167A	[1.67e-08]	[2.5e-08]	3SE3_A_SA182A		3SE3_B_A,3SE4_B_A	2	9
3325	3SE3	3SE3_A	P17181	COR	['SP']	[0.156]	TA181A	TA166A	[1.92e-08]	[2.5e-08]	3SE3_A_TA181A		3SE3_B_A,3SE4_B_A	2	9
3326	3SE3	3SE3_A	P17181	SUR	['SP']	[-0.411]	YA163A	YA148A	[5e-08]	[2.5e-08]	3SE3_A_YA163A		3SE3_B_A,3SE4_B_A	2	9
3327	3SE3	3SE3_A	P17181	RIM	['SP']	[-0.133]	NA155T	NA140T	[3.13e-08]	[2.5e-08]	3SE3_A_NA155T		3SE3_B_A,3SE4_B_A	2	9
3328	3SE3	3SE3_A	P17181	COR	['SP']	[-0.543]	SA135A	SA120A	[6.25e-08]	[2.5e-08]	3SE3_A_SA135A		3SE3_B_A,3SE4_B_A	2	9
3329	3SE3	3SE3_A	P17181	COR	['SP']	[-0.543]	DA132A	DA117A	[6.25e-08]	[2.5e-08]	3SE3_A_DA132A		3SE3_B_A,3SE4_B_A	2	9
3330	3SE3	3SE3_A	P17181	COR	['SP']	[0.0]	LA131A	LA116A	[2.5e-08]	[2.5e-08]	3SE3_A_LA131A		3SE3_B_A,3SE4_B_A	2	9
3331	3SE3	3SE3_A	P17181	INT	['SP']	[-1.497]	KA113A	KA98A	[3.13e-07]	[2.5e-08]	3SE3_A_KA113A		3SE3_B_A,3SE4_B_A	2	9
3332	3SE3	3SE3_A	P17181	INT	['SP']	[-0.713]	EA111A	EA96A	[8.33e-08]	[2.5e-08]	3SE3_A_EA111A		3SE3_B_A,3SE4_B_A	2	9
3333	3SE3	3SE3_A	P17181	COR	['SP']	[-0.411]	FA96A	FA81A	[5e-08]	[2.5e-08]	3SE3_A_FA96A		3SE3_B_A,3SE4_B_A	2	9
3334	3SE3	3SE3_A	P17181	COR	['SP']	[-1.497]	YA70A	YA55A	[3.13e-07]	[2.5e-08]	3SE3_A_YA70A		3SE3_B_A,3SE4_B_A	2	9
3335	3SE3	3SE3_A	P17181	RIM	['SP']	[0.348]	NA68A	NA53A	[1.39e-08]	[2.5e-08]	3SE3_A_NA68A		3SE3_B_A,3SE4_B_A	2	9
3336	3SE4	3SE4_C	P48551	COR	['SPR']	[0.411]	HC187A	HC172A	[1e-09]	[2e-09]	3SE4_C_HC187A		3SE4_B_C,3S9D_A_B,3SE3_B_C	2	9
3337	1IAR	1IAR_A	P05112	SUP	['SPR']	[0.219]	TA13D	TA13D	[1.12e-10]	[1.62e-10]	1IAR_A_TA13D		1IAR_A_B	1	3
3338	1IAR	1IAR_A	P05112	SUP	['SPR']	[-0.979]	TA13A	TA13A	[8.45e-10]	[1.62e-10]	1IAR_A_TA13A		1IAR_A_B	1	3
3339	3SE4	3SE4_A	P17181	INT	['SP']	[-0.211]	FA290A	FA273A	[5.71e-05]	[4e-05]	3SE4_A_FA290A		3SE4_B_A,3SE3_B_A	2	9
3340	3SE4	3SE4_A	P17181	SUR	['SP']	[-0.303]	NA245A	NA230A	[6.67e-05]	[4e-05]	3SE4_A_NA245A		3SE4_B_A,3SE3_B_A	2	9
3341	3SE4	3SE4_A	P17181	COR	['SP']	[0.0]	NA242A	NA227A	[4e-05]	[4e-05]	3SE4_A_NA242A		3SE4_B_A,3SE3_B_A	2	9
3342	3SE4	3SE4_A	P17181	COR	['SP']	[-0.303]	RA241A	RA226A	[6.67e-05]	[4e-05]	3SE4_A_RA241A		3SE4_B_A,3SE3_B_A	2	9
3343	3SE4	3SE4_A	P17181	COR	['SP']	[-1.364]	FA238A	FA223A	[0.0004]	[4e-05]	3SE4_A_FA238A		3SE4_B_A,3SE3_B_A	2	9
3344	3SE4	3SE4_A	P17181	COR	['SP']	[0.543]	TA181A	TA166A	[1.6e-05]	[4e-05]	3SE4_A_TA181A		3SE4_B_A,3SE3_B_A	2	9
3345	3SE4	3SE4_A	P17181	SUR	['SP']	[0.278]	YA163A	YA148A	[2.5e-05]	[4e-05]	3SE4_A_YA163A		3SE4_B_A,3SE3_B_A	2	9
3346	3SE4	3SE4_A	P17181	RIM	['SP']	[-0.411]	NA155T	NA140T	[8e-05]	[4e-05]	3SE4_A_NA155T		3SE4_B_A,3SE3_B_A	2	9
3347	3SE4	3SE4_A	P17181	COR	['SP']	[0.0]	SA135A	SA120A	[4e-05]	[4e-05]	3SE4_A_SA135A		3SE4_B_A,3SE3_B_A	2	9
3348	3SE4	3SE4_A	P17181	SUP	['SP']	[-0.132]	DA132A	DA117A	[5e-05]	[4e-05]	3SE4_A_DA132A		3SE4_B_A,3SE3_B_A	2	9
3349	3SE4	3SE4_A	P17181	COR	['SP']	[-0.132]	LA131A	LA116A	[5e-05]	[4e-05]	3SE4_A_LA131A		3SE4_B_A,3SE3_B_A	2	9
3350	3SE4	3SE4_A	P17181	COR	['SP']	[-1.364]	YA70A	YA55A	[0.0004]	[4e-05]	3SE4_A_YA70A		3SE4_B_A,3SE3_B_A	2	9
3351	3SE3	3SE3_A	P17181	SUR	['SP']	[0.0]	FA290A	FA273A	[2.5e-08]	[2.5e-08]	3SE3_A_FA290A		3SE3_B_A,3SE4_B_A	2	9
3352	3SE3	3SE3_A	P17181	RIM	['SP']	[-0.211]	NA245A	NA230A	[3.57e-08]	[2.5e-08]	3SE3_A_NA245A		3SE3_B_A,3SE4_B_A	2	9
3353	1E50	1E50_A	Q01196	COR	['ESMA']	[-1.32]	MA106A	MA48A	[1.3e-07]	[1.4e-08]	1E50_A_MA106A		1E50_A_B,1H9D_A_B	2	1
3354	1E50	1E50_A	Q01196	SUP	['ESMA']	[-0.678]	NA69A	NA11A	[4.4e-08]	[1.4e-08]	1E50_A_NA69A		1E50_A_B,1H9D_A_B	2	1
3355	1IAR	1IAR_A	P05112	SUP	['SPR']	[0.086]	FA82A	FA82A	[1.4e-10]	[1.62e-10]	1IAR_A_FA82A		1IAR_A_B	1	3
3356	1IAR	1IAR_A	P05112	RIM	['SPR']	[-1.462]	RA81E	RA81E	[1.91e-09]	[1.62e-10]	1IAR_A_RA81E		1IAR_A_B	1	3
3357	1IAR	1IAR_A	P05112	RIM	['SPR']	[-0.48]	RA81A	RA81A	[3.64e-10]	[1.62e-10]	1IAR_A_RA81A		1IAR_A_B	1	3
3358	1IAR	1IAR_A	P05112	COR	['SPR']	[-0.245]	QA78E	QA78E	[2.45e-10]	[1.62e-10]	1IAR_A_QA78E		1IAR_A_B	1	3
3359	1IAR	1IAR_A	P05112	COR	['SPR']	[-0.125]	QA78A	QA78A	[2e-10]	[1.62e-10]	1IAR_A_QA78A		1IAR_A_B	1	3
3360	1IAR	1IAR_A	P05112	SUR	['SPR']	[-0.612]	KA77E	KA77E	[4.55e-10]	[1.62e-10]	1IAR_A_KA77E		1IAR_A_B	1	3
3361	1IAR	1IAR_A	P05112	SUR	['SPR']	[-0.154]	KA77A	KA77A	[2.1e-10]	[1.62e-10]	1IAR_A_KA77A		1IAR_A_B	1	3
3362	1IAR	1IAR_A	P05112	COR	['SPR']	[-0.836]	RA53Q	RA53Q	[6.64e-10]	[1.62e-10]	1IAR_A_RA53Q		1IAR_A_B	1	3
3363	1IAR	1IAR_A	P05112	SUR	['SPR']	[0.117]	EA19R	EA19R	[1.33e-10]	[1.62e-10]	1IAR_A_EA19R		1IAR_A_B	1	3
3364	1IAR	1IAR_A	P05112	SUR	['SPR']	[0.32]	EA19A	EA19A	[9.44e-11]	[1.62e-10]	1IAR_A_EA19A		1IAR_A_B	1	3
3365	1IAR	1IAR_A	P05112	SUR	['SPR']	[0.104]	SA16D	SA16D	[1.36e-10]	[1.62e-10]	1IAR_A_SA16D		1IAR_A_B	1	3
3366	1IAR	1IAR_A	P05112	SUR	['SPR']	[0.183]	SA16A	SA16A	[1.19e-10]	[1.62e-10]	1IAR_A_SA16A		1IAR_A_B	1	3
3367	1IAR	1IAR_A	P05112	SUR	['SPR']	[0.078]	NA15D	NA15D	[1.42e-10]	[1.62e-10]	1IAR_A_NA15D		1IAR_A_B	1	3
3368	1IAR	1IAR_A	P05112	SUR	['SPR']	[0.034]	NA15A	NA15A	[1.53e-10]	[1.62e-10]	1IAR_A_NA15A		1IAR_A_B	1	3
3369	1C4Z	1C4Z_D	P68036	SUP	['FL']	[-1.186]	RD6E	RD3E	[3.7e-05]	[5e-06]	1C4Z_D_RD6E		1C4Z_ABC_D	2	2
3370	1C4Z	1C4Z_D	P68036	SUP	['FL']	[-0.467]	RD6A	RD3A	[1.1e-05]	[5e-06]	1C4Z_D_RD6A		1C4Z_ABC_D	2	2
3371	1C4Z	1C4Z_D	P68036	RIM	['FL']	[-1.288]	RD5E	RD2E	[4.4e-05]	[5e-06]	1C4Z_D_RD5E		1C4Z_ABC_D	2	2
3372	1C4Z	1C4Z_D	P68036	RIM	['FL']	[-0.519]	RD5A	RD2A	[1.2e-05]	[5e-06]	1C4Z_D_RD5A		1C4Z_ABC_D	2	2
3373	1C4Z	1C4Z_D	P68036	RIM	['FL']	[-0.566]	SD4A	SD1A	[1.3e-05]	[5e-06]	1C4Z_D_SD4A		1C4Z_ABC_D	2	2
3374	1JTG	1JTG_B	P35804	RIM	['IASP']	[0.0]	SB35A	SB35A	[5e-10]	[5e-10]	1JTG_B_SB35A		1XXM_A_C,1S0W_A_C,1JTG_A_B,2G2U_A_B,2G2W_A_B,3N4I_A_B,1JTD_A_B,3QHY_A_B	2	4
3375	1JTG	1JTG_B	P35804	RIM	['IASP']	[-0.821]	EB31A	EB31A	[2e-09]	[5e-10]	1JTG_B_EB31A		1XXM_A_C,1S0W_A_C,1JTG_A_B,2G2U_A_B,2G2W_A_B,3N4I_A_B,1JTD_A_B,3QHY_A_B	2	3
3376	1E50	1E50_B	Q13951	COR	['ESMA']	[-1.408]	NB104A	NB99A	[2.81e-07]	[2.61e-08]	1E50_B_NB104A		1E50_A_B,1H9D_A_B	2	1
3377	1E50	1E50_A	Q01196	INT	['ESMA']	[-0.32]	KA144M	KA86M	[4.48e-08]	[2.61e-08]	1E50_A_KA144M		1E50_A_B,1H9D_A_B	2	1
3378	1E50	1E50_A	Q01196	SUR	['ESMA']	[0.191]	RA142A	RA84A	[1.89e-08]	[2.61e-08]	1E50_A_RA142A		1E50_A_B,1H9D_A_B	2	1
3379	1E50	1E50_B	Q13951	COR	['ESMA']	[-0.115]	SB65A	SB64A	[1.7e-08]	[1.4e-08]	1E50_B_SB65A		1E50_A_B,1H9D_A_B	2	1
3380	1E50	1E50_B	Q13951	COR	['ESMA']	[0.0]	VB58A	VB57A	[1.4e-08]	[1.4e-08]	1E50_B_VB58A		1E50_A_B,1H9D_A_B	2	1
3381	1E50	1E50_B	Q13951	RIM	['ESMA']	[-1.775]	RB33A	RB32A	[2.8e-07]	[1.4e-08]	1E50_B_RB33A		1E50_A_B,1H9D_A_B	2	1
3382	1E50	1E50_A	Q01196	COR	['ESMA']	[-2.185]	TA161A	TA103A	[5.6e-07]	[1.4e-08]	1E50_A_TA161A		1E50_A_B,1H9D_A_B	2	1
3383	1E50	1E50_A	Q01196	COR	['ESMA']	[0.044]	VA159A	VA101A	[1.3e-08]	[1.4e-08]	1E50_A_VA159A		1E50_A_B,1H9D_A_B	2	1
3384	1E50	1E50_A	Q01196	COR	['ESMA']	[-0.978]	SA114A	SA56A	[7.3e-08]	[1.4e-08]	1E50_A_SA114A		1E50_A_B,1H9D_A_B	2	1
3385	1C4Z	1C4Z_D	P68036	RIM	['FL']	[-1.136]	KD96A	KD93A	[3.4e-05]	[5e-06]	1C4Z_D_KD96A		1C4Z_ABC_D	2	2
3386	1C4Z	1C4Z_D	P68036	SUP	['FL']	[-0.821]	WD95A	WD92A	[2e-05]	[5e-06]	1C4Z_D_WD95A		1C4Z_ABC_D	2	2
3387	1C4Z	1C4Z_D	P68036	SUR	['FL']	[1.003]	ED93R	ED90R	[9.2e-07]	[5e-06]	1C4Z_D_ED93R		1C4Z_ABC_D	2	2
3388	1C4Z	1C4Z_D	P68036	SUR	['FL']	[0.435]	ED93A	ED90A	[2.4e-06]	[5e-06]	1C4Z_D_ED93A		1C4Z_ABC_D	2	2
3389	1C4Z	1C4Z_D	P68036	RIM	['FL']	[-0.725]	KD64E	KD61E	[1.7e-05]	[5e-06]	1C4Z_D_KD64E		1C4Z_ABC_D	2	2
3390	1C4Z	1C4Z_D	P68036	RIM	['FL']	[-0.293]	KD64A	KD61A	[8.2e-06]	[5e-06]	1C4Z_D_KD64A		1C4Z_ABC_D	2	2
3391	1C4Z	1C4Z_D	P68036	COR	['FL']	[-3.014]	FD63A	FD60A	[0.00081]	[5e-06]	1C4Z_D_FD63A		1C4Z_ABC_D	2	2
3392	1C4Z	1C4Z_D	P68036	SUP	['FL']	[-1.41]	PD62A	PD59A	[5.4e-05]	[5e-06]	1C4Z_D_PD62A		1C4Z_ABC_D	2	2
3393	1C4Z	1C4Z_D	P68036	COR	['FL']	[-0.067]	ED60R	ED57R	[5.6e-06]	[5e-06]	1C4Z_D_ED60R		1C4Z_ABC_D	2	2
3394	1C4Z	1C4Z_D	P68036	COR	['FL']	[-0.088]	ED60A	ED57A	[5.8e-06]	[5e-06]	1C4Z_D_ED60A		1C4Z_ABC_D	2	2
3395	1C4Z	1C4Z_D	P68036	COR	['FL']	[-0.566]	AD59G	AD56G	[1.3e-05]	[5e-06]	1C4Z_D_AD59G		1C4Z_ABC_D	2	2
3396	1C4Z	1C4Z_D	P68036	SUR	['FL']	[0.012]	RD52A	RD49A	[4.9e-06]	[5e-06]	1C4Z_D_RD52A		1C4Z_ABC_D	2	2
3397	1C4Z	1C4Z_D	P68036	COR	['FL']	[0.344]	LD33A	LD30A	[2.8e-06]	[5e-06]	1C4Z_D_LD33A		1C4Z_ABC_D	2	2
3398	1C4Z	1C4Z_D	P68036	RIM	['FL']	[0.178]	ND31A	ND28A	[3.7e-06]	[5e-06]	1C4Z_D_ND31A		1C4Z_ABC_D	2	2
3399	1C4Z	1C4Z_D	P68036	RIM	['FL']	[-1.555]	KD9E	KD6E	[6.9e-05]	[5e-06]	1C4Z_D_KD9E		1C4Z_ABC_D	2	2
3400	1C4Z	1C4Z_D	P68036	RIM	['FL']	[-0.61]	KD9A	KD6A	[1.4e-05]	[5e-06]	1C4Z_D_KD9A		1C4Z_ABC_D	2	2
3401	1C4Z	1C4Z_A	Q05086	COR	['FL']	[-1.376]	DA652R	DA156R	[5.1e-05]	[5e-06]	1C4Z_A_DA652R		1C4Z_ABC_D	2	2
3402	1C4Z	1C4Z_A	Q05086	COR	['FL']	[-0.519]	DA652A	DA156A	[1.2e-05]	[5e-06]	1C4Z_A_DA652A		1C4Z_ABC_D	2	2
3403	1C4Z	1C4Z_A	Q05086	COR	['FL']	[-1.288]	YA645A	YA149A	[4.4e-05]	[5e-06]	1C4Z_A_YA645A		1C4Z_ABC_D	2	2
3404	1C4Z	1C4Z_A	Q05086	SUP	['FL']	[-1.974]	LA642A	LA146A	[0.00014]	[5e-06]	1C4Z_A_LA642A		1C4Z_ABC_D	2	2
3405	1C4Z	1C4Z_A	Q05086	COR	['FL']	[-0.208]	DA641K	DA145K	[7.1e-06]	[5e-06]	1C4Z_A_DA641K		1C4Z_ABC_D	2	2
3406	1C4Z	1C4Z_A	Q05086	COR	['FL']	[0.387]	DA641A	DA145A	[2.6e-06]	[5e-06]	1C4Z_A_DA641A		1C4Z_ABC_D	2	2
3407	1C4Z	1C4Z_A	Q05086	SUP	['FL']	[-0.999]	LA639A	LA143A	[2.7e-05]	[5e-06]	1C4Z_A_LA639A		1C4Z_ABC_D	2	2
3408	1C4Z	1C4Z_A	Q05086	COR	['FL']	[-0.411]	SA638A	SA142A	[1e-05]	[5e-06]	1C4Z_A_SA638A		1C4Z_ABC_D	2	2
3409	1C4Z	1C4Z_A	Q05086	RIM	['FL']	[0.387]	QA637A	QA141A	[2.6e-06]	[5e-06]	1C4Z_A_QA637A		1C4Z_ABC_D	2	2
3410	1C4Z	1C4Z_A	Q05086	SUP	['FL']	[-1.217]	LA635A	LA139A	[3.9e-05]	[5e-06]	1C4Z_A_LA635A		1C4Z_ABC_D	2	2
3411	1C4Z	1C4Z_A	Q05086	RIM	['FL']	[-0.566]	VA634A	VA138A	[1.3e-05]	[5e-06]	1C4Z_A_VA634A		1C4Z_ABC_D	2	2
3412	1C4Z	1C4Z_D	P68036	RIM	['FL']	[-1.421]	KD100E	KD97E	[5.5e-05]	[5e-06]	1C4Z_D_KD100E		1C4Z_ABC_D	2	2
3413	1C4Z	1C4Z_D	P68036	RIM	['FL']	[-1.302]	KD100A	KD97A	[4.5e-05]	[5e-06]	1C4Z_D_KD100A		1C4Z_ABC_D	2	2
3414	1C4Z	1C4Z_D	P68036	COR	['FL']	[-0.411]	AD98G	AD95G	[1e-05]	[5e-06]	1C4Z_D_AD98G		1C4Z_ABC_D	2	2
3415	1C4Z	1C4Z_D	P68036	COR	['FL']	[-0.85]	PD97A	PD94A	[2.1e-05]	[5e-06]	1C4Z_D_PD97A		1C4Z_ABC_D	2	2
3416	1C4Z	1C4Z_D	P68036	RIM	['FL']	[-1.17]	KD96E	KD93E	[3.6e-05]	[5e-06]	1C4Z_D_KD96E		1C4Z_ABC_D	2	2
3417	3VR6	3VR6_G	P43435	COR	['SPR']	[0.341]	AG169S	AG138S	[9e-10]	[1.6e-09]	3VR6_G_AG169S		3VR6_ABCDEF_GH	2	9
3418	3VR6	3VR6_G	P43435	COR	['SPR']	[-0.899]	RG166A	RG135A	[7.3e-09]	[1.6e-09]	3VR6_G_RG166A		3VR6_ABCDEF_GH	2	9
3419	3VR6	3VR6_G	P43435	COR	['SPR']	[-0.83]	RG165A	RG134A	[6.5e-09]	[1.6e-09]	3VR6_G_RG165A		3VR6_ABCDEF_GH	2	9
3420	3VR6	3VR6_G	P43435	SUP	['SPR']	[-0.675]	LG29N	LG29N	[5e-09]	[1.6e-09]	3VR6_G_LG29N		3VR6_ABCDEF_GH	2	9
3421	3VR6	3VR6_G	P43435	COR	['SPR']	[-0.31]	LG28N	LG28N	[2.7e-09]	[1.6e-09]	3VR6_G_LG28N		3VR6_ABCDEF_GH	2	9
3422	1C4Z	1C4Z_A	Q05086	INT	['FL']	[-0.108]	CA820A	CA324A	[6e-06]	[5e-06]	1C4Z_A_CA820A		1C4Z_ABC_D	2	2
3423	1C4Z	1C4Z_A	Q05086	SUP	['FL']	[-0.821]	YA694L	YA198L	[2e-05]	[5e-06]	1C4Z_A_YA694L		1C4Z_ABC_D	2	2
3424	1C4Z	1C4Z_A	Q05086	SUP	['FL']	[-1.596]	FA690A	FA194A	[7.4e-05]	[5e-06]	1C4Z_A_FA690A		1C4Z_ABC_D	2	2
3425	1C4Z	1C4Z_A	Q05086	RIM	['FL']	[0.573]	MA670A	MA174A	[1.9e-06]	[5e-06]	1C4Z_A_MA670A		1C4Z_ABC_D	2	2
3426	1C4Z	1C4Z_A	Q05086	COR	['FL']	[0.132]	TA662A	TA166A	[4e-06]	[5e-06]	1C4Z_A_TA662A		1C4Z_ABC_D	2	2
3427	1C4Z	1C4Z_A	Q05086	COR	['FL']	[0.411]	SA660A	SA164A	[2.5e-06]	[5e-06]	1C4Z_A_SA660A		1C4Z_ABC_D	2	2
3428	1C4Z	1C4Z_A	Q05086	SUP	['FL']	[0.089]	IA659A	IA163A	[4.3e-06]	[5e-06]	1C4Z_A_IA659A		1C4Z_ABC_D	2	2
3429	1C4Z	1C4Z_A	Q05086	SUP	['FL']	[-0.566]	TA656A	TA160A	[1.3e-05]	[5e-06]	1C4Z_A_TA656A		1C4Z_ABC_D	2	2
3430	1C4Z	1C4Z_A	Q05086	COR	['FL']	[-0.411]	IA655A	IA159A	[1e-05]	[5e-06]	1C4Z_A_IA655A		1C4Z_ABC_D	2	2
3431	1C4Z	1C4Z_A	Q05086	COR	['FL']	[-0.759]	MA654A	MA158A	[1.8e-05]	[5e-06]	1C4Z_A_MA654A		1C4Z_ABC_D	2	2
3432	1C4Z	1C4Z_A	Q05086	COR	['FL']	[-1.93]	MA653A	MA157A	[0.00013]	[5e-06]	1C4Z_A_MA653A		1C4Z_ABC_D	2	2
3433	1JTG	1JTG_A	P62593	COR	['SFFL']	[0.051]	MA270A	MA244A	[2.11e-10]	[2.3e-10]	1JTG_A_MA270A		1XXM_A_C,1S0W_A_C,1JTG_A_B,2G2U_A_B,2G2W_A_B,3N4I_A_B,1JTD_A_B,3QHY_A_B	2	4
3434	1JTG	1JTG_A	P62593	COR	['SFFL']	[0.859]	KA111A	KA86A	[5.4e-11]	[2.3e-10]	1JTG_A_KA111A		1XXM_A_C,1S0W_A_C,1JTG_A_B,2G2U_A_B,2G2W_A_B,3N4I_A_B,1JTD_A_B,3QHY_A_B	2	4
3435	1JTG	1JTG_A	P62593	COR	['SFFL']	[-0.871]	LA102A	LA77A	[1e-09]	[2.3e-10]	1JTG_A_LA102A		1XXM_A_C,1S0W_A_C,1JTG_A_B,2G2U_A_B,2G2W_A_B,3N4I_A_B,1JTD_A_B,3QHY_A_B	2	4
3436	2BDN	2BDN_L	Not Mapped	RIM	['SPR']	[0.689]	TL56E	TL56E	[2.5e-10]	[8e-10]	2BDN_L_TL56E	AB/AG	AB/AG	2	6
3437	2BDN	2BDN_L	Not Mapped	RIM	['SPR']	[0.426]	TL56D	TL56D	[3.9e-10]	[8e-10]	2BDN_L_TL56D	AB/AG	AB/AG	2	6
3438	2BDN	2BDN_L	Not Mapped	RIM	['SPR']	[0.852]	SL53E	SL53E	[1.9e-10]	[8e-10]	2BDN_L_SL53E	AB/AG	AB/AG	2	6
3439	2BDN	2BDN_L	Not Mapped	RIM	['SPR']	[0.161]	SL53D	SL53D	[6.1e-10]	[8e-10]	2BDN_L_SL53D	AB/AG	AB/AG	2	6
3440	2BDN	2BDN_L	Not Mapped	RIM	['SPR']	[-3.491]	NL31K	NL31K	[2.9e-07]	[8e-10]	2BDN_L_NL31K	AB/AG	AB/AG	2	6
3441	2BDN	2BDN_L	Not Mapped	RIM	['SPR']	[0.918]	NL31R	NL31R	[1.7e-10]	[8e-10]	2BDN_L_NL31R	AB/AG	AB/AG	2	6
3442	2BDN	2BDN_L	Not Mapped	RIM	['SPR']	[-0.675]	YL30K	YL30K	[2.5e-09]	[8e-10]	2BDN_L_YL30K	AB/AG	AB/AG	2	6
3443	2BDN	2BDN_H	Not Mapped	RIM	['SPR']	[-1.086]	DH31E	DH31E	[5e-09]	[8e-10]	2BDN_H_DH31E	AB/AG	AB/AG	2	6
3444	2BDN	2BDN_H	Not Mapped	RIM	['SPR']	[-1.4]	NH28Q	NH28Q	[8.5e-09]	[8e-10]	2BDN_H_NH28Q	AB/AG	AB/AG	2	6
3445	2BDN	2BDN_H	Not Mapped	RIM	['SPR']	[-0.132]	NH28D	NH28D	[1e-09]	[8e-10]	2BDN_H_NH28D	AB/AG	AB/AG	2	6
3446	2BDN	2BDN_H	Not Mapped	INT	['SPR']	[-0.874]	LH27K	LH27K	[3.5e-09]	[8e-10]	2BDN_H_LH27K	AB/AG	AB/AG	2	6
3447	2BDN	2BDN_H	Not Mapped	INT	['SPR']	[-0.651]	LH27R	LH27R	[2.4e-09]	[8e-10]	2BDN_H_LH27R	AB/AG	AB/AG	2	6
3448	3VR6	3VR6_G	P43435	SUP	['SPR']	[-0.71]	LG170N	LG139N	[5.3e-09]	[1.6e-09]	3VR6_G_LG170N		3VR6_ABCDEF_GH	2	9
3449	2DVW	2DVW_A	Q9Z2X2	COR	['ITC']	[-0.438]	EA182A	EA180A	[1.41e-07]	[6.73e-08]	2DVW_A_EA182A		2DVW_A_B,4HRN_A_D,3AAA_AB_C	2	6
3450	2DVW	2DVW_A	Q9Z2X2	COR	['ITC']	[-0.034]	KA116A	KA114A	[7.13e-08]	[6.73e-08]	2DVW_A_KA116A		2DVW_A_B,4HRN_A_D,3AAA_AB_C	2	6
3451	2DVW	2DVW_A	Q9Z2X2	SUP	['ITC']	[-0.911]	RA41A	RA39A	[3.13e-07]	[6.73e-08]	2DVW_A_RA41A		2DVW_A_B,4HRN_A_D,3AAA_AB_C	2	6
3452	2DVW	2DVW_B	P43686	COR	['ITC']	[-0.205]	KB397E	KB62E	[9.52e-08]	[6.73e-08]	2DVW_B_KB397E		2DVW_A_B,4HRN_A_D,3AAA_AB_C	2	6
3453	2DVW	2DVW_B	P43686	COR	['ITC']	[-0.694]	RB342A	RB7A	[2.17e-07]	[6.73e-08]	2DVW_B_RB342A		2DVW_A_B,4HRN_A_D,3AAA_AB_C	2	6
3454	1JTD	1JTD_A	P62593	COR	['SFFL']	[-0.278]	MA270A	MA244A	[2.4e-12]	[1.5e-12]	1JTD_A_MA270A		1JTD_A_B,1XXM_A_C,1S0W_A_C,1JTG_A_B,3QHY_A_B,2G2U_A_B,2G2W_A_B,3N4I_A_B	2	3
3455	1JTD	1JTD_A	P62593	COR	['SFFL']	[-0.038]	VA216A	VA190A	[1.6e-12]	[1.5e-12]	1JTD_A_VA216A		1JTD_A_B,1XXM_A_C,1S0W_A_C,1JTG_A_B,3QHY_A_B,2G2U_A_B,2G2W_A_B,3N4I_A_B	2	3
3456	1JTD	1JTD_A	P62593	COR	['SFFL']	[-2.523]	MA129A	MA103A	[1.06e-10]	[1.5e-12]	1JTD_A_MA129A		1JTD_A_B,1XXM_A_C,1S0W_A_C,1JTG_A_B,3QHY_A_B,2G2U_A_B,2G2W_A_B,3N4I_A_B	2	3
3457	1JTD	1JTD_A	P62593	COR	['SFFL']	[-2.145]	KA111A	KA85A	[5.6e-11]	[1.5e-12]	1JTD_A_KA111A		1JTD_A_B,1XXM_A_C,1S0W_A_C,1JTG_A_B,3QHY_A_B,2G2U_A_B,2G2W_A_B,3N4I_A_B	2	3
3458	1JTD	1JTD_A	P62593	COR	['SFFL']	[-0.038]	EA110A	EA84A	[1.6e-12]	[1.5e-12]	1JTD_A_EA110A		1JTD_A_B,1XXM_A_C,1S0W_A_C,1JTG_A_B,3QHY_A_B,2G2U_A_B,2G2W_A_B,3N4I_A_B	2	3
3459	1JTD	1JTD_A	P62593	COR	['SFFL']	[-1.734]	PA107A	PA81A	[2.8e-11]	[1.5e-12]	1JTD_A_PA107A		1JTD_A_B,1XXM_A_C,1S0W_A_C,1JTG_A_B,3QHY_A_B,2G2U_A_B,2G2W_A_B,3N4I_A_B	2	3
3460	1JTD	1JTD_A	P62593	COR	['SFFL']	[-2.251]	YA105A	YA79A	[6.7e-11]	[1.5e-12]	1JTD_A_YA105A		1JTD_A_B,1XXM_A_C,1S0W_A_C,1JTG_A_B,3QHY_A_B,2G2U_A_B,2G2W_A_B,3N4I_A_B	2	3
3461	1JTD	1JTD_A	P62593	COR	['SFFL']	[-0.841]	EA104A	EA78A	[6.2e-12]	[1.5e-12]	1JTD_A_EA104A		1JTD_A_B,1XXM_A_C,1S0W_A_C,1JTG_A_B,3QHY_A_B,2G2U_A_B,2G2W_A_B,3N4I_A_B	2	3
3462	1JTD	1JTD_A	P62593	COR	['SFFL']	[-1.734]	LA102A	LA76A	[2.8e-11]	[1.5e-12]	1JTD_A_LA102A		1JTD_A_B,1XXM_A_C,1S0W_A_C,1JTG_A_B,3QHY_A_B,2G2U_A_B,2G2W_A_B,3N4I_A_B	2	3
3463	1JTD	1JTD_A	P62593	RIM	['SFFL']	[-0.801]	NA100A	NA74A	[5.8e-12]	[1.5e-12]	1JTD_A_NA100A		1JTD_A_B,1XXM_A_C,1S0W_A_C,1JTG_A_B,3QHY_A_B,2G2U_A_B,2G2W_A_B,3N4I_A_B	2	3
3464	1JTD	1JTD_A	P62593	COR	['SFFL']	[-0.519]	QA99A	QA73A	[3.6e-12]	[1.5e-12]	1JTD_A_QA99A		1JTD_A_B,1XXM_A_C,1S0W_A_C,1JTG_A_B,3QHY_A_B,2G2U_A_B,2G2W_A_B,3N4I_A_B	2	3
3465	1KNE	1KNE_A	P05205	RIM	['FL']	[0.617]	DA62F	DA40F	[6e-06]	[1.7e-05]	1KNE_A_DA62F		1KNE_A_P	2	4
3466	1KNE	1KNE_A	P05205	RIM	['FL']	[0.377]	AA25T	AA3T	[9e-06]	[1.7e-05]	1KNE_A_AA25T		1KNE_A_P	2	4
3467	1KNE	1KNE_A	P05205	RIM	['FL']	[0.0]	AA25L	AA3L	[1.7e-05]	[1.7e-05]	1KNE_A_AA25L		1KNE_A_P	2	4
3468	1KNE	1KNE_A	P05205	RIM	['FL']	[-0.895]	AA25K	AA3K	[7.7e-05]	[1.7e-05]	1KNE_A_AA25K		1KNE_A_P	2	4
3469	1KNE	1KNE_A	P05205	RIM	['FL']	[0.115]	AA25F	AA3F	[1.4e-05]	[1.7e-05]	1KNE_A_AA25F		1KNE_A_P	2	4
3470	1KNE	1KNE_P	P02299	RIM	['FL']	[-0.204]	TP6L	TP2L	[2.4e-05]	[1.7e-05]	1KNE_P_TP6L		1KNE_A_P	2	4
3471	1KNE	1KNE_P	P02299	RIM	['FL']	[-0.096]	TP6F	TP2F	[2e-05]	[1.7e-05]	1KNE_P_TP6F		1KNE_A_P	2	4
3472	1KNE	1KNE_P	P02299	RIM	['FL']	[-0.274]	TP6I	TP2I	[2.7e-05]	[1.7e-05]	1KNE_P_TP6I		1KNE_A_P	2	4
3473	1KNE	1KNE_P	P02299	RIM	['FL']	[0.314]	TP6K	TP2K	[1e-05]	[1.7e-05]	1KNE_P_TP6K		1KNE_A_P	2	4
3474	3F1S	3F1S_A	Q9UK55	COR	['IAFL']	[-3.761]	DA293A	DA255A	[1.2e-06]	[2.1e-09]	3F1S_A_DA293A		3F1S_A_B	2	8
3475	3F1S	3F1S_A	Q9UK55	COR	['IAFL']	[-2.996]	YA240A	YA202A	[3.3e-07]	[2.1e-09]	3F1S_A_YA240A		3F1S_A_B	2	8
3476	3F1S	3F1S_A	Q9UK55	RIM	['IAFL']	[-2.185]	DA74A	DA36A	[8.4e-08]	[2.1e-09]	3F1S_A_DA74A		3F1S_A_B	2	8
3477	3F1S	3F1S_A	Q9UK55	COR	['IAFL']	[-1.239]	MA71A	MA33A	[1.7e-08]	[2.1e-09]	3F1S_A_MA71A		3F1S_A_B	2	8
3478	3WWN	3WWN_A	O50147	COR	['ITC']	[-0.156]	KA231E	KA225E	[8.62e-06]	[6.62e-06]	3WWN_A_KA231E		3WWN_A_B	2	9
3479	3WWN	3WWN_A	O50147	RIM	['ITC']	[-1.294]	RA230E	RA224E	[5.88e-05]	[6.62e-06]	3WWN_A_RA230E		3WWN_A_B	2	9
3480	3WWN	3WWN_A	O50147	RIM	['ITC']	[0.337]	RA227E	RA221E	[3.75e-06]	[6.62e-06]	3WWN_A_RA227E		3WWN_A_B	2	9
3481	3W2D	3W2D_A	P01552	COR	['SPR']	[-0.878]	YA73F	YA45F	[2.55e-09]	[5.79e-10]	3W2D_A_YA73F	AB/AG	AB/AG	2	9
3482	1WQJ	1WQJ_I	P05019	INT	['SPR']	[-0.402]	RI56A	RI55A	[1.14e-08]	[5.78e-09]	1WQJ_I_RI56A		1WQJ_I_B	2	5
3483	1WQJ	1WQJ_I	P05019	SUR	['SPR']	[-0.059]	RI55A	RI54A	[6.39e-09]	[5.78e-09]	1WQJ_I_RI55A		1WQJ_I_B	2	5
3484	1WQJ	1WQJ_I	P05019	SUR	['SPR']	[-0.268]	RI50A	RI49A	[9.09e-09]	[5.78e-09]	1WQJ_I_RI50A		1WQJ_I_B	2	5
3485	1WQJ	1WQJ_I	P05019	RIM	['SPR']	[-0.68]	RI21A	RI20A	[1.82e-08]	[5.78e-09]	1WQJ_I_RI21A		1WQJ_I_B	2	5
3486	2DSQ	2DSQ_I	P05019	INT	['SPR']	[-0.089]	RI56A	RI41A	[4.81e-10]	[4.14e-10]	2DSQ_I_RI56A		2DSQ_I_G	2	6
3487	2DSQ	2DSQ_I	P05019	SUR	['SPR']	[0.088]	RI55A	RI40A	[3.57e-10]	[4.14e-10]	2DSQ_I_RI55A		2DSQ_I_G	2	6
3488	2DSQ	2DSQ_I	P05019	SUR	['SPR']	[-0.61]	RI50A	RI35A	[1.16e-09]	[4.14e-10]	2DSQ_I_RI50A		2DSQ_I_G	2	6
3489	2DSQ	2DSQ_I	P05019	SUR	['SPR']	[-0.061]	RI21A	RI20A	[4.59e-10]	[4.14e-10]	2DSQ_I_RI21A		2DSQ_I_G	2	6
3490	4E6K	4E6K_G	Q9HY80	COR	['SPR']	[-1.903]	LG5A	LG5A	[8.2e-05]	[3.3e-06]	4E6K_G_LG5A		4E6K_AB_G	2	9
3491	4E6K	4E6K_G	Q9HY80	RIM	['SPR']	[-0.502]	KG40A	KG40A	[7.7e-06]	[3.3e-06]	4E6K_G_KG40A		4E6K_AB_G	2	9
3492	4E6K	4E6K_G	Q9HY80	COR	['SPR']	[-0.697]	YG2F	YG2F	[1.07e-05]	[3.3e-06]	4E6K_G_YG2F		4E6K_AB_G	2	9
3493	1KNE	1KNE_A	P05205	SUR	['FL']	[1.268]	KA46A	KA24A	[2e-06]	[1.7e-05]	1KNE_A_KA46A		1KNE_A_P	2	4
3494	1KNE	1KNE_A	P05205	RIM	['FL']	[-0.492]	DA62T	DA40T	[3.9e-05]	[1.7e-05]	1KNE_A_DA62T		1KNE_A_P	2	4
3495	1KNE	1KNE_A	P05205	RIM	['FL']	[0.377]	DA62K	DA40K	[9e-06]	[1.7e-05]	1KNE_A_DA62K		1KNE_A_P	2	4
3496	1KNE	1KNE_A	P05205	RIM	['FL']	[-0.461]	DA62I	DA40I	[3.7e-05]	[1.7e-05]	1KNE_A_DA62I		1KNE_A_P	2	4
3497	4GNK	4GNK_A	P21279	SUR	['FL']	[-0.099]	KA311A	KA294A	[2.6e-07]	[2.2e-07]	4GNK_A_KA311A		4GNK_A_B	2	10
3498	4EKD	4EKD_A	P21279	RIM	['FL']	[0.056]	CA183R	CA147R	[2e-08]	[2.2e-08]	4EKD_A_CA183R		4EKD_A_B	2	9
3499	4BFI	4BFI_B	O54901	SUR	['SPR']	[0.22]	QB27K	QB26K	[4.14e-07]	[6e-07]	4BFI_B_QB27K		4BFI_A_B	2	9
3500	4BFI	4BFI_B	O54901	SUR	['SPR']	[-0.031]	SB18D	SB17D	[6.32e-07]	[6e-07]	4BFI_B_SB18D		4BFI_A_B	2	9
3501	4BFI	4BFI_B	O54901	SUR	['SPR']	[0.012]	QB7K	QB6K	[5.88e-07]	[6e-07]	4BFI_B_QB7K		4BFI_A_B	2	9
3502	4BFI	4BFI_B	O54901	COR	['SPR']	[-2.318]	KB100E	KB99E	[3e-05]	[6e-07]	4BFI_B_KB100E		4BFI_A_B	2	9
3503	4BFI	4BFI_B	O54901	COR	['SPR']	[-2.077]	FB96A	FB95A	[2e-05]	[6e-07]	4BFI_B_FB96A		4BFI_A_B	2	9
3504	4BFI	4BFI_B	O54901	COR	['SPR']	[-2.728]	FB96D	FB95D	[6e-05]	[6e-07]	4BFI_B_FB96D		4BFI_A_B	2	9
3505	4BFI	4BFI_B	O54901	COR	['SPR']	[-2.728]	NB94K	NB93K	[6e-05]	[6e-07]	4BFI_B_NB94K		4BFI_A_B	2	9
3506	4BFI	4BFI_B	O54901	SUP	['SPR']	[-1.307]	LB92A	LB91A	[5.45e-06]	[6e-07]	4BFI_B_LB92A		4BFI_A_B	2	9
3507	4BFI	4BFI_B	O54901	COR	['SPR']	[-2.318]	NB44A	NB43A	[3e-05]	[6e-07]	4BFI_B_NB44A		4BFI_A_B	2	9
3508	4BFI	4BFI_B	O54901	COR	['SPR']	[-2.728]	NB44D	NB43D	[6e-05]	[6e-07]	4BFI_B_NB44D		4BFI_A_B	2	9
3509	4BFI	4BFI_B	O54901	COR	['SPR']	[-2.077]	LB30K	LB29K	[2e-05]	[6e-07]	4BFI_B_LB30K		4BFI_A_B	2	9
3510	3W2D	3W2D_A	P01552	COR	['SPR']	[-4.624]	KA98N	KA67N	[1.42e-06]	[5.79e-10]	3W2D_A_KA98N	AB/AG	AB/AG	2	9
3511	3W2D	3W2D_A	P01552	COR	['SPR']	[0.428]	KA98R	KA67R	[2.81e-10]	[5.79e-10]	3W2D_A_KA98R	AB/AG	AB/AG	2	9
3512	3W2D	3W2D_A	P01552	COR	['SPR']	[-2.366]	YA73L	YA45L	[3.14e-08]	[5.79e-10]	3W2D_A_YA73L	AB/AG	AB/AG	2	9
3513	4JEU	4JEU_B	P32851	COR	['ITC']	[-0.181]	TB5A	TB4A	[1.9e-09]	[1.4e-09]	4JEU_B_TB5A		4JEU_A_B	2	10
3514	4JEU	4JEU_B	P32851	COR	['ITC']	[-1.128]	RB4A	RB3A	[9.4e-09]	[1.4e-09]	4JEU_B_RB4A		4JEU_A_B	2	10
3515	4JEU	4JEU_B	P32851	COR	['ITC']	[-3.242]	IB233A	IB215A	[3.33e-07]	[1.4e-09]	4JEU_B_IB233A		4JEU_A_B	2	10
3516	4JEU	4JEU_A	P61765	COR	['ITC']	[-0.91]	RA39C	RA37C	[6.5e-09]	[1.4e-09]	4JEU_A_RA39C		4JEU_A_B	2	10
3517	4JEU	4JEU_A	P61765	SUR	['ITC']	[0.411]	RA171A	RA169A	[7e-10]	[1.4e-09]	4JEU_A_RA171A		4JEU_A_B	2	10
3518	4J2L	4J2L_A	P54253	COR	['ITC']	[0.631]	LA686E	LA118E	[3.05e-08]	[8.85e-08]	4J2L_A_LA686E		4J2L_A_CD	2	10
3519	4J2L	4J2L_A	P54253	SUP	['ITC']	[0.97]	SA602D	SA34D	[1.72e-08]	[8.85e-08]	4J2L_A_SA602D		4J2L_A_CD	2	10
3520	4J2L	4J2L_A	P54253	SUP	['ITC']	[-0.09]	VA591A	VA23A	[1.03e-07]	[8.85e-08]	4J2L_A_VA591A		4J2L_A_CD	2	10
3521	4J2L	4J2L_C	Q96RK0	COR	['ITC']	[-1.688]	LC40S	LC20S	[1.53e-06]	[8.85e-08]	4J2L_C_LC40S		4J2L_A_CD	2	10
3522	4J2L	4J2L_C	Q96RK0	COR	['ITC']	[-2.231]	WC37A	WC17A	[3.82e-06]	[8.85e-08]	4J2L_C_WC37A		4J2L_A_CD	2	10
3523	4HSA	4HSA_A	Q16552	COR	['SPR']	[0.123]	HA86S	HA59S	[2e-09]	[2.46e-09]	4HSA_A_HA86S		4HSA_AB_C	2	10
3524	4HSA	4HSA_A	Q16552	RIM	['SPR']	[-0.118]	YA85I	YA58I	[3e-09]	[2.46e-09]	4HSA_A_YA85I		4HSA_AB_C	2	10
3525	4HSA	4HSA_A	Q16552	SUR	['SPR']	[0.222]	WA67V	WA40V	[1.69e-09]	[2.46e-09]	4HSA_A_WA67V		4HSA_AB_C	2	10
3526	4HSA	4HSA_A	Q16552	SUR	['SPR']	[-0.581]	RA55V	RA28V	[6.56e-09]	[2.46e-09]	4HSA_A_RA55V		4HSA_AB_C	2	10
3527	4GNK	4GNK_B	Q01970	SUR	['FL']	[0.189]	TB652E	TB540E	[1.6e-07]	[2.2e-07]	4GNK_B_TB652E		4GNK_A_B	2	10
3528	4GNK	4GNK_B	Q01970	SUR	['FL']	[1.421]	LB876A	LB764A	[2e-08]	[2.2e-07]	4GNK_B_LB876A		4GNK_A_B	2	10
3529	4NM8	4NM8_B	Q91MA7	RIM	['BI']	[-1.202]	TB32R	TB32R	[1.9e-08]	[2.5e-09]	4NM8_B_TB32R	AB/AG	AB/AG	2	10
3530	4NM8	4NM8_B	Q91MA7	RIM	['BI']	[0.049]	TB32I	TB32I	[2.3e-09]	[2.5e-09]	4NM8_B_TB32I	AB/AG	AB/AG	2	10
3531	4NM8	4NM8_B	Q91MA7	RIM	['BI']	[0.543]	TB32E	TB32E	[1e-09]	[2.5e-09]	4NM8_B_TB32E	AB/AG	AB/AG	2	10
3532	4NM8	4NM8_B	Q91MA7	COR	['BI']	[-3.387]	RB25M	RB25M	[7.6e-07]	[2.5e-09]	4NM8_B_RB25M	AB/AG	AB/AG	2	10
3533	4NM8	4NM8_B	Q91MA7	COR	['BI']	[-0.651]	DB19N	DB19N	[7.5e-09]	[2.5e-09]	4NM8_B_DB19N	AB/AG	AB/AG	2	10
3534	4NM8	4NM8_B	Q91MA7	COR	['BI']	[-0.108]	IB18M	IB18M	[3e-09]	[2.5e-09]	4NM8_B_IB18M	AB/AG	AB/AG	2	10
3535	3U82	3U82_B	Q15223	SUP	['SPR']	[-2.596]	IB80A	IB45A	[1e-06]	[1.25e-08]	3U82_B_IB80A		3U82_A_B,4MYW_A_B	2	9
3536	4MYW	4MYW_B	Q15223	SUP	['SPR']	[-2.573]	IB80A	IB48A	[1.47e-06]	[1.91e-08]	4MYW_B_IB80A		4MYW_A_B,3U82_A_B	2	10
3537	4LRX	4LRX_A	P76015	INT	['ITC']	[-0.326]	HA56N	HA56N	[2.6e-05]	[1.5e-05]	4LRX_A_HA56N		4LRX_AB_CD	2	10
3538	4KRP	4KRP_B	Not Mapped	RIM	['SPR']	[-1.607]	EB113A	EB105A	[2.5e-06]	[1.66e-07]	4KRP_B_EB113A	AB/AG	AB/AG	2	10
3539	4KRO	4KRO_B	Not Mapped	COR	['SPR']	[-1.505]	DB104A	DB92A	[3.5e-06]	[2.76e-07]	4KRO_B_DB104A	AB/AG	AB/AG	2	10
3540	4KRO	4KRO_B	Not Mapped	COR	['SPR']	[-1.584]	RB27A	RB15A	[4e-06]	[2.76e-07]	4KRO_B_RB27A	AB/AG	AB/AG	2	10
3541	4KRL	4KRL_B	Not Mapped	COR	['SPR']	[-0.65]	DB112A	DB112A	[6.56e-07]	[2.19e-07]	4KRL_B_DB112A	AB/AG	AB/AG	2	10
3542	4KRL	4KRL_B	Not Mapped	COR	['SPR']	[-1.721]	RB30A	RB30A	[4e-06]	[2.19e-07]	4KRL_B_RB30A	AB/AG	AB/AG	2	10
3543	4JGH	4JGH_D	Q93034	RIM	['ITC']	[-2.049]	WD53A	WD44A	[8.93e-07]	[2.81e-08]	4JGH_D_WD53A		4JGH_ABC_D	2	10
3544	4JEU	4JEU_B	P32851	COR	['ITC']	[-1.109]	LB8A	LB7A	[9.1e-09]	[1.4e-09]	4JEU_B_LB8A		4JEU_A_B	2	10
3545	4OFY	4OFY_A	B1Q236	SUP	['SPR']	[-0.142]	SA107A	SA87A	[7.5e-07]	[5.9e-07]	4OFY_A_SA107A		4OFY_A_D	2	10
3546	4OFY	4OFY_A	B1Q236	SUP	['SPR']	[-1.733]	QA105A	QA85A	[1.1e-05]	[5.9e-07]	4OFY_A_QA105A		4OFY_A_D	2	10
3547	4OFY	4OFY_A	B1Q236	COR	['SPR']	[-4.604]	FA60A	FA40A	[0.0014]	[5.9e-07]	4OFY_A_FA60A		4OFY_A_D	2	10
3548	4OFY	4OFY_A	B1Q236	RIM	['SPR']	[-0.549]	DA58A	DA38A	[1.49e-06]	[5.9e-07]	4OFY_A_DA58A		4OFY_A_D	2	10
3549	4OFY	4OFY_A	B1Q236	SUP	['SPR']	[-0.084]	MA56A	MA36A	[6.8e-07]	[5.9e-07]	4OFY_A_MA56A		4OFY_A_D	2	10
3550	4OFY	4OFY_A	B1Q236	SUP	['SPR']	[-1.177]	QA54A	QA34A	[4.3e-06]	[5.9e-07]	4OFY_A_QA54A		4OFY_A_D	2	10
3551	4O27	4O27_B	Q9Y6E0	RIM	['BI']	[-0.302]	EB138A	EB122A	[4.16e-08]	[2.5e-08]	4O27_B_EB138A		4O27_A_B,4NZW_A_B,4FZA_A_B	2	10
3552	4O27	4O27_B	Q9Y6E0	COR	['BI']	[-0.371]	EB58A	EB42A	[4.68e-08]	[2.5e-08]	4O27_B_EB58A		4O27_A_B,4NZW_A_B,4FZA_A_B	2	10
3553	4O27	4O27_A	Q9Y376	COR	['BI']	[-1.025]	KA96A	KA88A	[1.41e-07]	[2.5e-08]	4O27_A_KA96A		4O27_A_B,4NZW_A_B,4FZA_A_B	2	10
3554	4O27	4O27_A	Q9Y376	COR	['BI']	[-1.195]	YA223A	YA215A	[1.88e-07]	[2.5e-08]	4O27_A_YA223A		4O27_A_B,4NZW_A_B,4FZA_A_B	2	10
3555	4NZW	4NZW_B	O00506	RIM	['BI']	[-0.357]	EB134A	EB124A	[9.21e-07]	[5.04e-07]	4NZW_B_EB134A		4NZW_A_B,4O27_A_B,4FZA_A_B	2	10
3556	4NZW	4NZW_B	O00506	RIM	['BI']	[-0.325]	EB59A	EB49A	[8.73e-07]	[5.04e-07]	4NZW_B_EB59A		4NZW_A_B,4O27_A_B,4FZA_A_B	2	10
3557	4NZW	4NZW_A	Q9Y376	COR	['BI']	[-0.076]	KA96A	KA77A	[5.73e-07]	[5.04e-07]	4NZW_A_KA96A		4NZW_A_B,4O27_A_B,4FZA_A_B	2	10
3558	4NM8	4NM8_B	Q91MA7	RIM	['BI']	[0.605]	LB38Y	LB38Y	[9e-10]	[2.5e-09]	4NM8_B_LB38Y	AB/AG	AB/AG	2	10
3559	4NM8	4NM8_B	Q91MA7	COR	['BI']	[-2.928]	QB34R	QB34R	[3.5e-07]	[2.5e-09]	4NM8_B_QB34R	AB/AG	AB/AG	2	10
3560	4NM8	4NM8_B	Q91MA7	COR	['BI']	[-2.293]	QB34T	QB34T	[1.2e-07]	[2.5e-09]	4NM8_B_QB34T	AB/AG	AB/AG	2	10
3561	4OZG	4OZG_H	P01850	COR	['SPR']	[-1.65]	DH114A	DH98A	[0.000256]	[1.58e-05]	4OZG_H_DH114A	TCR/pMHC	TCR/pMHC,1JCK_A_B	2	10
3562	4OZG	4OZG_H	P01850	SUP	['SPR']	[-0.884]	FH110A	FH96A	[7.02e-05]	[1.58e-05]	4OZG_H_FH110A	TCR/pMHC	TCR/pMHC,1JCK_A_B	2	10
3563	4OZG	4OZG_H	P01850	COR	['SPR']	[-1.744]	RH109A	RH95A	[0.0003]	[1.58e-05]	4OZG_H_RH109A	TCR/pMHC	TCR/pMHC,1JCK_A_B	2	10
3564	4OZG	4OZG_H	P01850	COR	['SPR']	[-1.435]	FH108A	FH94A	[0.000178]	[1.58e-05]	4OZG_H_FH108A	TCR/pMHC	TCR/pMHC,1JCK_A_B	2	10
3565	4OZG	4OZG_H	P01850	RIM	['SPR']	[0.111]	NH63A	NH50A	[1.31e-05]	[1.58e-05]	4OZG_H_NH63A	TCR/pMHC	TCR/pMHC,1JCK_A_B	2	10
3566	4OZG	4OZG_H	P01850	COR	['SPR']	[-0.805]	QH57A	QH48A	[6.15e-05]	[1.58e-05]	4OZG_H_QH57A	TCR/pMHC	TCR/pMHC,1JCK_A_B	2	10
3567	4OZG	4OZG_H	P01850	SUP	['SPR']	[0.647]	YH55F	YH46F	[5.3e-06]	[1.58e-05]	4OZG_H_YH55F	TCR/pMHC	TCR/pMHC,1JCK_A_B	2	10
3568	4OZG	4OZG_G	Q2YD82	COR	['SPR']	[-1.186]	LG57A	LG50A	[0.000117]	[1.58e-05]	4OZG_G_LG57A	TCR/pMHC	TCR/pMHC,1JCK_A_B	2	10
3569	4OZG	4OZG_G	Q2YD82	SUP	['SPR']	[-1.744]	YG40F	YG33F	[0.0003]	[1.58e-05]	4OZG_G_YG40F	TCR/pMHC	TCR/pMHC,1JCK_A_B	2	10
3570	4OZG	4OZG_G	Q2YD82	COR	['SPR']	[-1.744]	YG38A	YG31A	[0.0003]	[1.58e-05]	4OZG_G_YG38A	TCR/pMHC	TCR/pMHC,1JCK_A_B	2	10
3571	4OZG	4OZG_G	Q2YD82	COR	['SPR']	[0.072]	NG36A	NG29A	[1.4e-05]	[1.58e-05]	4OZG_G_NG36A	TCR/pMHC	TCR/pMHC,1JCK_A_B	2	10
3572	4OFY	4OFY_D	Q9U3P2	RIM	['SPR']	[-3.421]	RD115A	RD96A	[0.00019]	[5.9e-07]	4OFY_D_RD115A		4OFY_A_D	2	10
3573	4OFY	4OFY_D	Q9U3P2	SUP	['SPR']	[-4.645]	QD105A	QD86A	[0.0015]	[5.9e-07]	4OFY_D_QD105A		4OFY_A_D	2	10
3574	4OFY	4OFY_D	Q9U3P2	COR	['SPR']	[-2.568]	LD61A	LD42A	[4.5e-05]	[5.9e-07]	4OFY_D_LD61A		4OFY_A_D	2	10
3575	4OFY	4OFY_D	Q9U3P2	SUP	['SPR']	[-2.87]	QD53A	QD34A	[7.5e-05]	[5.9e-07]	4OFY_D_QD53A		4OFY_A_D	2	10
3576	4OFY	4OFY_A	B1Q236	RIM	['SPR']	[-0.282]	EA108A	EA88A	[9.5e-07]	[5.9e-07]	4OFY_A_EA108A		4OFY_A_D	2	10
3577	4P5T	4P5T_D	P14483	SUR	['SPR']	[0.0]	QD64A	QD72A	[6e-06]	[6e-06]	4P5T_D_QD64A	TCR/pMHC	TCR/pMHC,1JCK_A_B	2	10
3578	4P5T	4P5T_D	P14483	SUR	['SPR']	[0.0]	SD63A	SD71A	[6e-06]	[6e-06]	4P5T_D_SD63A	TCR/pMHC	TCR/pMHC,1JCK_A_B	2	10
3579	4P5T	4P5T_D	P14483	SUR	['SPR']	[-0.17]	YD60A	YD68A	[8e-06]	[6e-06]	4P5T_D_YD60A	TCR/pMHC	TCR/pMHC,1JCK_A_B	2	10
3580	4P5T	4P5T_D	P14483	SUR	['SPR']	[-0.24]	ED59A	ED67A	[9e-06]	[6e-06]	4P5T_D_ED59A	TCR/pMHC	TCR/pMHC,1JCK_A_B	2	10
3581	4P5T	4P5T_C	P14434	SUR	['SPR']	[-0.359]	KC75A	KC76A	[1.1e-05]	[6e-06]	4P5T_C_KC75A	TCR/pMHC	TCR/pMHC,1JCK_A_B	2	10
3582	4P5T	4P5T_C	P14434	INT	['SPR']	[0.0]	VC72A	VC73A	[6e-06]	[6e-06]	4P5T_C_VC72A	TCR/pMHC	TCR/pMHC,1JCK_A_B	2	10
3583	4P5T	4P5T_C	P14434	RIM	['SPR']	[-1.01]	HC68A	HC69A	[3.3e-05]	[6e-06]	4P5T_C_HC68A	TCR/pMHC	TCR/pMHC,1JCK_A_B	2	10
3584	4P5T	4P5T_C	P14434	SUR	['SPR']	[-0.992]	KC67A	KC68A	[3.2e-05]	[6e-06]	4P5T_C_KC67A	TCR/pMHC	TCR/pMHC,1JCK_A_B	2	10
3585	4P5T	4P5T_C	P14434	SUP	['SPR']	[-0.869]	VC65A	VC66A	[2.6e-05]	[6e-06]	4P5T_C_VC65A	TCR/pMHC	TCR/pMHC,1JCK_A_B	2	10
3586	4P5T	4P5T_C	P14434	SUP	['SPR']	[-1.496]	NC62A	NC63A	[7.5e-05]	[6e-06]	4P5T_C_NC62A	TCR/pMHC	TCR/pMHC,1JCK_A_B	2	10
3587	4P5T	4P5T_C	P14434	COR	['SPR']	[0.0]	QC61A	QC62A	[6e-06]	[6e-06]	4P5T_C_QC61A	TCR/pMHC	TCR/pMHC,1JCK_A_B	2	10
3588	4P5T	4P5T_C	P14434	SUP	['SPR']	[-1.01]	LC60A	LC61A	[3.3e-05]	[6e-06]	4P5T_C_LC60A	TCR/pMHC	TCR/pMHC,1JCK_A_B	2	10
3589	4P5T	4P5T_C	P14434	COR	['SPR']	[0.0]	QC57A	QC58A	[6e-06]	[6e-06]	4P5T_C_QC57A	TCR/pMHC	TCR/pMHC,1JCK_A_B	2	10
3590	4P5T	4P5T_C	P14434	RIM	['SPR']	[-0.617]	DC55A	DC56A	[1.7e-05]	[6e-06]	4P5T_C_DC55A	TCR/pMHC	TCR/pMHC,1JCK_A_B	2	10
3591	4P5T	4P5T_C	P14434	RIM	['SPR']	[-1.139]	KC39A	KC40A	[4.1e-05]	[6e-06]	4P5T_C_KC39A	TCR/pMHC	TCR/pMHC,1JCK_A_B	2	10
3592	4OZG	4OZG_H	P01850	RIM	['SPR']	[-0.534]	YH117F	YH101F	[3.89e-05]	[1.58e-05]	4OZG_H_YH117F	TCR/pMHC	TCR/pMHC,1JCK_A_B	2	10
3593	4P23	4P23_C	P14434	COR	['SPR']	[-1.911]	QC61A	QC62A	[0.000151]	[6e-06]	4P23_C_QC61A	TCR/pMHC	TCR/pMHC,1JCK_A_B	2	10
3594	4P23	4P23_C	P14434	SUP	['SPR']	[-0.954]	LC60A	LC61A	[3e-05]	[6e-06]	4P23_C_LC60A	TCR/pMHC	TCR/pMHC,1JCK_A_B	2	10
3595	4P23	4P23_C	P14434	COR	['SPR']	[-0.973]	QC57A	QC58A	[3.1e-05]	[6e-06]	4P23_C_QC57A	TCR/pMHC	TCR/pMHC,1JCK_A_B	2	10
3596	4P23	4P23_C	P14434	RIM	['SPR']	[-0.992]	DC55A	DC56A	[3.2e-05]	[6e-06]	4P23_C_DC55A	TCR/pMHC	TCR/pMHC,1JCK_A_B	2	10
3597	4P23	4P23_C	P14434	RIM	['SPR']	[-1.194]	KC39A	KC40A	[4.5e-05]	[6e-06]	4P23_C_KC39A	TCR/pMHC	TCR/pMHC,1JCK_A_B	2	10
3598	4P5T	4P5T_D	P14483	SUR	['SPR']	[0.0]	ED84A	ED92A	[6e-06]	[6e-06]	4P5T_D_ED84A	TCR/pMHC	TCR/pMHC,1JCK_A_B	2	10
3599	4P5T	4P5T_D	P14483	COR	['SPR']	[-0.796]	HD81A	HD89A	[2.3e-05]	[6e-06]	4P5T_D_HD81A	TCR/pMHC	TCR/pMHC,1JCK_A_B	2	10
3600	4P5T	4P5T_D	P14483	SUR	['SPR']	[0.0]	RD80A	RD88A	[6e-06]	[6e-06]	4P5T_D_RD80A	TCR/pMHC	TCR/pMHC,1JCK_A_B	2	10
3601	4P5T	4P5T_D	P14483	COR	['SPR']	[-0.821]	TD77A	TD85A	[2.4e-05]	[6e-06]	4P5T_D_TD77A	TCR/pMHC	TCR/pMHC,1JCK_A_B	2	10
3602	4P5T	4P5T_D	P14483	RIM	['SPR']	[0.0]	DD76A	DD84A	[6e-06]	[6e-06]	4P5T_D_DD76A	TCR/pMHC	TCR/pMHC,1JCK_A_B	2	10
3603	4P5T	4P5T_D	P14483	SUR	['SPR']	[0.0]	RD72A	RD80A	[6e-06]	[6e-06]	4P5T_D_RD72A	TCR/pMHC	TCR/pMHC,1JCK_A_B	2	10
3604	4P5T	4P5T_D	P14483	COR	['SPR']	[-2.075]	RD70A	RD78A	[0.000199]	[6e-06]	4P5T_D_RD70A	TCR/pMHC	TCR/pMHC,1JCK_A_B	2	10
3605	4P5T	4P5T_D	P14483	RIM	['SPR']	[-1.01]	ED69A	ED77A	[3.3e-05]	[6e-06]	4P5T_D_ED69A	TCR/pMHC	TCR/pMHC,1JCK_A_B	2	10
3606	4P5T	4P5T_D	P14483	INT	['SPR']	[-0.091]	ID67A	ID75A	[7e-06]	[6e-06]	4P5T_D_ID67A	TCR/pMHC	TCR/pMHC,1JCK_A_B	2	10
3607	4P5T	4P5T_D	P14483	RIM	['SPR']	[-0.617]	ED66A	ED74A	[1.7e-05]	[6e-06]	4P5T_D_ED66A	TCR/pMHC	TCR/pMHC,1JCK_A_B	2	10
3608	4P5T	4P5T_D	P14483	SUR	['SPR']	[0.0]	PD65A	PD73A	[6e-06]	[6e-06]	4P5T_D_PD65A	TCR/pMHC	TCR/pMHC,1JCK_A_B	2	10
3609	4P23	4P23_D	P14483,P14483	SUR	['SPR']	[-0.091]	RD72A	RD81A	[7e-06]	[6e-06]	4P23_D_RD72A	TCR/pMHC	TCR/pMHC,1JCK_A_B	2	10
3610	4P23	4P23_D	P14483,P14483	COR	['SPR']	[-2.072]	RD70A	RD79A	[0.000198]	[6e-06]	4P23_D_RD70A	TCR/pMHC	TCR/pMHC,1JCK_A_B	2	10
3611	4P23	4P23_D	P14483,P14483	SUR	['SPR']	[-0.17]	ED69A	ED78A	[8e-06]	[6e-06]	4P23_D_ED69A	TCR/pMHC	TCR/pMHC,1JCK_A_B	2	10
3612	4P23	4P23_D	P14483,P14483	INT	['SPR']	[-0.17]	ID67A	ID76A	[8e-06]	[6e-06]	4P23_D_ID67A	TCR/pMHC	TCR/pMHC,1JCK_A_B	2	10
3613	4P23	4P23_D	P14483,P14483	RIM	['SPR']	[-0.17]	ED66A	ED75A	[8e-06]	[6e-06]	4P23_D_ED66A	TCR/pMHC	TCR/pMHC,1JCK_A_B	2	10
3614	4P23	4P23_D	P14483,P14483	SUR	['SPR']	[-0.091]	PD65A	PD74A	[7e-06]	[6e-06]	4P23_D_PD65A	TCR/pMHC	TCR/pMHC,1JCK_A_B	2	10
3615	4P23	4P23_D	P14483,P14483	SUR	['SPR']	[-0.17]	QD64A	QD73A	[8e-06]	[6e-06]	4P23_D_QD64A	TCR/pMHC	TCR/pMHC,1JCK_A_B	2	10
3616	4P23	4P23_D	P14483,P14483	SUR	['SPR']	[0.0]	SD63A	SD72A	[6e-06]	[6e-06]	4P23_D_SD63A	TCR/pMHC	TCR/pMHC,1JCK_A_B	2	10
3617	4P23	4P23_D	P14483,P14483	SUR	['SPR']	[-0.24]	YD60A	YD69A	[9e-06]	[6e-06]	4P23_D_YD60A	TCR/pMHC	TCR/pMHC,1JCK_A_B	2	10
3618	4P23	4P23_D	P14483,P14483	SUR	['SPR']	[-0.091]	ED59A	ED68A	[7e-06]	[6e-06]	4P23_D_ED59A	TCR/pMHC	TCR/pMHC,1JCK_A_B	2	10
3619	4P23	4P23_C	P14434	SUR	['SPR']	[-0.17]	KC75A	KC76A	[8e-06]	[6e-06]	4P23_C_KC75A	TCR/pMHC	TCR/pMHC,1JCK_A_B	2	10
3620	4P23	4P23_C	P14434	INT	['SPR']	[0.0]	VC72A	VC73A	[6e-06]	[6e-06]	4P23_C_VC72A	TCR/pMHC	TCR/pMHC,1JCK_A_B	2	10
3621	4P23	4P23_C	P14434	COR	['SPR']	[-0.617]	HC68A	HC69A	[1.7e-05]	[6e-06]	4P23_C_HC68A	TCR/pMHC	TCR/pMHC,1JCK_A_B	2	10
3622	4P23	4P23_C	P14434	RIM	['SPR']	[-0.683]	KC67A	KC68A	[1.9e-05]	[6e-06]	4P23_C_KC67A	TCR/pMHC	TCR/pMHC,1JCK_A_B	2	10
3623	4P23	4P23_C	P14434	SUP	['SPR']	[-1.167]	VC65A	VC66A	[4.3e-05]	[6e-06]	4P23_C_VC65A	TCR/pMHC	TCR/pMHC,1JCK_A_B	2	10
3624	4P23	4P23_C	P14434	SUP	['SPR']	[-1.512]	NC62A	NC63A	[7.7e-05]	[6e-06]	4P23_C_NC62A	TCR/pMHC	TCR/pMHC,1JCK_A_B	2	10
3625	3C60	3C60_C	P14434	SUR	['SPR']	[-0.047]	KC76A	KC76A	[1.3e-05]	[1.2e-05]	3C60_C_KC76A	TCR/pMHC	TCR/pMHC,1JCK_A_B	2	7
3626	3C60	3C60_C	P14434	INT	['SPR']	[0.0]	VC73A	VC73A	[1.2e-05]	[1.2e-05]	3C60_C_VC73A	TCR/pMHC	TCR/pMHC,1JCK_A_B	2	7
3627	3C60	3C60_C	P14434	RIM	['SPR']	[-0.359]	HC69A	HC69A	[2.2e-05]	[1.2e-05]	3C60_C_HC69A	TCR/pMHC	TCR/pMHC,1JCK_A_B	2	7
3628	3C60	3C60_C	P14434	RIM	['SPR']	[-0.562]	KC68A	KC68A	[3.1e-05]	[1.2e-05]	3C60_C_KC68A	TCR/pMHC	TCR/pMHC,1JCK_A_B	2	7
3629	3C60	3C60_C	P14434	SUP	['SPR']	[-1.25]	VC66A	VC66A	[9.9e-05]	[1.2e-05]	3C60_C_VC66A	TCR/pMHC	TCR/pMHC,1JCK_A_B	2	7
3630	3C60	3C60_C	P14434	SUP	['SPR']	[-0.954]	NC63A	NC63A	[6e-05]	[1.2e-05]	3C60_C_NC63A	TCR/pMHC	TCR/pMHC,1JCK_A_B	2	7
3631	3C60	3C60_C	P14434	COR	['SPR']	[-0.869]	QC62A	QC62A	[5.2e-05]	[1.2e-05]	3C60_C_QC62A	TCR/pMHC	TCR/pMHC,1JCK_A_B	2	7
3632	3C60	3C60_C	P14434	SUP	['SPR']	[-0.944]	LC61A	LC61A	[5.9e-05]	[1.2e-05]	3C60_C_LC61A	TCR/pMHC	TCR/pMHC,1JCK_A_B	2	7
3633	3C60	3C60_C	P14434	COR	['SPR']	[-0.963]	QC58A	QC58A	[6.1e-05]	[1.2e-05]	3C60_C_QC58A	TCR/pMHC	TCR/pMHC,1JCK_A_B	2	7
3634	3C60	3C60_C	P14434	SUR	['SPR']	[-0.698]	DC56A	DC56A	[3.9e-05]	[1.2e-05]	3C60_C_DC56A	TCR/pMHC	TCR/pMHC,1JCK_A_B	2	7
3635	3C60	3C60_C	P14434	RIM	['SPR']	[-1.594]	KC40A	KC40A	[0.000177]	[1.2e-05]	3C60_C_KC40A	TCR/pMHC	TCR/pMHC,1JCK_A_B	2	7
3636	4P23	4P23_D	P14483,P14483	SUR	['SPR']	[-0.091]	ED84A	ED93A	[7e-06]	[6e-06]	4P23_D_ED84A	TCR/pMHC	TCR/pMHC,1JCK_A_B	2	10
3637	4P23	4P23_D	P14483,P14483	RIM	['SPR']	[-0.17]	HD81A	HD90A	[8e-06]	[6e-06]	4P23_D_HD81A	TCR/pMHC	TCR/pMHC,1JCK_A_B	2	10
3638	4P23	4P23_D	P14483,P14483	SUR	['SPR']	[-0.091]	RD80A	RD89A	[7e-06]	[6e-06]	4P23_D_RD80A	TCR/pMHC	TCR/pMHC,1JCK_A_B	2	10
3639	4P23	4P23_D	P14483,P14483	RIM	['SPR']	[0.0]	TD77A	TD86A	[6e-06]	[6e-06]	4P23_D_TD77A	TCR/pMHC	TCR/pMHC,1JCK_A_B	2	10
3640	4P23	4P23_D	P14483,P14483	SUR	['SPR']	[-0.091]	DD76A	DD85A	[7e-06]	[6e-06]	4P23_D_DD76A	TCR/pMHC	TCR/pMHC,1JCK_A_B	2	10
3641	3C60	3C60_D	P14483	INT	['SPR']	[-0.047]	ID93A	ID77A	[1.3e-05]	[1.2e-05]	3C60_D_ID93A	TCR/pMHC	TCR/pMHC,1JCK_A_B	2	7
3642	3C60	3C60_D	P14483	RIM	['SPR']	[0.0]	ED92A	ED76A	[1.2e-05]	[1.2e-05]	3C60_D_ED92A	TCR/pMHC	TCR/pMHC,1JCK_A_B	2	7
3643	3C60	3C60_D	P14483	SUR	['SPR']	[0.0]	PD91A	PD75A	[1.2e-05]	[1.2e-05]	3C60_D_PD91A	TCR/pMHC	TCR/pMHC,1JCK_A_B	2	7
3644	3C60	3C60_D	P14483	SUR	['SPR']	[0.0]	QD90A	QD74A	[1.2e-05]	[1.2e-05]	3C60_D_QD90A	TCR/pMHC	TCR/pMHC,1JCK_A_B	2	7
3645	3C60	3C60_D	P14483	SUR	['SPR']	[0.0]	SD89A	SD73A	[1.2e-05]	[1.2e-05]	3C60_D_SD89A	TCR/pMHC	TCR/pMHC,1JCK_A_B	2	7
3646	3C60	3C60_D	P14483	SUR	['SPR']	[0.0]	YD86A	YD70A	[1.2e-05]	[1.2e-05]	3C60_D_YD86A	TCR/pMHC	TCR/pMHC,1JCK_A_B	2	7
3647	3C60	3C60_D	P14483	SUR	['SPR']	[-0.047]	ED85A	ED69A	[1.3e-05]	[1.2e-05]	3C60_D_ED85A	TCR/pMHC	TCR/pMHC,1JCK_A_B	2	7
3648	3C60	3C60_D	P14483	SUR	['SPR']	[-0.047]	DD13A	DD13A	[1.3e-05]	[1.2e-05]	3C60_D_DD13A	TCR/pMHC	TCR/pMHC,1JCK_A_B	2	7
3649	3C60	3C60_D	P14483	INT	['SPR']	[0.0]	VD12A	VD12A	[1.2e-05]	[1.2e-05]	3C60_D_VD12A	TCR/pMHC	TCR/pMHC,1JCK_A_B	2	7
3650	3C60	3C60_D	P14483	RIM	['SPR']	[0.0]	KD10A	KD10A	[1.2e-05]	[1.2e-05]	3C60_D_KD10A	TCR/pMHC	TCR/pMHC,1JCK_A_B	2	7
3651	3C60	3C60_D	P14483	INT	['SPR']	[0.0]	ND9A	ND9A	[1.2e-05]	[1.2e-05]	3C60_D_ND9A	TCR/pMHC	TCR/pMHC,1JCK_A_B	2	7
3652	3C60	3C60_D	P14483	COR	['SPR']	[-2.151]	KD7A	KD7A	[0.000453]	[1.2e-05]	3C60_D_KD7A	TCR/pMHC	TCR/pMHC,1JCK_A_B	2	7
3653	3C60	3C60_D	P14483	SUP	['SPR']	[-1.153]	KD5A	KD5A	[8.4e-05]	[1.2e-05]	3C60_D_KD5A	TCR/pMHC	TCR/pMHC,1JCK_A_B	2	7
3654	3C60	3C60_D	P14483	COR	['SPR']	[-1.167]	QD4A	QD4A	[8.6e-05]	[1.2e-05]	3C60_D_QD4A	TCR/pMHC	TCR/pMHC,1JCK_A_B	2	7
3655	3C60	3C60_D	P14483	RIM	['SPR']	[-0.047]	ED2A	ED2A	[1.3e-05]	[1.2e-05]	3C60_D_ED2A	TCR/pMHC	TCR/pMHC,1JCK_A_B	2	7
3656	3C60	3C60_D	P14483	SUR	['SPR']	[0.0]	FD1A	FD1A	[1.2e-05]	[1.2e-05]	3C60_D_FD1A	TCR/pMHC	TCR/pMHC,1JCK_A_B	2	7
3657	4PWX	4PWX_B	Q12154	COR	['ITC']	[-1.729]	RB322A	RB269A	[1e-05]	[5.4e-07]	4PWX_B_RB322A		4PWX_AB_CD	2	10
3658	4PWX	4PWX_A	Q12154	SUR	['ITC']	[-1.143]	DA308A	DA250A	[3.72e-06]	[5.4e-07]	4PWX_A_DA308A		4PWX_AB_CD	2	10
3659	4PWX	4PWX_A	Q12154	RIM	['ITC']	[-1.729]	EA304K	EA246K	[1e-05]	[5.4e-07]	4PWX_A_EA304K		4PWX_AB_CD	2	10
3660	4PWX	4PWX_A	Q12154	SUR	['ITC']	[-1.039]	EA258A	EA206A	[3.12e-06]	[5.4e-07]	4PWX_A_EA258A		4PWX_AB_CD	2	10
3661	4PWX	4PWX_A	Q12154	COR	['ITC']	[-1.014]	QA257A	QA205A	[2.99e-06]	[5.4e-07]	4PWX_A_QA257A		4PWX_AB_CD	2	10
3662	4PWX	4PWX_A	Q12154	COR	['ITC']	[-1.729]	EA253K	EA201K	[1e-05]	[5.4e-07]	4PWX_A_EA253K		4PWX_AB_CD	2	10
3663	4PWX	4PWX_A	Q12154	COR	['ITC']	[-1.729]	YA250A	YA198A	[1e-05]	[5.4e-07]	4PWX_A_YA250A		4PWX_AB_CD	2	10
3664	4PWX	4PWX_A	Q12154	SUP	['ITC']	[-1.729]	FA246A	FA194A	[1e-05]	[5.4e-07]	4PWX_A_FA246A		4PWX_AB_CD	2	10
3665	3C60	3C60_D	P14483	SUR	['SPR']	[0.0]	ED110A	ED94A	[1.2e-05]	[1.2e-05]	3C60_D_ED110A	TCR/pMHC	TCR/pMHC,1JCK_A_B	2	7
3666	3C60	3C60_D	P14483	COR	['SPR']	[-1.086]	HD107A	HD91A	[7.5e-05]	[1.2e-05]	3C60_D_HD107A	TCR/pMHC	TCR/pMHC,1JCK_A_B	2	7
3667	3C60	3C60_D	P14483	SUR	['SPR']	[-0.047]	RD106A	RD90A	[1.3e-05]	[1.2e-05]	3C60_D_RD106A	TCR/pMHC	TCR/pMHC,1JCK_A_B	2	7
3668	3C60	3C60_D	P14483	COR	['SPR']	[-1.167]	TD103A	TD87A	[8.6e-05]	[1.2e-05]	3C60_D_TD103A	TCR/pMHC	TCR/pMHC,1JCK_A_B	2	7
3669	3C60	3C60_D	P14483	RIM	['SPR']	[-0.047]	DD102A	DD86A	[1.3e-05]	[1.2e-05]	3C60_D_DD102A	TCR/pMHC	TCR/pMHC,1JCK_A_B	2	7
3670	3C60	3C60_D	P14483	SUR	['SPR']	[0.0]	RD98A	RD82A	[1.2e-05]	[1.2e-05]	3C60_D_RD98A	TCR/pMHC	TCR/pMHC,1JCK_A_B	2	7
3671	3C60	3C60_D	P14483	RIM	['SPR']	[-2.026]	RD96A	RD80A	[0.000367]	[1.2e-05]	3C60_D_RD96A	TCR/pMHC	TCR/pMHC,1JCK_A_B	2	7
3672	3C60	3C60_D	P14483	RIM	['SPR']	[-0.047]	ED95A	ED79A	[1.3e-05]	[1.2e-05]	3C60_D_ED95A	TCR/pMHC	TCR/pMHC,1JCK_A_B	2	7
3673	4PWX	4PWX_C	Q12125	COR	['ITC']	[-0.371]	DC74K	DC60K	[1.01e-06]	[5.4e-07]	4PWX_C_DC74K		4PWX_AB_CD	2	10
3674	4PWX	4PWX_C	Q12125	RIM	['ITC']	[-0.335]	RC45A	RC31A	[9.5e-07]	[5.4e-07]	4PWX_C_RC45A		4PWX_AB_CD	2	10
3675	4PWX	4PWX_C	Q12125	RIM	['ITC']	[-1.729]	RC42A	RC28A	[1e-05]	[5.4e-07]	4PWX_C_RC42A		4PWX_AB_CD	2	10
3676	4PWX	4PWX_C	Q12125	SUP	['ITC']	[-1.729]	RC37A	RC23A	[1e-05]	[5.4e-07]	4PWX_C_RC37A		4PWX_AB_CD	2	10
3677	4PWX	4PWX_C	Q12125	COR	['ITC']	[0.178]	QC34A	QC20A	[4e-07]	[5.4e-07]	4PWX_C_QC34A		4PWX_AB_CD	2	10
3678	4PWX	4PWX_C	Q12125	SUP	['ITC']	[0.348]	HC33A	HC19A	[3e-07]	[5.4e-07]	4PWX_C_HC33A		4PWX_AB_CD	2	10
3679	4PWX	4PWX_C	Q12125	RIM	['ITC']	[0.685]	EC31A	EC17A	[1.7e-07]	[5.4e-07]	4PWX_C_EC31A		4PWX_AB_CD	2	10
3680	4PWX	4PWX_C	Q12125	COR	['ITC']	[-1.145]	YC30A	YC16A	[3.73e-06]	[5.4e-07]	4PWX_C_YC30A		4PWX_AB_CD	2	10
3681	4PWX	4PWX_C	Q12125	SUR	['ITC']	[-0.755]	YC29A	YC15A	[1.93e-06]	[5.4e-07]	4PWX_C_YC29A		4PWX_AB_CD	2	10
3682	4PWX	4PWX_C	Q12125	RIM	['ITC']	[0.274]	KC23A	KC9A	[3.4e-07]	[5.4e-07]	4PWX_C_KC23A		4PWX_AB_CD	2	10
3683	4PWX	4PWX_C	Q12125	RIM	['ITC']	[-0.468]	KC15A	KC1A	[1.19e-06]	[5.4e-07]	4PWX_C_KC15A		4PWX_AB_CD	2	10
3684	4PWX	4PWX_B	Q12154	COR	['ITC']	[-0.359]	RB75A	RB71A	[9.9e-07]	[5.4e-07]	4PWX_B_RB75A		4PWX_AB_CD	2	10
3685	4PWX	4PWX_B	Q12154	RIM	['ITC']	[-0.262]	KB72D	KB68D	[8.4e-07]	[5.4e-07]	4PWX_B_KB72D		4PWX_AB_CD	2	10
3686	4PWX	4PWX_B	Q12154	RIM	['ITC']	[-0.448]	KB72A	KB68A	[1.15e-06]	[5.4e-07]	4PWX_B_KB72A		4PWX_AB_CD	2	10
3687	4PWX	4PWX_B	Q12154	RIM	['ITC']	[-0.119]	KB69D	KB65D	[6.6e-07]	[5.4e-07]	4PWX_B_KB69D		4PWX_AB_CD	2	10
3688	4PWX	4PWX_B	Q12154	RIM	['ITC']	[-0.202]	KB69A	KB65A	[7.6e-07]	[5.4e-07]	4PWX_B_KB69A		4PWX_AB_CD	2	10
3689	4Y61	4Y61_A	Q64487	COR	['SPR']	[0.078]	YA273A	YA246A	[3.12e-07]	[3.56e-07]	4Y61_A_YA273A		4Y61_A_B	2	10
3690	4X4M	4X4M_E	P12314	SUR	['SPR']	[-0.642]	RE175E	RE155E	[2.6e-08]	[8.8e-09]	4X4M_E_RE175E		4X4M_AB_E	2	10
3691	4X4M	4X4M_E	P12314	SUR	['SPR']	[-1.985]	HE174E	HE154E	[2.51e-07]	[8.8e-09]	4X4M_E_HE174E		4X4M_AB_E	2	10
3692	4X4M	4X4M_E	P12314	COR	['SPR']	[-0.954]	KE173E	KE153E	[4.4e-08]	[8.8e-09]	4X4M_E_KE173E		4X4M_AB_E	2	10
3693	4X4M	4X4M_E	P12314	SUR	['SPR']	[-1.74]	RE175A	RE155A	[1.66e-07]	[8.8e-09]	4X4M_E_RE175A		4X4M_AB_E	2	10
3694	4X4M	4X4M_E	P12314	SUR	['SPR']	[-0.383]	HE174A	HE154A	[1.68e-08]	[8.8e-09]	4X4M_E_HE174A		4X4M_AB_E	2	10
3695	4X4M	4X4M_E	P12314	COR	['SPR']	[-0.64]	KE173A	KE153A	[2.59e-08]	[8.8e-09]	4X4M_E_KE173A		4X4M_AB_E	2	10
3696	4U6H	4U6H_E	P07612	RIM	['BI']	[-0.119]	QE31A	QE25A	[1.1e-10]	[9e-11]	4U6H_E_QE31A	AB/AG	AB/AG	2	10
3697	4U6H	4U6H_E	P07612	COR	['BI']	[0.348]	NE27A	NE21A	[5e-11]	[9e-11]	4U6H_E_NE27A	AB/AG	AB/AG	2	10
3698	4RA0	4RA0_C	P30530	SUR	['KinExA']	[-0.247]	RC127G	RC101G	[4.1e-12]	[2.7e-12]	4RA0_C_RC127G		2C5D_A_C,4RA0_A_C,2C5D_AB_CD	2	10
3699	4RA0	4RA0_C	P30530	SUP	['KinExA']	[-0.931]	AC92V	AC66V	[1.3e-11]	[2.7e-12]	4RA0_C_AC92V		2C5D_A_C,4RA0_A_C,2C5D_AB_CD	2	10
3700	2C5D	2C5D_C	P30530	INT	['KinExA']	[0.018]	GC127R	GC101R	[3.2e-11]	[3.3e-11]	2C5D_C_GC127R		2C5D_A_C,4RA0_A_C,2C5D_AB_CD	2	6
3701	2C5D	2C5D_C	P30530	SUP	['KinExA']	[0.599]	VC92A	VC66A	[1.2e-11]	[3.3e-11]	2C5D_C_VC92A		2C5D_A_C,4RA0_A_C,2C5D_AB_CD	2	6
3702	2C5D	2C5D_C	P30530	SUR	['KinExA']	[0.504]	DC87G	DC61G	[1.41e-11]	[3.3e-11]	2C5D_C_DC87G		2C5D_A_C,4RA0_A_C,2C5D_AB_CD	2	6
3703	2C5D	2C5D_C	P30530	INT	['KinExA']	[-0.099]	GC32S	GC6S	[3.9e-11]	[3.3e-11]	2C5D_C_GC32S		2C5D_A_C,4RA0_A_C,2C5D_AB_CD	2	6
3704	4PWX	4PWX_C	Q12125	SUR	['ITC']	[-1.104]	EC81K	EC67K	[3.48e-06]	[5.4e-07]	4PWX_C_EC81K		4PWX_AB_CD	2	10
3705	4YH7	4YH7_B	P59823	RIM	['SPR']	[-1.591]	DB292A	DB258A	[2.2e-06]	[1.5e-07]	4YH7_B_DB292A		4YH7_A_B,4YFD_A_B	2	10
3706	4YH7	4YH7_B	P59823	SUP	['SPR']	[-1.643]	DB37A	DB7A	[2.4e-06]	[1.5e-07]	4YH7_B_DB37A		4YH7_A_B,4YFD_A_B	2	10
3707	4YH7	4YH7_A	Q64487	COR	['SPR']	[-1.035]	YA273A	YA246A	[8.6e-07]	[1.5e-07]	4YH7_A_YA273A		4YH7_A_B,4YFD_A_B	2	10
3708	4YH7	4YH7_A	Q64487	COR	['SPR']	[-1.438]	RA196A	RA169A	[1.7e-06]	[1.5e-07]	4YH7_A_RA196A		4YH7_A_B,4YFD_A_B	2	10
3709	4YH7	4YH7_A	Q64487	SUP	['SPR']	[-1.734]	RA75A	RA48A	[2.8e-06]	[1.5e-07]	4YH7_A_RA75A		4YH7_A_B,4YFD_A_B	2	10
3710	4YFD	4YFD_B	Q61730	COR	['SPR']	[-1.475]	KB94A	KB71A	[8.2e-06]	[6.8e-07]	4YFD_B_KB94A		4YFD_A_B,4YH7_A_B	2	10
3711	4YFD	4YFD_B	Q61730	SUP	['SPR']	[0.055]	DB30A	DB7A	[6.2e-07]	[6.8e-07]	4YFD_B_DB30A		4YFD_A_B,4YH7_A_B	2	10
3712	4YFD	4YFD_B	Q61730	COR	['SPR']	[-1.133]	WB27A	WB4A	[4.6e-06]	[6.8e-07]	4YFD_B_WB27A		4YFD_A_B,4YH7_A_B	2	10
3713	4YFD	4YFD_A	Q64487	COR	['SPR']	[-1.217]	EA286A	EA259A	[5.3e-06]	[6.8e-07]	4YFD_A_EA286A		4YFD_A_B,4YH7_A_B	2	10
3714	4YFD	4YFD_A	Q64487	COR	['SPR']	[-0.159]	RA196A	RA169A	[8.9e-07]	[6.8e-07]	4YFD_A_RA196A		4YFD_A_B,4YH7_A_B	2	10
3715	4YFD	4YFD_A	Q64487	INT	['SPR']	[-0.285]	RA75A	RA48A	[1.1e-06]	[6.8e-07]	4YFD_A_RA75A		4YFD_A_B,4YH7_A_B	2	10
3716	4YEB	4YEB_B	Q8BGT1	SUP	['ITC']	[-2.417]	FB160A	FB131A	[1e-06]	[1.69e-08]	4YEB_B_FB160A		4YEB_A_B	2	10
3717	4YEB	4YEB_B	Q8BGT1	SUR	['ITC']	[-0.278]	RB117T	RB88T	[2.7e-08]	[1.69e-08]	4YEB_B_RB117T		4YEB_A_B	2	10
3718	4YEB	4YEB_A	Q80TS3	SUR	['ITC']	[-0.069]	AA313S	AA114S	[1.9e-08]	[1.69e-08]	4YEB_A_AA313S		4YEB_A_B	2	10
3719	4YEB	4YEB_A	Q80TS3	INT	['ITC']	[-1.368]	DA332A	DA133A	[1.7e-07]	[1.69e-08]	4YEB_A_DA332A		4YEB_A_B	2	10
3720	4Y61	4Y61_B	Q810C0	COR	['SPR']	[0.193]	RB114A	RB86A	[2.57e-07]	[3.56e-07]	4Y61_B_RB114A		4Y61_A_B	2	10
3721	5C6T	5C6T_H	Not Mapped	COR	['SPR']	[-1.717]	YH103A	YH98A	[2.36e-09]	[1.3e-10]	5C6T_H_YH103A	AB/AG	AB/AG	2	10
3722	5C6T	5C6T_H	Not Mapped	COR	['SPR']	[-1.527]	NH102A	NH97A	[1.71e-09]	[1.3e-10]	5C6T_H_NH102A	AB/AG	AB/AG	2	10
3723	5C6T	5C6T_H	Not Mapped	COR	['SPR']	[0.869]	SH32A	SH32A	[3e-11]	[1.3e-10]	5C6T_H_SH32A	AB/AG	AB/AG	2	10
3724	5C6T	5C6T_H	Not Mapped	RIM	['SPR']	[-0.312]	RH31S	RH31S	[2.2e-10]	[1.3e-10]	5C6T_H_RH31S	AB/AG	AB/AG	2	10
3725	5C6T	5C6T_A	P13201	SUP	['SPR']	[-0.886]	IA299A	IA201A	[5.8e-10]	[1.3e-10]	5C6T_A_IA299A	AB/AG	AB/AG	2	10
3726	5C6T	5C6T_A	P13201	COR	['SPR']	[-0.411]	FA298A	FA200A	[2.6e-10]	[1.3e-10]	5C6T_A_FA298A	AB/AG	AB/AG	2	10
3727	5C6T	5C6T_A	P13201	SUP	['SPR']	[-2.759]	FA297A	FA199A	[1.37e-08]	[1.3e-10]	5C6T_A_FA297A	AB/AG	AB/AG	2	10
3728	5C6T	5C6T_A	P13201	COR	['SPR']	[-1.091]	EA292A	EA194A	[8.2e-10]	[1.3e-10]	5C6T_A_EA292A	AB/AG	AB/AG	2	10
3729	5C6T	5C6T_A	P13201	SUP	['SPR']	[-1.998]	FA290A	FA192A	[3.79e-09]	[1.3e-10]	5C6T_A_FA290A	AB/AG	AB/AG	2	10
3730	5C6T	5C6T_A	P13201	RIM	['SPR']	[0.367]	NA286A	NA188A	[7e-11]	[1.3e-10]	5C6T_A_NA286A	AB/AG	AB/AG	2	10
3731	5C6T	5C6T_A	P13201	INT	['SPR']	[-0.363]	NA284A	NA186A	[2.4e-10]	[1.3e-10]	5C6T_A_NA284A	AB/AG	AB/AG	2	10
3732	5C6T	5C6T_A	P13201	COR	['SPR']	[-0.338]	TA283A	TA185A	[2.3e-10]	[1.3e-10]	5C6T_A_TA283A	AB/AG	AB/AG	2	10
3733	5C6T	5C6T_A	P13201	RIM	['SPR']	[-0.284]	NA281A	NA183A	[2.1e-10]	[1.3e-10]	5C6T_A_NA281A	AB/AG	AB/AG	2	10
3734	5C6T	5C6T_A	P13201	SUP	['SPR']	[-3.21]	YA280A	YA182A	[2.93e-08]	[1.3e-10]	5C6T_A_YA280A	AB/AG	AB/AG	2	10
3735	4ZS6	4ZS6_A	W6A0A7	COR	['SPR']	[-3.04]	EA536A	EA156A	[5.28e-05]	[3.12e-07]	4ZS6_A_EA536A	AB/AG	AB/AG	2	10
3736	4ZS6	4ZS6_A	W6A0A7	RIM	['SPR']	[0.11]	YA540A	YA160A	[2.59e-07]	[3.12e-07]	4ZS6_A_YA540A	AB/AG	AB/AG	2	10
3737	4RS1	4RS1_B	P15509	RIM	['RA']	[-0.871]	KB195A	KB174A	[1.04e-07]	[2.39e-08]	4RS1_B_KB195A		4RS1_A_B,4NKQ_C_AB	2	10
3738	4RS1	4RS1_B	P15509	INT	['RA']	[-0.481]	TB193A	TB172A	[5.38e-08]	[2.39e-08]	4RS1_B_TB193A		4RS1_A_B,4NKQ_C_AB	2	10
3739	4RS1	4RS1_B	P15509	INT	['RA']	[0.449]	YB172F	YB151F	[1.12e-08]	[2.39e-08]	4RS1_B_YB172F		4RS1_A_B,4NKQ_C_AB	2	10
3740	4RS1	4RS1_B	P15509	INT	['RA']	[0.656]	YB172A	YB151A	[7.9e-09]	[2.39e-08]	4RS1_B_YB172A		4RS1_A_B,4NKQ_C_AB	2	10
3741	4RS1	4RS1_B	P15509	INT	['RA']	[0.046]	NB171A	NB150A	[2.21e-08]	[2.39e-08]	4RS1_B_NB171A		4RS1_A_B,4NKQ_C_AB	2	10
3742	5CYK	5CYK_B	G0SCK6	COR	['BI']	[2.116]	EB486A	EB52A	[7e-09]	[2.49e-07]	5CYK_B_EB486A		5CXB_A_B,5CYK_A_B	2	10
3743	5CYK	5CYK_B	G0SCK6	COR	['BI']	[2.68]	EB486R	EB52R	[2.7e-09]	[2.49e-07]	5CYK_B_EB486R		5CXB_A_B,5CYK_A_B	2	10
3744	5CXB	5CXB_B	G0SCK6	RIM	['BI']	[-0.564]	VB488W	VB56W	[7e-09]	[2.7e-09]	5CXB_B_VB488W		5CXB_A_B,5CYK_A_B	2	10
3745	5CXB	5CXB_B	G0SCK6	COR	['BI']	[-2.68]	RB486E	RB54E	[2.49e-07]	[2.7e-09]	5CXB_B_RB486E		5CXB_A_B,5CYK_A_B	2	10
3746	5CXB	5CXB_B	G0SCK6	COR	['BI']	[-0.564]	RB486A	RB54A	[7e-09]	[2.7e-09]	5CXB_B_RB486A		5CXB_A_B,5CYK_A_B	2	10
3747	5CXB	5CXB_B	G0SCK6	COR	['BI']	[-0.062]	TB484Q	TB52Q	[3e-09]	[2.7e-09]	5CXB_B_TB484Q		5CXB_A_B,5CYK_A_B	2	10
3748	5CXB	5CXB_B	G0SCK6	COR	['BI']	[-0.365]	EB481D	EB49D	[5e-09]	[2.7e-09]	5CXB_B_EB481D		5CXB_A_B,5CYK_A_B	2	10
3749	5C6T	5C6T_L	Not Mapped	COR	['SPR']	[-0.123]	RL51A	RL48A	[1.6e-10]	[1.3e-10]	5C6T_L_RL51A	AB/AG	AB/AG	2	10
3750	5C6T	5C6T_L	Not Mapped	SUP	['SPR']	[-0.552]	YL50A	YL47A	[3.3e-10]	[1.3e-10]	5C6T_L_YL50A	AB/AG	AB/AG	2	10
3751	5C6T	5C6T_H	Not Mapped	RIM	['SPR']	[-0.363]	YH109A	YH104A	[2.4e-10]	[1.3e-10]	5C6T_H_YH109A	AB/AG	AB/AG	2	10
3752	5C6T	5C6T_H	Not Mapped	COR	['SPR']	[-1.461]	FH104A	FH99A	[1.53e-09]	[1.3e-10]	5C6T_H_FH104A	AB/AG	AB/AG	2	10
3753	4NKQ	4NKQ_B	P15509	COR	['RA']	[0.077]	RB170D	RB80D	[4.3e-10]	[4.9e-10]	4NKQ_B_RB170D		4NKQ_C_AB,4RS1_A_B	2	10
3754	4NKQ	4NKQ_B	P15509	COR	['RA']	[-0.12]	RB170A	RB80A	[6e-10]	[4.9e-10]	4NKQ_B_RB170A		4NKQ_C_AB,4RS1_A_B	2	10
3755	4RS1	4RS1_A	P04141	COR	['IARA']	[-3.626]	FA119A	FA99A	[8.65e-07]	[1.9e-09]	4RS1_A_FA119A		4RS1_A_B,4NKQ_C_AB	2	10
3756	4RS1	4RS1_A	P04141	COR	['IARA']	[-2.366]	LA115A	LA95A	[1.03e-07]	[1.9e-09]	4RS1_A_LA115A		4RS1_A_B,4NKQ_C_AB	2	10
3757	4RS1	4RS1_A	P04141	COR	['IARA']	[-1.212]	QA99E	QA79E	[1.47e-08]	[1.9e-09]	4RS1_A_QA99E		4RS1_A_B,4NKQ_C_AB	2	10
3758	4RS1	4RS1_A	P04141	COR	['IARA']	[-0.47]	QA99A	QA79A	[4.2e-09]	[1.9e-09]	4RS1_A_QA99A		4RS1_A_B,4NKQ_C_AB	2	10
3759	4RS1	4RS1_A	P04141	COR	['IARA']	[-3.619]	DA48K	DA28K	[8.55e-07]	[1.9e-09]	4RS1_A_DA48K		4RS1_A_B,4NKQ_C_AB	2	10
3760	4RS1	4RS1_A	P04141	COR	['IARA']	[-2.592]	DA48A	DA28A	[1.51e-07]	[1.9e-09]	4RS1_A_DA48A		4RS1_A_B,4NKQ_C_AB	2	10
3761	4RS1	4RS1_A	P04141	RIM	['IARA']	[-2.14]	EA45K	EA25K	[7.04e-08]	[1.9e-09]	4RS1_A_EA45K		4RS1_A_B,4NKQ_C_AB	2	10
3762	4RS1	4RS1_A	P04141	RIM	['IARA']	[-1.503]	EA45A	EA25A	[2.4e-08]	[1.9e-09]	4RS1_A_EA45A		4RS1_A_B,4NKQ_C_AB	2	10
3763	4RS1	4RS1_B	P15509	COR	['RA']	[-0.616]	SB228A	SB205A	[6.76e-08]	[2.39e-08]	4RS1_B_SB228A		4RS1_A_B,4NKQ_C_AB	2	10
3764	4RS1	4RS1_B	P15509	SUP	['RA']	[-0.072]	LB227A	LB204A	[2.7e-08]	[2.39e-08]	4RS1_B_LB227A		4RS1_A_B,4NKQ_C_AB	2	10
3765	4RS1	4RS1_B	P15509	RIM	['RA']	[-0.276]	KB226A	KB203A	[3.81e-08]	[2.39e-08]	4RS1_B_KB226A		4RS1_A_B,4NKQ_C_AB	2	10
3766	4RS1	4RS1_B	P15509	INT	['RA']	[-1.354]	QB225A	QB202A	[2.35e-07]	[2.39e-08]	4RS1_B_QB225A		4RS1_A_B,4NKQ_C_AB	2	10
3767	4RS1	4RS1_B	P15509	INT	['RA']	[0.695]	EB197A	EB176A	[7.4e-09]	[2.39e-08]	4RS1_B_EB197A		4RS1_A_B,4NKQ_C_AB	2	10
3768	4RS1	4RS1_B	P15509	INT	['RA']	[0.276]	IB196A	IB175A	[1.5e-08]	[2.39e-08]	4RS1_B_IB196A		4RS1_A_B,4NKQ_C_AB	2	10
3769	4NKQ	4NKQ_B	P15509	SUR	['RA']	[-0.275]	SB228A	SB123A	[7.8e-10]	[4.9e-10]	4NKQ_B_SB228A		4NKQ_C_AB,4RS1_A_B	2	10
3770	4NKQ	4NKQ_B	P15509	SUR	['RA']	[-0.236]	LB227A	LB122A	[7.3e-10]	[4.9e-10]	4NKQ_B_LB227A		4NKQ_C_AB,4RS1_A_B	2	10
3771	4NKQ	4NKQ_B	P15509	SUR	['RA']	[0.561]	KB226A	KB121A	[1.9e-10]	[4.9e-10]	4NKQ_B_KB226A		4NKQ_C_AB,4RS1_A_B	2	10
3772	4NKQ	4NKQ_B	P15509	SUR	['RA']	[0.399]	QB225A	QB120A	[2.5e-10]	[4.9e-10]	4NKQ_B_QB225A		4NKQ_C_AB,4RS1_A_B	2	10
3773	4NKQ	4NKQ_B	P15509	INT	['RA']	[0.353]	EB197A	EB92A	[2.7e-10]	[4.9e-10]	4NKQ_B_EB197A		4NKQ_C_AB,4RS1_A_B	2	10
3774	4NKQ	4NKQ_B	P15509	INT	['RA']	[0.05]	IB196A	IB91A	[4.5e-10]	[4.9e-10]	4NKQ_B_IB196A		4NKQ_C_AB,4RS1_A_B	2	10
3775	4NKQ	4NKQ_B	P15509	RIM	['RA']	[0.199]	KB195D	KB90D	[3.5e-10]	[4.9e-10]	4NKQ_B_KB195D		4NKQ_C_AB,4RS1_A_B	2	10
3776	4NKQ	4NKQ_B	P15509	RIM	['RA']	[0.199]	KB195A	KB90A	[3.5e-10]	[4.9e-10]	4NKQ_B_KB195A		4NKQ_C_AB,4RS1_A_B	2	10
3777	4NKQ	4NKQ_B	P15509	COR	['RA']	[-1.062]	KB194D	KB89D	[2.94e-09]	[4.9e-10]	4NKQ_B_KB194D		4NKQ_C_AB,4RS1_A_B	2	10
3778	4NKQ	4NKQ_B	P15509	COR	['RA']	[-0.386]	KB194A	KB89A	[9.4e-10]	[4.9e-10]	4NKQ_B_KB194A		4NKQ_C_AB,4RS1_A_B	2	10
3779	4NKQ	4NKQ_B	P15509	INT	['RA']	[-0.319]	TB193A	TB88A	[8.4e-10]	[4.9e-10]	4NKQ_B_TB193A		4NKQ_C_AB,4RS1_A_B	2	10
3780	4NKQ	4NKQ_B	P15509	SUP	['RA']	[-0.203]	DB192R	DB87R	[6.9e-10]	[4.9e-10]	4NKQ_B_DB192R		4NKQ_C_AB,4RS1_A_B	2	10
3781	4NKQ	4NKQ_B	P15509	SUP	['RA']	[-0.158]	DB192A	DB87A	[6.4e-10]	[4.9e-10]	4NKQ_B_DB192A		4NKQ_C_AB,4RS1_A_B	2	10
3782	4NKQ	4NKQ_B	P15509	SUR	['RA']	[0.234]	YB172F	YB82F	[3.3e-10]	[4.9e-10]	4NKQ_B_YB172F		4NKQ_C_AB,4RS1_A_B	2	10
3783	4NKQ	4NKQ_B	P15509	SUR	['RA']	[0.375]	YB172A	YB82A	[2.6e-10]	[4.9e-10]	4NKQ_B_YB172A		4NKQ_C_AB,4RS1_A_B	2	10
3784	4NKQ	4NKQ_B	P15509	INT	['RA']	[-0.1]	NB171A	NB81A	[5.8e-10]	[4.9e-10]	4NKQ_B_NB171A		4NKQ_C_AB,4RS1_A_B	2	10
3785	2SIC	2SIC_I	P01006	COR	['IASP']	[-1.604]	MI73I	MI67I	[2.7e-10]	[1.8e-11]	2SIC_I_MI73I	Pr/PI	Pr/PI	1	6
3786	2SIC	2SIC_I	P01006	COR	['IASP']	[-0.713]	MI73V	MI67V	[6e-11]	[1.8e-11]	2SIC_I_MI73V	Pr/PI	Pr/PI	1	7
3787	2SIC	2SIC_I	P01006	COR	['IASP']	[0.24]	MI73L	MI67L	[1.2e-11]	[1.8e-11]	2SIC_I_MI73L	Pr/PI	Pr/PI	1	7
3788	2SIC	2SIC_I	P01006	COR	['IASP']	[-0.218]	MI73A	MI67A	[2.6e-11]	[1.8e-11]	2SIC_I_MI73A	Pr/PI	Pr/PI	1	6
3789	2SIC	2SIC_I	P01006	COR	['IASP']	[-0.145]	MI73G	MI67G	[2.3e-11]	[1.8e-11]	2SIC_I_MI73G	Pr/PI	Pr/PI	1	6
3790	2SIC	2SIC_I	P01006	COR	['IASP']	[0.0]	MI73R	MI67R	[1.8e-11]	[1.8e-11]	2SIC_I_MI73R	Pr/PI	Pr/PI	1	7
3791	4RS1	4RS1_A	P04141	SUP	['IARA']	[-1.29]	NA109A	NA89A	[1.5e-08]	[1.7e-09]	4RS1_A_NA109A		4RS1_A_B,4NKQ_C_AB	2	10
3792	4RS1	4RS1_A	P04141	SUP	['IARA']	[-0.296]	NA109D	NA89D	[2.8e-09]	[1.7e-09]	4RS1_A_NA109D		4RS1_A_B,4NKQ_C_AB	2	10
3793	4RS1	4RS1_A	P04141	RIM	['IARA']	[-0.337]	EA108K	EA88K	[3e-09]	[1.7e-09]	4RS1_A_EA108K		4RS1_A_B,4NKQ_C_AB	2	10
3794	4RS1	4RS1_A	P04141	RIM	['IARA']	[-0.925]	EA108Q	EA88Q	[8.1e-09]	[1.7e-09]	4RS1_A_EA108Q		4RS1_A_B,4NKQ_C_AB	2	10
3795	4RS1	4RS1_A	P04141	RIM	['IARA']	[-0.477]	EA108A	EA88A	[3.8e-09]	[1.7e-09]	4RS1_A_EA108A		4RS1_A_B,4NKQ_C_AB	2	10
3796	4NKQ	4NKQ_C	P04141	COR	['RA']	[0.332]	DC112K	DC99K	[2.8e-10]	[4.9e-10]	4NKQ_C_DC112K		4NKQ_C_AB,4RS1_A_B	2	10
3797	4NKQ	4NKQ_B	P15509	COR	['RA']	[0.291]	RB283D	RB178D	[3e-10]	[4.9e-10]	4NKQ_B_RB283D		4NKQ_C_AB,4RS1_A_B	2	10
3798	4NKQ	4NKQ_B	P15509	COR	['RA']	[-0.36]	RB283A	RB178A	[9e-10]	[4.9e-10]	4NKQ_B_RB283A		4NKQ_C_AB,4RS1_A_B	2	10
3799	4NKQ	4NKQ_B	P15509	INT	['RA']	[-0.468]	DB281E	DB176E	[1.08e-09]	[4.9e-10]	4NKQ_B_DB281E		4NKQ_C_AB,4RS1_A_B	2	10
3800	4NKQ	4NKQ_B	P15509	SUP	['RA']	[-0.11]	DB231A	DB126A	[5.9e-10]	[4.9e-10]	4NKQ_B_DB231A		4NKQ_C_AB,4RS1_A_B	2	10
3801	4RS1	4RS1_A	P04141	COR	['IARA']	[-3.13]	DA112R	DA92R	[3.35e-07]	[1.7e-09]	4RS1_A_DA112R		4RS1_A_B,4NKQ_C_AB	2	10
3802	4RS1	4RS1_A	P04141	COR	['IARA']	[-1.43]	DA112N	DA92N	[1.9e-08]	[1.7e-09]	4RS1_A_DA112N		4RS1_A_B,4NKQ_C_AB	2	10
3803	4RS1	4RS1_A	P04141	RIM	['IARA']	[-0.125]	KA111E	KA91E	[2.1e-09]	[1.7e-09]	4RS1_A_KA111E		4RS1_A_B,4NKQ_C_AB	2	10
3804	4RS1	4RS1_A	P04141	RIM	['IARA']	[-0.274]	KA111Q	KA91Q	[2.7e-09]	[1.7e-09]	4RS1_A_KA111Q		4RS1_A_B,4NKQ_C_AB	2	10
3805	4RS1	4RS1_A	P04141	RIM	['IARA']	[0.115]	KA111A	KA91A	[1.4e-09]	[1.7e-09]	4RS1_A_KA111A		4RS1_A_B,4NKQ_C_AB	2	10
3806	4RS1	4RS1_A	P04141	SUP	['IARA']	[-0.91]	NA109K	NA89K	[7.9e-09]	[1.7e-09]	4RS1_A_NA109K		4RS1_A_B,4NKQ_C_AB	2	10
3807	1IAR	1IAR_A	P05112	COR	['SPR']	[-0.139]	KA12E	KA12E	[2.05e-10]	[1.62e-10]	1IAR_A_KA12E		1IAR_A_B	1	3
3808	1IAR	1IAR_A	P05112	COR	['SPR']	[0.015]	KA12S	KA12S	[1.58e-10]	[1.62e-10]	1IAR_A_KA12S		1IAR_A_B	1	3
3809	1IAR	1IAR_A	P05112	INT	['SPR']	[-0.069]	IA11A	IA11A	[1.82e-10]	[1.62e-10]	1IAR_A_IA11A		1IAR_A_B	1	3
3810	1IAR	1IAR_A	P05112	COR	['SPR']	[-3.113]	EA9Q	EA9Q	[3.1e-08]	[1.62e-10]	1IAR_A_EA9Q		1IAR_A_B	1	3
3811	1IAR	1IAR_A	P05112	RIM	['SPR']	[-0.039]	QA8R	QA8R	[1.73e-10]	[1.62e-10]	1IAR_A_QA8R		1IAR_A_B	1	3
3812	1IAR	1IAR_A	P05112	RIM	['SPR']	[0.022]	QA8A	QA8A	[1.56e-10]	[1.62e-10]	1IAR_A_QA8A		1IAR_A_B	1	3
3813	1IAR	1IAR_A	P05112	SUP	['SPR']	[-1.393]	TA6D	TA6D	[1.7e-09]	[1.62e-10]	1IAR_A_TA6D		1IAR_A_B	1	3
3814	1IAR	1IAR_A	P05112	SUP	['SPR']	[0.104]	TA6A	TA6A	[1.36e-10]	[1.62e-10]	1IAR_A_TA6A		1IAR_A_B	1	3
3815	1IAR	1IAR_A	P05112	COR	['SPR']	[-0.796]	IA5R	IA5R	[6.21e-10]	[1.62e-10]	1IAR_A_IA5R		1IAR_A_B	1	3
3816	1IAR	1IAR_A	P05112	COR	['SPR']	[-1.171]	IA5A	IA5A	[1.17e-09]	[1.62e-10]	1IAR_A_IA5A		1IAR_A_B	1	3
3817	5E6P	5E6P_A	B2RXS4	COR	['ITC']	[-0.364]	YA1806A	YA468A	[3.7e-06]	[2e-06]	5E6P_A_YA1806A		5E6P_A_B	2	10
3818	5E6P	5E6P_B	O15085	COR	['ITC']	[-1.775]	RB88E	RB42E	[4e-05]	[2e-06]	5E6P_B_RB88E		5E6P_A_B	2	10
3819	5E6P	5E6P_B	O15085	COR	['ITC']	[-0.689]	RB88A	RB42A	[6.4e-06]	[2e-06]	5E6P_B_RB88A		5E6P_A_B	2	10
3820	5E6P	5E6P_B	O15085	COR	['ITC']	[-0.929]	LB68A	LB24A	[9.6e-06]	[2e-06]	5E6P_B_LB68A		5E6P_A_B	2	10
3821	5E6P	5E6P_B	O15085	COR	['ITC']	[-0.278]	IB66A	IB22A	[3.2e-06]	[2e-06]	5E6P_B_IB66A		5E6P_A_B	2	10
3822	4NKQ	4NKQ_C	P04141	RIM	['IARA']	[0.235]	LC28D	LC15D	[3.9e-11]	[5.8e-11]	4NKQ_C_LC28D		4NKQ_C_AB,4RS1_A_B	2	10
3823	4NKQ	4NKQ_C	P04141	SUR	['IARA']	[0.602]	NC27D	NC14D	[2.1e-11]	[5.8e-11]	4NKQ_C_NC27D		4NKQ_C_AB,4RS1_A_B	2	10
3824	4NKQ	4NKQ_C	P04141	RIM	['IARA']	[0.206]	RC24D	RC11D	[4.1e-11]	[5.8e-11]	4NKQ_C_RC24D		4NKQ_C_AB,4RS1_A_B	2	10
3825	4NKQ	4NKQ_C	P04141	COR	['IARA']	[-0.111]	RC23D	RC10D	[7e-11]	[5.8e-11]	4NKQ_C_RC23D		4NKQ_C_AB,4RS1_A_B	2	10
3826	4NKQ	4NKQ_C	P04141	RIM	['IARA']	[-2.64]	EC21R	EC8R	[5e-09]	[5.8e-11]	4NKQ_C_EC21R		4NKQ_C_AB,4RS1_A_B	2	10
3827	4NKQ	4NKQ_C	P04141	SUP	['IARA']	[-0.334]	IC19G	IC6G	[1.02e-10]	[5.8e-11]	4NKQ_C_IC19G		4NKQ_C_AB,4RS1_A_B	2	10
3828	4NKQ	4NKQ_C	P04141	COR	['IARA']	[0.391]	NC17E	NC4E	[3e-11]	[5.8e-11]	4NKQ_C_NC17E		4NKQ_C_AB,4RS1_A_B	2	10
3829	4RS1	4RS1_A	P04141	RIM	['IARA']	[-0.19]	RA24D	RA11D	[5.1e-09]	[3.7e-09]	4RS1_A_RA24D		4RS1_A_B,4NKQ_C_AB	2	10
3830	4RS1	4RS1_A	P04141	SUP	['IARA']	[-0.178]	RA23D	RA10D	[5e-09]	[3.7e-09]	4RS1_A_RA23D		4RS1_A_B,4NKQ_C_AB	2	10
3831	4RS1	4RS1_A	P04141	SUR	['IARA']	[-0.394]	EA21R	EA8R	[7.2e-09]	[3.7e-09]	4RS1_A_EA21R		4RS1_A_B,4NKQ_C_AB	2	10
3832	4RS1	4RS1_A	P04141	SUP	['IARA']	[-0.856]	IA19G	IA6G	[1.57e-08]	[3.7e-09]	4RS1_A_IA19G		4RS1_A_B,4NKQ_C_AB	2	10
3833	1TM4	1TM4_I	Q40059	COR	['IASP']	[2.233]	GI59M	GI40M	[3e-12]	[1.3e-10]	1TM4_I_GI59M	Pr/PI	Pr/PI	1	5
3834	1TM1	1TM1_I	Q40059	RIM	['IASP']	[-1.256]	RI62A	RI43A	[2.5e-11]	[3e-12]	1TM1_I_RI62A	Pr/PI	Pr/PI	1	5
3835	1LFD	1LFD_A	Q03386	COR	['IAFL']	[-3.459]	YA31A	YA18A	[0.000415]	[1.21e-06]	1LFD_A_YA31A		1LFD_A_B,4G0N_A_B,3KUD_A_B,1K8R_A_B,1HE8_A_B,1GUA_A_B,1C1Y_A_B	2	4
3836	1LFD	1LFD_B	P01112	RIM	['ITC']	[-1.101]	DB233A	DB33A	[4.43e-06]	[6.91e-07]	1LFD_B_DB233A		1LFD_A_B,4G0N_A_B,3KUD_A_B,1K8R_A_B,1HE8_A_B,1GUA_A_B,1C1Y_A_B	2	4
3837	1LFD	1LFD_B	P01112	RIM	['ITC']	[-0.901]	QB225A	QB25A	[3.16e-06]	[6.91e-07]	1LFD_B_QB225A		1LFD_A_B,4G0N_A_B,3KUD_A_B,1K8R_A_B,1HE8_A_B,1GUA_A_B,1C1Y_A_B	2	4
3838	3NVN	3NVN_B	O60486	SUP	['ITC']	[-1.269]	RB222S	RB186S	[8e-08]	[9.4e-09]	3NVN_B_RB222S		3NVN_B_A,3NVQ_B_A	2	8
3839	3NVN	3NVN_A	Q8JL80	SUP	['ITC']	[-2.487]	RA207E	RA193E	[6.25e-07]	[9.4e-09]	3NVN_A_RA207E		3NVN_B_A,3NVQ_B_A	2	8
3840	3NVQ	3NVQ_A	O75326	SUP	['ITC']	[-1.561]	RA204E	RA159E	[4e-06]	[2.87e-07]	3NVQ_A_RA204E		3NVQ_B_A,3NVN_B_A	2	8
3841	3NVQ	3NVQ_A	O75326	SUP	['ITC']	[-1.546]	RA202E	RA157E	[3.9e-06]	[2.87e-07]	3NVQ_A_RA202E		3NVQ_B_A,3NVN_B_A	2	8
3842	3Q3J	3Q3J_B	Q92730	RIM	['ITC']	[-0.211]	YB114F	YB100F	[1e-05]	[7e-06]	3Q3J_B_YB114F		3Q3J_A_B,2REX_A_B,3EG5_A_B	2	8
3843	2REX	2REX_B	Q92730	RIM	['ITC']	[0.0]	YB114F	YB97F	[5.5e-06]	[5.5e-06]	2REX_B_YB114F		2REX_A_B,3Q3J_A_B,3EG5_A_B	2	6
3844	2REX	2REX_A	O43157	COR	['ITC']	[-0.558]	LA1815Y	LA70Y	[1.41e-05]	[5.5e-06]	2REX_A_LA1815Y		2REX_A_B,3Q3J_A_B,3EG5_A_B	2	6
3845	1U7F	1U7F_B	Q13485	COR	['ITC']	[-2.674]	DB493A	DB140A	[5.29e-06]	[5.8e-08]	1U7F_B_DB493A		1U7F_B_AC	2	5
3846	1U7F	1U7F_B	Q13485	RIM	['ITC']	[-1.738]	RB378A	RB65A	[1.09e-06]	[5.8e-08]	1U7F_B_RB378A		1U7F_B_AC	2	5
3847	5E6P	5E6P_A	B2RXS4	COR	['ITC']	[-1.604]	AA1833E	AA495E	[3e-05]	[2e-06]	5E6P_A_AA1833E		5E6P_A_B	2	10
3848	5E6P	5E6P_A	B2RXS4	SUP	['ITC']	[-1.118]	AA1832E	AA494E	[1.32e-05]	[2e-06]	5E6P_A_AA1832E		5E6P_A_B	2	10
3849	1LFD	1LFD_B	P01112	COR	['IAFL']	[-1.151]	EB237A	EB37A	[8.44e-06]	[1.21e-06]	1LFD_B_EB237A		1LFD_A_B,4G0N_A_B,3KUD_A_B,1K8R_A_B,1HE8_A_B,1GUA_A_B,1C1Y_A_B	2	4
3850	1LFD	1LFD_B	P01112	RIM	['IAFL']	[-0.478]	VB229A	VB29A	[2.71e-06]	[1.21e-06]	1LFD_B_VB229A		1LFD_A_B,4G0N_A_B,3KUD_A_B,1K8R_A_B,1HE8_A_B,1GUA_A_B,1C1Y_A_B	2	4
3851	2SIC	2SIC_I	P01006	COR	['IASP']	[0.0]	MI73K	MI67K	[1.8e-11]	[1.8e-11]	2SIC_I_MI73K	Pr/PI	Pr/PI	1	7
3852	2SIC	2SIC_I	P01006	COR	['IASP']	[-0.218]	MI73H	MI67H	[2.6e-11]	[1.8e-11]	2SIC_I_MI73H	Pr/PI	Pr/PI	1	6
3853	2SIC	2SIC_I	P01006	COR	['IASP']	[-0.752]	MI73D	MI67D	[6.4e-11]	[1.8e-11]	2SIC_I_MI73D	Pr/PI	Pr/PI	1	6
3854	2SIC	2SIC_I	P01006	COR	['IASP']	[-0.796]	MI73E	MI67E	[6.9e-11]	[1.8e-11]	2SIC_I_MI73E	Pr/PI	Pr/PI	1	6
3855	1TM1	1TM1_I	Q40059	COR	['IASP']	[-1.028]	MI59F	MI40F	[1.7e-11]	[3e-12]	1TM1_I_MI59F	Pr/PI	Pr/PI	1	5
3856	1TM1	1TM1_I	Q40059	COR	['IASP']	[-0.056]	MI59Y	MI40Y	[3.3e-12]	[3e-12]	1TM1_I_MI59Y	Pr/PI	Pr/PI	1	5
3857	1TM1	1TM1_I	Q40059	COR	['IASP']	[-1.094]	MI59K	MI40K	[1.9e-11]	[3e-12]	1TM1_I_MI59K	Pr/PI	Pr/PI	1	5
3858	1TM1	1TM1_I	Q40059	COR	['IASP']	[-1.028]	MI59A	MI40A	[1.7e-11]	[3e-12]	1TM1_I_MI59A	Pr/PI	Pr/PI	1	5
3859	1TM1	1TM1_I	Q40059	COR	['IASP']	[-2.233]	MI59G	MI40G	[1.3e-10]	[3e-12]	1TM1_I_MI59G	Pr/PI	Pr/PI	1	5
3860	1TO1	1TO1_I	Q40059	COR	['IASP']	[2.982]	AI61Y	AI42Y	[3e-12]	[4.6e-10]	1TO1_I_AI61Y	Pr/PI	Pr/PI	1	5
3861	1TMG	1TMG_I	Q40059	COR	['IASP']	[1.028]	FI59M	FI40M	[3e-12]	[1.7e-11]	1TMG_I_FI59M	Pr/PI	Pr/PI	1	5
3862	1TM7	1TM7_I	Q40059	COR	['IASP']	[0.056]	YI59M	YI40M	[3e-12]	[3.3e-12]	1TM7_I_YI59M	Pr/PI	Pr/PI	1	5
3863	1TM3	1TM3_I	Q40059	COR	['IASP']	[1.094]	KI59M	KI40M	[3e-12]	[1.9e-11]	1TM3_I_KI59M	Pr/PI	Pr/PI	1	5
3864	1TM5	1TM5_I	Q40059	COR	['IASP']	[1.028]	AI59M	AI40M	[3e-12]	[1.7e-11]	1TM5_I_AI59M	Pr/PI	Pr/PI	1	5
3865	1GUA	1GUA_B	P04049	RIM	['ITC']	[-1.999]	KB84A	KB29A	[1.44e-05]	[4.93e-07]	1GUA_B_KB84A		1GUA_A_B,1C1Y_A_B,4G0N_A_B,3KUD_A_B,1LFD_A_B,1K8R_A_B,1HE8_A_B	2	3
3866	1GUA	1GUA_B	P04049	COR	['ITC']	[-0.1]	VB69A	VB14A	[5.84e-07]	[4.93e-07]	1GUA_B_VB69A		1GUA_A_B,1C1Y_A_B,4G0N_A_B,3KUD_A_B,1LFD_A_B,1K8R_A_B,1HE8_A_B	2	3
3867	1GUA	1GUA_B	P04049	SUP	['ITC']	[-0.701]	TB68A	TB13A	[1.61e-06]	[4.93e-07]	1GUA_B_TB68A		1GUA_A_B,1C1Y_A_B,4G0N_A_B,3KUD_A_B,1LFD_A_B,1K8R_A_B,1HE8_A_B	2	3
3868	1GUA	1GUA_B	P04049	COR	['ITC']	[-0.1]	QB66A	QB11A	[5.84e-07]	[4.93e-07]	1GUA_B_QB66A		1GUA_A_B,1C1Y_A_B,4G0N_A_B,3KUD_A_B,1LFD_A_B,1K8R_A_B,1HE8_A_B	2	3
3869	1GUA	1GUA_B	P04049	RIM	['ITC']	[0.4]	KB65A	KB10A	[2.51e-07]	[4.93e-07]	1GUA_B_KB65A		1GUA_A_B,1C1Y_A_B,4G0N_A_B,3KUD_A_B,1LFD_A_B,1K8R_A_B,1HE8_A_B	2	3
3870	1GUA	1GUA_B	P04049	RIM	['ITC']	[0.4]	NB64A	NB9A	[2.51e-07]	[4.93e-07]	1GUA_B_NB64A		1GUA_A_B,1C1Y_A_B,4G0N_A_B,3KUD_A_B,1LFD_A_B,1K8R_A_B,1HE8_A_B	2	3
3871	1GUA	1GUA_B	P04049	RIM	['ITC']	[-1.001]	RB59A	RB4A	[2.67e-06]	[4.93e-07]	1GUA_B_RB59A		1GUA_A_B,1C1Y_A_B,4G0N_A_B,3KUD_A_B,1LFD_A_B,1K8R_A_B,1HE8_A_B	2	3
3872	4G0N	4G0N_A	P01112	SUR	['ITC']	[0.291]	VA45A	VA45A	[4.91e-08]	[8.02e-08]	4G0N_A_VA45A		4G0N_A_B,3KUD_A_B,1LFD_A_B,1GUA_A_B,1C1Y_A_B,1K8R_A_B,1HE8_A_B,1E96_A_B	2	10
3873	4G0N	4G0N_A	P01112	COR	['ITC']	[-0.291]	SA39A	SA39A	[1.31e-07]	[8.02e-08]	4G0N_A_SA39A		4G0N_A_B,3KUD_A_B,1LFD_A_B,1GUA_A_B,1C1Y_A_B,1K8R_A_B,1HE8_A_B,1E96_A_B	2	10
3874	4G0N	4G0N_A	P01112	RIM	['ITC']	[-1.743]	EA37A	EA37A	[1.52e-06]	[8.02e-08]	4G0N_A_EA37A		4G0N_A_B,3KUD_A_B,1LFD_A_B,1GUA_A_B,1C1Y_A_B,1K8R_A_B,1HE8_A_B,1E96_A_B	2	9
3875	4G0N	4G0N_A	P01112	RIM	['ITC']	[-1.743]	IA36A	IA36A	[1.52e-06]	[8.02e-08]	4G0N_A_IA36A		4G0N_A_B,3KUD_A_B,1LFD_A_B,1GUA_A_B,1C1Y_A_B,1K8R_A_B,1HE8_A_B,1E96_A_B	2	9
3876	4G0N	4G0N_A	P01112	RIM	['ITC']	[0.291]	HA27A	HA27A	[4.91e-08]	[8.02e-08]	4G0N_A_HA27A		4G0N_A_B,3KUD_A_B,1LFD_A_B,1GUA_A_B,1C1Y_A_B,1K8R_A_B,1HE8_A_B,1E96_A_B	2	9
3877	4G0N	4G0N_A	P01112	SUP	['ITC']	[-0.871]	IA21A	IA21A	[3.49e-07]	[8.02e-08]	4G0N_A_IA21A		4G0N_A_B,3KUD_A_B,1LFD_A_B,1GUA_A_B,1C1Y_A_B,1K8R_A_B,1HE8_A_B,1E96_A_B	2	9
3878	1LFD	1LFD_B	P01112	SUR	['IAFL']	[-0.286]	EB263A	EB63A	[1.96e-06]	[1.21e-06]	1LFD_B_EB263A		1LFD_A_B,4G0N_A_B,3KUD_A_B,1K8R_A_B,1HE8_A_B,1GUA_A_B,1C1Y_A_B	2	4
3879	1LFD	1LFD_B	P01112	SUR	['IAFL']	[-0.191]	EB262A	EB62A	[1.67e-06]	[1.21e-06]	1LFD_B_EB262A		1LFD_A_B,4G0N_A_B,3KUD_A_B,1K8R_A_B,1HE8_A_B,1GUA_A_B,1C1Y_A_B	2	4
3880	1LFD	1LFD_B	P01112	SUP	['IAFL']	[-3.555]	YB240A	YB40A	[0.000488]	[1.21e-06]	1LFD_B_YB240A		1LFD_A_B,4G0N_A_B,3KUD_A_B,1K8R_A_B,1HE8_A_B,1GUA_A_B,1C1Y_A_B	2	4
3881	1K8R	1K8R_A	P01112	COR	['IAFL']	[-1.896]	DA38N	DA38N	[7.34e-06]	[2.99e-07]	1K8R_A_DA38N		1K8R_A_B,4G0N_A_B,3KUD_A_B,1LFD_A_B,1HE8_A_B,5UFE_A_B,5UFQ_A_C,1GUA_A_B,1C1Y_A_B	2	4
3882	1K8R	1K8R_A	P01112	COR	['IAFL']	[-3.438]	DA38E	DA38E	[9.9e-05]	[2.99e-07]	1K8R_A_DA38E		1K8R_A_B,4G0N_A_B,3KUD_A_B,1LFD_A_B,1HE8_A_B,5UFE_A_B,5UFQ_A_C,1GUA_A_B,1C1Y_A_B	2	4
3883	1K8R	1K8R_A	P01112	COR	['IAFL']	[-1.712]	DA38A	DA38A	[5.38e-06]	[2.99e-07]	1K8R_A_DA38A		1K8R_A_B,4G0N_A_B,3KUD_A_B,1LFD_A_B,1HE8_A_B,5UFE_A_B,5UFQ_A_C,1GUA_A_B,1C1Y_A_B	2	4
3884	1K8R	1K8R_A	P01112	RIM	['IAFL']	[-0.306]	EA37A	EA37A	[5.01e-07]	[2.99e-07]	1K8R_A_EA37A		1K8R_A_B,4G0N_A_B,3KUD_A_B,1LFD_A_B,1HE8_A_B,5UFE_A_B,5UFQ_A_C,1GUA_A_B,1C1Y_A_B	2	4
3885	1K8R	1K8R_A	P01112	RIM	['IAFL']	[-1.535]	DA33A	DA33A	[3.99e-06]	[2.99e-07]	1K8R_A_DA33A		1K8R_A_B,4G0N_A_B,3KUD_A_B,1LFD_A_B,1HE8_A_B,5UFE_A_B,5UFQ_A_C,1GUA_A_B,1C1Y_A_B	2	4
3886	1K8R	1K8R_A	P01112	SUR	['IAFL']	[-0.171]	EA31K	EA31K	[3.99e-07]	[2.99e-07]	1K8R_A_EA31K		1K8R_A_B,4G0N_A_B,3KUD_A_B,1LFD_A_B,1HE8_A_B,5UFE_A_B,5UFQ_A_C,1GUA_A_B,1C1Y_A_B	2	4
3887	1K8R	1K8R_B	P28829	COR	['IAFL']	[-1.437]	RB160A	RB77A	[3.38e-06]	[2.99e-07]	1K8R_B_RB160A		1K8R_A_B,4G0N_A_B,3KUD_A_B,1LFD_A_B,1HE8_A_B,5UFE_A_B,5UFQ_A_C,1GUA_A_B,1C1Y_A_B	2	4
3888	1K8R	1K8R_B	P28829	SUR	['IAFL']	[-0.715]	RB159A	RB76A	[1e-06]	[2.99e-07]	1K8R_B_RB159A		1K8R_A_B,4G0N_A_B,3KUD_A_B,1LFD_A_B,1HE8_A_B,5UFE_A_B,5UFQ_A_C,1GUA_A_B,1C1Y_A_B	2	4
3889	1K8R	1K8R_B	P28829	COR	['IAFL']	[-2.728]	KB101A	KB31A	[2.99e-05]	[2.99e-07]	1K8R_B_KB101A		1K8R_A_B,4G0N_A_B,3KUD_A_B,1LFD_A_B,1HE8_A_B,5UFE_A_B,5UFQ_A_C,1GUA_A_B,1C1Y_A_B	2	4
3890	1K8R	1K8R_B	P28829	SUR	['IAFL']	[-0.587]	KB93A	KB23A	[8.05e-07]	[2.99e-07]	1K8R_B_KB93A		1K8R_A_B,4G0N_A_B,3KUD_A_B,1LFD_A_B,1HE8_A_B,5UFE_A_B,5UFQ_A_C,1GUA_A_B,1C1Y_A_B	2	4
3891	1K8R	1K8R_B	P28829	COR	['IAFL']	[-2.801]	RB83A	RB13A	[3.38e-05]	[2.99e-07]	1K8R_B_RB83A		1K8R_A_B,4G0N_A_B,3KUD_A_B,1LFD_A_B,1HE8_A_B,5UFE_A_B,5UFQ_A_C,1GUA_A_B,1C1Y_A_B	2	4
3892	1K8R	1K8R_B	P28829	COR	['IAFL']	[-1.798]	QB81A	QB11A	[6.22e-06]	[2.99e-07]	1K8R_B_QB81A		1K8R_A_B,4G0N_A_B,3KUD_A_B,1LFD_A_B,1HE8_A_B,5UFE_A_B,5UFQ_A_C,1GUA_A_B,1C1Y_A_B	2	4
3893	1GUA	1GUA_A	P62834	COR	['ITC']	[-1.4]	SA39A	SA39A	[5.24e-06]	[4.93e-07]	1GUA_A_SA39A		1GUA_A_B,1C1Y_A_B,4G0N_A_B,3KUD_A_B,1LFD_A_B,1K8R_A_B,1HE8_A_B	2	3
3894	1GUA	1GUA_A	P62834	COR	['ITC']	[-1.301]	EA37A	EA37A	[4.43e-06]	[4.93e-07]	1GUA_A_EA37A		1GUA_A_B,1C1Y_A_B,4G0N_A_B,3KUD_A_B,1LFD_A_B,1K8R_A_B,1HE8_A_B	2	3
3895	1GUA	1GUA_B	P04049	COR	['ITC']	[-0.2]	VB88A	VB33A	[6.91e-07]	[4.93e-07]	1GUA_B_VB88A		1GUA_A_B,1C1Y_A_B,4G0N_A_B,3KUD_A_B,1LFD_A_B,1K8R_A_B,1HE8_A_B	2	3
3896	1GUA	1GUA_B	P04049	RIM	['ITC']	[-0.799]	KB87A	KB32A	[1.9e-06]	[4.93e-07]	1GUA_B_KB87A		1GUA_A_B,1C1Y_A_B,4G0N_A_B,3KUD_A_B,1LFD_A_B,1K8R_A_B,1HE8_A_B	2	3
3897	1C1Y	1C1Y_A	P62834	SUR	['IAFL']	[1.775]	KA31E	KA31E	[6e-08]	[1.2e-06]	1C1Y_A_KA31E		1GUA_A_B,1C1Y_A_B,4G0N_A_B,3KUD_A_B,1LFD_A_B,1K8R_A_B,1HE8_A_B	2	2
3898	1GUA	1GUA_A	P62834	SUR	['IAFL']	[-0.24]	DA30E	DA30E	[6e-08]	[4e-08]	1GUA_A_DA30E		1GUA_A_B,1C1Y_A_B,4G0N_A_B,3KUD_A_B,1LFD_A_B,1K8R_A_B,1HE8_A_B	2	3
3899	3KUD	3KUD_A	P01112	INT	['IAFL']	[-1.991]	TA35A	TA35A	[4.9e-05]	[1.7e-06]	3KUD_A_TA35A		4G0N_A_B,3KUD_A_B,1LFD_A_B,1GUA_A_B,1C1Y_A_B,1K8R_A_B,1HE8_A_B,1E96_A_B	2	8
3900	3KUD	3KUD_B	P04049	RIM	['IAFL']	[0.798]	NB71R	NB16R	[4.42e-07]	[1.7e-06]	3KUD_B_NB71R		4G0N_A_B,3KUD_A_B,1LFD_A_B,1GUA_A_B,1C1Y_A_B,1K8R_A_B,1HE8_A_B,1E96_A_B	2	8
3901	3KUD	3KUD_B	P04049	COR	['IAFL']	[-1.954]	KB85A	KB30A	[4.6e-05]	[1.7e-06]	3KUD_B_KB85A		4G0N_A_B,3KUD_A_B,1LFD_A_B,1GUA_A_B,1C1Y_A_B,1K8R_A_B,1HE8_A_B,1E96_A_B	2	8
3902	4G0N	4G0N_B	P04049	SUP	['IAFL']	[1.109]	AB85K	AB32K	[2e-08]	[1.3e-07]	4G0N_B_AB85K		4G0N_A_B,3KUD_A_B,1LFD_A_B,1GUA_A_B,1C1Y_A_B,1K8R_A_B,1HE8_A_B,1E96_A_B	2	9
3903	4G0N	4G0N_B	P04049	RIM	['IAFL']	[0.698]	NB71R	NB18R	[4e-08]	[1.3e-07]	4G0N_B_NB71R		4G0N_A_B,3KUD_A_B,1LFD_A_B,1GUA_A_B,1C1Y_A_B,1K8R_A_B,1HE8_A_B,1E96_A_B	2	10
3904	4G0N	4G0N_B	P04049	COR	['IAFL']	[-0.552]	VB88I	VB35I	[3.3e-07]	[1.3e-07]	4G0N_B_VB88I		4G0N_A_B,3KUD_A_B,1LFD_A_B,1GUA_A_B,1C1Y_A_B,1K8R_A_B,1HE8_A_B,1E96_A_B	2	10
3905	4G0N	4G0N_B	P04049	SUR	['IAFL']	[-0.603]	FB61W	FB8W	[3.6e-07]	[1.3e-07]	4G0N_B_FB61W		4G0N_A_B,3KUD_A_B,1LFD_A_B,1GUA_A_B,1C1Y_A_B,1K8R_A_B,1HE8_A_B,1E96_A_B	2	9
3906	1K8R	1K8R_A	P01112	SUR	['IAFL']	[-0.41]	EA63A	EA63A	[5.97e-07]	[2.99e-07]	1K8R_A_EA63A		1K8R_A_B,4G0N_A_B,3KUD_A_B,1LFD_A_B,1HE8_A_B,5UFE_A_B,5UFQ_A_C,1GUA_A_B,1C1Y_A_B	2	4
3907	1K8R	1K8R_A	P01112	SUR	['IAFL']	[-0.41]	EA62A	EA62A	[5.97e-07]	[2.99e-07]	1K8R_A_EA62A		1K8R_A_B,4G0N_A_B,3KUD_A_B,1LFD_A_B,1HE8_A_B,5UFE_A_B,5UFQ_A_C,1GUA_A_B,1C1Y_A_B	2	4
3908	1K8R	1K8R_A	P01112	INT	['IAFL']	[-1.18]	DA57A	DA57A	[2.19e-06]	[2.99e-07]	1K8R_A_DA57A		1K8R_A_B,4G0N_A_B,3KUD_A_B,1LFD_A_B,1HE8_A_B,5UFE_A_B,5UFQ_A_C,1GUA_A_B,1C1Y_A_B	2	4
3909	1K8R	1K8R_A	P01112	COR	['IAFL']	[-1.18]	RA41A	RA41A	[2.19e-06]	[2.99e-07]	1K8R_A_RA41A		1K8R_A_B,4G0N_A_B,3KUD_A_B,1LFD_A_B,1HE8_A_B,5UFE_A_B,5UFQ_A_C,1GUA_A_B,1C1Y_A_B	2	4
3910	1K8R	1K8R_A	P01112	SUP	['IAFL']	[-1.492]	YA40F	YA40F	[3.71e-06]	[2.99e-07]	1K8R_A_YA40F		1K8R_A_B,4G0N_A_B,3KUD_A_B,1LFD_A_B,1HE8_A_B,5UFE_A_B,5UFQ_A_C,1GUA_A_B,1C1Y_A_B	2	4
3911	1K8R	1K8R_A	P01112	SUP	['IAFL']	[-3.438]	YA40C	YA40C	[9.9e-05]	[2.99e-07]	1K8R_A_YA40C		1K8R_A_B,4G0N_A_B,3KUD_A_B,1LFD_A_B,1HE8_A_B,5UFE_A_B,5UFQ_A_C,1GUA_A_B,1C1Y_A_B	2	4
3912	1K8R	1K8R_A	P01112	COR	['IAFL']	[-0.715]	SA39A	SA39A	[1e-06]	[2.99e-07]	1K8R_A_SA39A		1K8R_A_B,4G0N_A_B,3KUD_A_B,1LFD_A_B,1HE8_A_B,5UFE_A_B,5UFQ_A_C,1GUA_A_B,1C1Y_A_B	2	4
3913	4G0N	4G0N_B	P04049	RIM	['IAFL']	[-1.832]	KB65A	KB12A	[2.6e-07]	[1.18e-08]	4G0N_B_KB65A		4G0N_A_B,3KUD_A_B,1LFD_A_B,1GUA_A_B,1C1Y_A_B,1K8R_A_B,1HE8_A_B,1E96_A_B	2	9
3914	4G0N	4G0N_B	P04049	RIM	['IAFL']	[-1.809]	NB64D	NB11D	[2.5e-07]	[1.18e-08]	4G0N_B_NB64D		4G0N_A_B,3KUD_A_B,1LFD_A_B,1GUA_A_B,1C1Y_A_B,1K8R_A_B,1HE8_A_B,1E96_A_B	2	10
3915	4G0N	4G0N_B	P04049	RIM	['IAFL']	[-1.323]	KB65M	KB12M	[1.1e-07]	[1.18e-08]	4G0N_B_KB65M		4G0N_A_B,3KUD_A_B,1LFD_A_B,1GUA_A_B,1C1Y_A_B,1K8R_A_B,1HE8_A_B,1E96_A_B	2	9
3916	1C1Y	1C1Y_B	P04049	COR	['IAFL']	[-2.62]	RB89L	RB35L	[0.0001]	[1.2e-06]	1C1Y_B_RB89L		1GUA_A_B,1C1Y_A_B,4G0N_A_B,3KUD_A_B,1LFD_A_B,1K8R_A_B,1HE8_A_B	2	2
3917	1C1Y	1C1Y_B	P04049	RIM	['IAFL']	[-2.233]	KB84E	KB30E	[5.2e-05]	[1.2e-06]	1C1Y_B_KB84E		1GUA_A_B,1C1Y_A_B,4G0N_A_B,3KUD_A_B,1LFD_A_B,1K8R_A_B,1HE8_A_B	2	2
3918	1C1Y	1C1Y_B	P04049	RIM	['IAFL']	[-1.313]	KB84A	KB30A	[1.1e-05]	[1.2e-06]	1C1Y_B_KB84A		1GUA_A_B,1C1Y_A_B,4G0N_A_B,3KUD_A_B,1LFD_A_B,1K8R_A_B,1HE8_A_B	2	2
3919	1C1Y	1C1Y_B	P04049	COR	['IAFL']	[-1.581]	QB66A	QB12A	[1.73e-05]	[1.2e-06]	1C1Y_B_QB66A		1GUA_A_B,1C1Y_A_B,4G0N_A_B,3KUD_A_B,1LFD_A_B,1K8R_A_B,1HE8_A_B	2	2
3920	1C1Y	1C1Y_B	P04049	RIM	['IAFL']	[-1.907]	RB59A	RB5A	[3e-05]	[1.2e-06]	1C1Y_B_RB59A		1GUA_A_B,1C1Y_A_B,4G0N_A_B,3KUD_A_B,1LFD_A_B,1K8R_A_B,1HE8_A_B	2	2
3921	1C1Y	1C1Y_B	P04049	RIM	['IAFL']	[-1.456]	RB67A	RB13A	[1.4e-05]	[1.2e-06]	1C1Y_B_RB67A		1GUA_A_B,1C1Y_A_B,4G0N_A_B,3KUD_A_B,1LFD_A_B,1K8R_A_B,1HE8_A_B	2	2
3922	1C1Y	1C1Y_B	P04049	SUP	['IAFL']	[-1.456]	TB68A	TB14A	[1.4e-05]	[1.2e-06]	1C1Y_B_TB68A		1GUA_A_B,1C1Y_A_B,4G0N_A_B,3KUD_A_B,1LFD_A_B,1K8R_A_B,1HE8_A_B	2	2
3923	1C1Y	1C1Y_B	P04049	RIM	['IAFL']	[-0.891]	KB65E	KB11E	[5.4e-06]	[1.2e-06]	1C1Y_B_KB65E		1GUA_A_B,1C1Y_A_B,4G0N_A_B,3KUD_A_B,1LFD_A_B,1K8R_A_B,1HE8_A_B	2	2
3924	1C1Y	1C1Y_B	P04049	RIM	['IAFL']	[-1.109]	KB65A	KB11A	[7.8e-06]	[1.2e-06]	1C1Y_B_KB65A		1GUA_A_B,1C1Y_A_B,4G0N_A_B,3KUD_A_B,1LFD_A_B,1K8R_A_B,1HE8_A_B	2	2
3925	1C1Y	1C1Y_B	P04049	COR	['IAFL']	[-1.124]	VB69A	VB15A	[8e-06]	[1.2e-06]	1C1Y_B_VB69A		1GUA_A_B,1C1Y_A_B,4G0N_A_B,3KUD_A_B,1LFD_A_B,1K8R_A_B,1HE8_A_B	2	2
3926	1C1Y	1C1Y_B	P04049	RIM	['IAFL']	[-1.476]	NB64D	NB10D	[1.45e-05]	[1.2e-06]	1C1Y_B_NB64D		1GUA_A_B,1C1Y_A_B,4G0N_A_B,3KUD_A_B,1LFD_A_B,1K8R_A_B,1HE8_A_B	2	2
3927	1C1Y	1C1Y_B	P04049	RIM	['IAFL']	[-0.502]	NB64A	NB10A	[2.8e-06]	[1.2e-06]	1C1Y_B_NB64A		1GUA_A_B,1C1Y_A_B,4G0N_A_B,3KUD_A_B,1LFD_A_B,1K8R_A_B,1HE8_A_B	2	2
3928	1C1Y	1C1Y_B	P04049	RIM	['IAFL']	[-0.713]	KB65M	KB11M	[4e-06]	[1.2e-06]	1C1Y_B_KB65M		1GUA_A_B,1C1Y_A_B,4G0N_A_B,3KUD_A_B,1LFD_A_B,1K8R_A_B,1HE8_A_B	2	2
3929	3EQS	3EQS_B	Not Mapped	RIM	['SPR']	[0.17]	LB9A	LB9A	[2.4e-09]	[3.2e-09]	3EQS_B_LB9A		3EQS_A_B,3LNZ_A_B,3EQY_A_C	2	7
3930	3EQS	3EQS_B	Not Mapped	RIM	['SPR']	[1.112]	NB8A	NB8A	[4.9e-10]	[3.2e-09]	3EQS_B_NB8A		3EQS_A_B,3LNZ_A_B,3EQY_A_C	2	7
3931	3EQS	3EQS_B	Not Mapped	COR	['SPR']	[-6.41]	WB7A	WB7A	[0.00016]	[3.2e-09]	3EQS_B_WB7A		3EQS_A_B,3LNZ_A_B,3EQY_A_C	2	7
3932	3EQS	3EQS_B	Not Mapped	COR	['SPR']	[-3.111]	YB6A	YB6A	[6.1e-07]	[3.2e-09]	3EQS_B_YB6A		3EQS_A_B,3LNZ_A_B,3EQY_A_C	2	8
3933	3EQS	3EQS_B	Not Mapped	SUR	['SPR']	[-1.115]	EB5A	EB5A	[2.1e-08]	[3.2e-09]	3EQS_B_EB5A		3EQS_A_B,3LNZ_A_B,3EQY_A_C	2	7
3934	3EQS	3EQS_B	Not Mapped	COR	['SPR']	[-5.559]	FB3A	FB3A	[3.8e-05]	[3.2e-09]	3EQS_B_FB3A		3EQS_A_B,3LNZ_A_B,3EQY_A_C	2	7
3935	3EQS	3EQS_B	Not Mapped	RIM	['SPR']	[-1.264]	SB2A	SB2A	[2.7e-08]	[3.2e-09]	3EQS_B_SB2A		3EQS_A_B,3LNZ_A_B,3EQY_A_C	2	7
3936	3EQS	3EQS_B	Not Mapped	RIM	['SPR']	[-0.392]	TB1A	TB1A	[6.2e-09]	[3.2e-09]	3EQS_B_TB1A		3EQS_A_B,3LNZ_A_B,3EQY_A_C	2	7
3937	1FFW	1FFW_A	P0AE67	INT	['ITC']	[-0.125]	YA51C	YA50C	[1.52e-06]	[1.23e-06]	1FFW_A_YA51C		1FFW_A_B	2	3
3938	1FFW	1FFW_A	P0AE67	SUP	['ITC']	[-1.364]	AA103V	AA102V	[1.23e-05]	[1.23e-06]	1FFW_A_AA103V		1FFW_A_B	2	3
3939	1LFD	1LFD_B	P01112	SUR	['IAFL']	[0.211]	YB232W	YB32W	[7e-07]	[1e-06]	1LFD_B_YB232W		1LFD_A_B,4G0N_A_B,3KUD_A_B,1K8R_A_B,1HE8_A_B,1GUA_A_B,1C1Y_A_B	2	4
3940	1C1Y	1C1Y_A	P62834	COR	['IAFL']	[-2.62]	DA38A	DA38A	[0.0001]	[1.2e-06]	1C1Y_A_DA38A		1GUA_A_B,1C1Y_A_B,4G0N_A_B,3KUD_A_B,1LFD_A_B,1K8R_A_B,1HE8_A_B	2	2
3941	4G0N	4G0N_A	P01112	INT	['SFFL']	[-2.214]	TA35S	TA35S	[2.1e-06]	[5e-08]	4G0N_A_TA35S		4G0N_A_B,3KUD_A_B,1LFD_A_B,1GUA_A_B,1C1Y_A_B,1K8R_A_B,1HE8_A_B,1E96_A_B	2	10
3942	4G0N	4G0N_B	P04049	COR	['IAFL']	[-5.359]	RB89L	RB36L	[0.0001]	[1.18e-08]	4G0N_B_RB89L		4G0N_A_B,3KUD_A_B,1LFD_A_B,1GUA_A_B,1C1Y_A_B,1K8R_A_B,1HE8_A_B,1E96_A_B	2	10
3943	4G0N	4G0N_B	P04049	RIM	['IAFL']	[-5.066]	KB84E	KB31E	[6.1e-05]	[1.18e-08]	4G0N_B_KB84E		4G0N_A_B,3KUD_A_B,1LFD_A_B,1GUA_A_B,1C1Y_A_B,1K8R_A_B,1HE8_A_B,1E96_A_B	2	9
3944	4G0N	4G0N_B	P04049	RIM	['IAFL']	[-1.917]	KB65E	KB12E	[3e-07]	[1.18e-08]	4G0N_B_KB65E		4G0N_A_B,3KUD_A_B,1LFD_A_B,1GUA_A_B,1C1Y_A_B,1K8R_A_B,1HE8_A_B,1E96_A_B	2	9
3945	3NGB	3NGB_H	Not Mapped	SUP	['SPR']	[-0.696]	TH33A	TH33A	[7.12e-08]	[2.2e-08]	3NGB_H_TH33A	AB/AG	AB/AG	2	8
3946	3NGB	3NGB_H	Not Mapped	COR	['SPR']	[0.003]	IH30A	IH30A	[2.19e-08]	[2.2e-08]	3NGB_H_IH30A	AB/AG	AB/AG	2	8
3947	3EQY	3EQY_C	Not Mapped	RIM	['SPR']	[-0.296]	PC12A	PC12A	[1.4e-08]	[8.5e-09]	3EQY_C_PC12A		3EQY_A_C,3EQS_A_B,3LNZ_A_B	2	8
3948	3EQY	3EQY_C	Not Mapped	RIM	['SPR']	[-0.153]	SC11A	SC11A	[1.1e-08]	[8.5e-09]	3EQY_C_SC11A		3EQY_A_C,3EQS_A_B,3LNZ_A_B	2	8
3949	3EQY	3EQY_C	Not Mapped	COR	['SPR']	[-2.325]	LC10A	LC10A	[4.3e-07]	[8.5e-09]	3EQY_C_LC10A		3EQY_A_C,3EQS_A_B,3LNZ_A_B	2	8
3950	3EQY	3EQY_C	Not Mapped	RIM	['SPR']	[-0.034]	LC9A	LC9A	[9e-09]	[8.5e-09]	3EQY_C_LC9A		3EQY_A_C,3EQS_A_B,3LNZ_A_B	2	8
3951	3EQY	3EQY_C	Not Mapped	SUR	['SPR']	[0.749]	NC8A	NC8A	[2.4e-09]	[8.5e-09]	3EQY_C_NC8A		3EQY_A_C,3EQS_A_B,3LNZ_A_B	2	8
3952	3EQY	3EQY_C	Not Mapped	COR	['SPR']	[-6.046]	WC7A	WC7A	[0.00023]	[8.5e-09]	3EQY_C_WC7A		3EQY_A_C,3EQS_A_B,3LNZ_A_B	2	8
3953	3EQY	3EQY_C	Not Mapped	COR	['SPR']	[-2.587]	YC6A	YC6A	[6.7e-07]	[8.5e-09]	3EQY_C_YC6A		3EQY_A_C,3EQS_A_B,3LNZ_A_B	2	8
3954	3EQY	3EQY_C	Not Mapped	SUR	['SPR']	[-1.223]	EC5A	EC5A	[6.7e-08]	[8.5e-09]	3EQY_C_EC5A		3EQY_A_C,3EQS_A_B,3LNZ_A_B	2	8
3955	3EQY	3EQY_C	Not Mapped	COR	['SPR']	[-5.661]	FC3A	FC3A	[0.00012]	[8.5e-09]	3EQY_C_FC3A		3EQY_A_C,3EQS_A_B,3LNZ_A_B	2	8
3956	3EQY	3EQY_C	Not Mapped	RIM	['SPR']	[-0.871]	SC2A	SC2A	[3.7e-08]	[8.5e-09]	3EQY_C_SC2A		3EQY_A_C,3EQS_A_B,3LNZ_A_B	2	8
3957	3EQY	3EQY_C	Not Mapped	RIM	['SPR']	[-0.375]	TC1A	TC1A	[1.6e-08]	[8.5e-09]	3EQY_C_TC1A		3EQY_A_C,3EQS_A_B,3LNZ_A_B	2	8
3958	3LNZ	3LNZ_B	Not Mapped	SUR	['SPR']	[-1.112]	AB8N	AB8N	[3.2e-09]	[4.9e-10]	3LNZ_B_AB8N		3EQS_A_B,3LNZ_A_B,3EQY_A_C	2	8
3959	3EQS	3EQS_B	Not Mapped	RIM	['SPR']	[-0.117]	SB11A	SB11A	[3.9e-09]	[3.2e-09]	3EQS_B_SB11A		3EQS_A_B,3LNZ_A_B,3EQY_A_C	2	7
3960	3EQS	3EQS_B	Not Mapped	COR	['SPR']	[-3.334]	LB10A	LB10A	[8.9e-07]	[3.2e-09]	3EQS_B_LB10A		3EQS_A_B,3LNZ_A_B,3EQY_A_C	2	7
3961	3NGB	3NGB_H	Not Mapped	RIM	['SPR']	[0.196]	YH74A	YH75A	[1.58e-08]	[2.2e-08]	3NGB_H_YH74A	AB/AG	AB/AG	2	8
3962	3NGB	3NGB_H	Not Mapped	COR	['SPR']	[-1.07]	VH73A	VH74A	[1.34e-07]	[2.2e-08]	3NGB_H_VH73A	AB/AG	AB/AG	2	8
3963	3NGB	3NGB_H	Not Mapped	COR	['SPR']	[-1.617]	RH71A	RH72A	[3.37e-07]	[2.2e-08]	3NGB_H_RH71A	AB/AG	AB/AG	2	8
3964	3NGB	3NGB_H	Not Mapped	SUP	['SPR']	[-0.522]	MH69A	MH70A	[5.31e-08]	[2.2e-08]	3NGB_H_MH69A	AB/AG	AB/AG	2	8
3965	3NGB	3NGB_H	Not Mapped	RIM	['SPR']	[0.335]	QH64A	QH65A	[1.25e-08]	[2.2e-08]	3NGB_H_QH64A	AB/AG	AB/AG	2	8
3966	3NGB	3NGB_H	Not Mapped	RIM	['SPR']	[0.042]	PH62A	PH63A	[2.05e-08]	[2.2e-08]	3NGB_H_PH62A	AB/AG	AB/AG	2	8
3967	3NGB	3NGB_H	Not Mapped	COR	['SPR']	[-0.98]	RH61A	RH62A	[1.15e-07]	[2.2e-08]	3NGB_H_RH61A	AB/AG	AB/AG	2	8
3968	3NGB	3NGB_H	Not Mapped	SUP	['SPR']	[-0.54]	YH59A	YH60A	[5.47e-08]	[2.2e-08]	3NGB_H_YH59A	AB/AG	AB/AG	2	8
3969	3NGB	3NGB_H	Not Mapped	COR	['SPR']	[-1.739]	NH58A	NH59A	[4.14e-07]	[2.2e-08]	3NGB_H_NH58A	AB/AG	AB/AG	2	8
3970	3NGB	3NGB_H	Not Mapped	COR	['SPR']	[-1.337]	VH57A	VH58A	[2.1e-07]	[2.2e-08]	3NGB_H_VH57A	AB/AG	AB/AG	2	8
3971	3NGB	3NGB_H	Not Mapped	SUP	['SPR']	[-1.245]	GH55A	GH56A	[1.8e-07]	[2.2e-08]	3NGB_H_GH55A	AB/AG	AB/AG	2	8
3972	3NGB	3NGB_H	Not Mapped	COR	['SPR']	[1.256]	GH54A	GH55A	[2.64e-09]	[2.2e-08]	3NGB_H_GH54A	AB/AG	AB/AG	2	8
3973	3NGB	3NGB_H	Not Mapped	RIM	['SPR']	[0.255]	RH53A	RH54A	[1.43e-08]	[2.2e-08]	3NGB_H_RH53A	AB/AG	AB/AG	2	8
3974	3NGB	3NGB_H	Not Mapped	COR	['SPR']	[-0.613]	KH52A	KH52A	[6.19e-08]	[2.2e-08]	3NGB_H_KH52A	AB/AG	AB/AG	2	8
3975	3NGB	3NGB_H	Not Mapped	SUP	['SPR']	[-1.271]	WH50A	WH50A	[1.88e-07]	[2.2e-08]	3NGB_H_WH50A	AB/AG	AB/AG	2	8
3976	3NGB	3NGB_H	Not Mapped	SUP	['SPR']	[-1.183]	WH47A	WH47A	[1.62e-07]	[2.2e-08]	3NGB_H_WH47A	AB/AG	AB/AG	2	8
3977	3SE8	3SE8_H	Not Mapped	COR	['SPR']	[-0.054]	LH53A	LH54A	[6.9e-08]	[6.3e-08]	3SE8_H_LH53A	AB/AG	AB/AG	2	9
3978	3SE8	3SE8_H	Not Mapped	COR	['SPR']	[-1.094]	KH52A	KH52A	[3.99e-07]	[6.3e-08]	3SE8_H_KH52A	AB/AG	AB/AG	2	9
3979	3SE8	3SE8_H	Not Mapped	SUP	['SPR']	[-1.312]	WH50A	WH50A	[5.77e-07]	[6.3e-08]	3SE8_H_WH50A	AB/AG	AB/AG	2	9
3980	3SE8	3SE8_H	Not Mapped	SUP	['SPR']	[-1.451]	WH47A	WH47A	[7.3e-07]	[6.3e-08]	3SE8_H_WH47A	AB/AG	AB/AG	2	9
3981	3SE8	3SE8_H	Not Mapped	COR	['SPR']	[0.039]	RH30A	RH30A	[5.9e-08]	[6.3e-08]	3SE8_H_RH30A	AB/AG	AB/AG	2	9
3982	3NGB	3NGB_L	Not Mapped	COR	['SPR']	[-0.845]	FL97A	FL89A	[9.16e-08]	[2.2e-08]	3NGB_L_FL97A	AB/AG	AB/AG	2	8
3983	3NGB	3NGB_L	Not Mapped	COR	['SPR']	[-1.299]	EL96A	EL88A	[1.97e-07]	[2.2e-08]	3NGB_L_EL96A	AB/AG	AB/AG	2	8
3984	3NGB	3NGB_L	Not Mapped	COR	['SPR']	[-1.99]	YL91A	YL87A	[6.33e-07]	[2.2e-08]	3NGB_L_YL91A	AB/AG	AB/AG	2	8
3985	3NGB	3NGB_L	Not Mapped	SUR	['SPR']	[0.142]	SL30A	SL28A	[1.73e-08]	[2.2e-08]	3NGB_L_SL30A	AB/AG	AB/AG	2	8
3986	3NGB	3NGB_L	Not Mapped	RIM	['SPR']	[-0.969]	YL28A	YL26A	[1.13e-07]	[2.2e-08]	3NGB_L_YL28A	AB/AG	AB/AG	2	8
3987	3NGB	3NGB_L	Not Mapped	RIM	['SPR']	[0.227]	QL27A	QL25A	[1.5e-08]	[2.2e-08]	3NGB_L_QL27A	AB/AG	AB/AG	2	8
3988	3NGB	3NGB_L	Not Mapped	RIM	['SPR']	[0.761]	VL3A	VL1A	[6.09e-09]	[2.2e-08]	3NGB_L_VL3A	AB/AG	AB/AG	2	8
3989	3NGB	3NGB_H	Not Mapped	SUP	['SPR']	[-4.391]	WH100bA	WH106A	[3.64e-05]	[2.2e-08]	3NGB_H_WH100bA	AB/AG	AB/AG	2	8
3990	3NGB	3NGB_H	Not Mapped	SUP	['SPR']	[-1.101]	NH100aA	NH105A	[1.41e-07]	[2.2e-08]	3NGB_H_NH100aA	AB/AG	AB/AG	2	8
3991	3NGB	3NGB_H	Not Mapped	COR	['SPR']	[-1.401]	YH100A	YH104A	[2.34e-07]	[2.2e-08]	3NGB_H_YH100A	AB/AG	AB/AG	2	8
3992	3NGB	3NGB_H	Not Mapped	RIM	['SPR']	[-0.059]	DH99A	DH103A	[2.43e-08]	[2.2e-08]	3NGB_H_DH99A	AB/AG	AB/AG	2	8
3993	3SE8	3SE8_H	Not Mapped	SUP	['SPR']	[-1.05]	FH100dA	FH115A	[3.71e-07]	[6.3e-08]	3SE8_H_FH100dA	AB/AG	AB/AG	2	9
3994	3SE8	3SE8_H	Not Mapped	COR	['SPR']	[0.24]	DH100cA	DH114A	[4.2e-08]	[6.3e-08]	3SE8_H_DH100cA	AB/AG	AB/AG	2	9
3995	3SE8	3SE8_H	Not Mapped	RIM	['SPR']	[-0.817]	YH100A	YH111A	[2.5e-07]	[6.3e-08]	3SE8_H_YH100A	AB/AG	AB/AG	2	9
3996	3SE8	3SE8_H	Not Mapped	RIM	['SPR']	[0.383]	DH99A	DH110A	[3.3e-08]	[6.3e-08]	3SE8_H_DH99A	AB/AG	AB/AG	2	9
3997	3SE8	3SE8_H	Not Mapped	RIM	['SPR']	[0.07]	PH76dA	PH81A	[5.6e-08]	[6.3e-08]	3SE8_H_PH76dA	AB/AG	AB/AG	2	9
3998	3SE8	3SE8_H	Not Mapped	RIM	['SPR']	[-0.019]	PH76aA	PH78A	[6.5e-08]	[6.3e-08]	3SE8_H_PH76aA	AB/AG	AB/AG	2	9
3999	3SE8	3SE8_H	Not Mapped	RIM	['SPR']	[-0.095]	QH75A	QH76A	[7.4e-08]	[6.3e-08]	3SE8_H_QH75A	AB/AG	AB/AG	2	9
4000	3SE8	3SE8_H	Not Mapped	COR	['SPR']	[-2.602]	RH71A	RH72A	[5.09e-06]	[6.3e-08]	3SE8_H_RH71A	AB/AG	AB/AG	2	9
4001	3SE8	3SE8_H	Not Mapped	RIM	['SPR']	[-0.541]	QH64A	QH65A	[1.57e-07]	[6.3e-08]	3SE8_H_QH64A	AB/AG	AB/AG	2	9
4002	3SE8	3SE8_H	Not Mapped	RIM	['SPR']	[-1.097]	QH62A	QH63A	[4.01e-07]	[6.3e-08]	3SE8_H_QH62A	AB/AG	AB/AG	2	9
4003	3SE8	3SE8_H	Not Mapped	COR	['SPR']	[-1.187]	RH61A	RH62A	[4.67e-07]	[6.3e-08]	3SE8_H_RH61A	AB/AG	AB/AG	2	9
4004	3SE8	3SE8_H	Not Mapped	SUP	['SPR']	[-0.842]	YH59A	YH60A	[2.61e-07]	[6.3e-08]	3SE8_H_YH59A	AB/AG	AB/AG	2	9
4005	3SE8	3SE8_H	Not Mapped	COR	['SPR']	[-1.132]	SH58A	SH59A	[4.26e-07]	[6.3e-08]	3SE8_H_SH58A	AB/AG	AB/AG	2	9
4006	3SE8	3SE8_H	Not Mapped	COR	['SPR']	[-1.23]	VH57A	VH58A	[5.02e-07]	[6.3e-08]	3SE8_H_VH57A	AB/AG	AB/AG	2	9
4007	3SE8	3SE8_H	Not Mapped	SUP	['SPR']	[-0.351]	GH55A	GH56A	[1.14e-07]	[6.3e-08]	3SE8_H_GH55A	AB/AG	AB/AG	2	9
4008	3SE8	3SE8_H	Not Mapped	COR	['SPR']	[-0.749]	WH54A	WH55A	[2.23e-07]	[6.3e-08]	3SE8_H_WH54A	AB/AG	AB/AG	2	9
4009	3SE9	3SE9_H	Not Mapped	RIM	['SPR']	[-0.046]	GH59A	GH62A	[2.7e-08]	[2.5e-08]	3SE9_H_GH59A	AB/AG	AB/AG	2	9
4010	3SE9	3SE9_H	Not Mapped	COR	['SPR']	[-1.497]	NH57A	NH60A	[3.13e-07]	[2.5e-08]	3SE9_H_NH57A	AB/AG	AB/AG	2	9
4011	3SE9	3SE9_H	Not Mapped	COR	['SPR']	[-0.968]	VH56A	VH59A	[1.28e-07]	[2.5e-08]	3SE9_H_VH56A	AB/AG	AB/AG	2	9
4012	3SE9	3SE9_H	Not Mapped	COR	['SPR']	[-0.445]	GH54A	GH57A	[5.3e-08]	[2.5e-08]	3SE9_H_GH54A	AB/AG	AB/AG	2	9
4013	3SE9	3SE9_H	Not Mapped	COR	['SPR']	[0.845]	TH53A	TH56A	[6e-09]	[2.5e-08]	3SE9_H_TH53A	AB/AG	AB/AG	2	9
4014	3SE9	3SE9_H	Not Mapped	RIM	['SPR']	[0.845]	VH52bA	VH55A	[6e-09]	[2.5e-08]	3SE9_H_VH52bA	AB/AG	AB/AG	2	9
4015	3SE9	3SE9_H	Not Mapped	SUP	['SPR']	[-1.255]	WH50A	WH51A	[2.08e-07]	[2.5e-08]	3SE9_H_WH50A	AB/AG	AB/AG	2	9
4016	3SE9	3SE9_H	Not Mapped	SUP	['SPR']	[-1.041]	WH47A	WH48A	[1.45e-07]	[2.5e-08]	3SE9_H_WH47A	AB/AG	AB/AG	2	9
4017	3SE9	3SE9_H	Not Mapped	SUP	['SPR']	[-0.557]	LH34A	LH34A	[6.4e-08]	[2.5e-08]	3SE9_H_LH34A	AB/AG	AB/AG	2	9
4018	3SE8	3SE8_L	Not Mapped	SUP	['SPR']	[-0.819]	FL97A	FL92A	[2.51e-07]	[6.3e-08]	3SE8_L_FL97A	AB/AG	AB/AG	2	9
4019	3SE8	3SE8_L	Not Mapped	COR	['SPR']	[-1.489]	EL96A	EL91A	[7.78e-07]	[6.3e-08]	3SE8_L_EL96A	AB/AG	AB/AG	2	9
4020	3SE8	3SE8_L	Not Mapped	COR	['SPR']	[0.85]	FL91A	FL90A	[1.5e-08]	[6.3e-08]	3SE8_L_FL91A	AB/AG	AB/AG	2	9
4021	3SE8	3SE8_L	Not Mapped	SUR	['SPR']	[-0.842]	DL50A	DL49A	[2.61e-07]	[6.3e-08]	3SE8_L_DL50A	AB/AG	AB/AG	2	9
4022	3SE8	3SE8_L	Not Mapped	COR	['SPR']	[-0.191]	NL31A	NL30A	[8.7e-08]	[6.3e-08]	3SE8_L_NL31A	AB/AG	AB/AG	2	9
4023	3SE8	3SE8_L	Not Mapped	RIM	['SPR']	[0.213]	QL27A	QL27A	[4.4e-08]	[6.3e-08]	3SE8_L_QL27A	AB/AG	AB/AG	2	9
4024	3SE8	3SE8_L	Not Mapped	RIM	['SPR']	[0.548]	EL1A	EL1A	[2.5e-08]	[6.3e-08]	3SE8_L_EL1A	AB/AG	AB/AG	2	9
4025	3SE9	3SE9_L	Not Mapped	RIM	['SPR']	[-0.023]	FL97A	FL91A	[2.6e-08]	[2.5e-08]	3SE9_L_FL97A	AB/AG	AB/AG	2	9
4026	3SE9	3SE9_L	Not Mapped	COR	['SPR']	[-0.411]	EL96A	EL90A	[5e-08]	[2.5e-08]	3SE9_L_EL96A	AB/AG	AB/AG	2	9
4027	3SE9	3SE9_L	Not Mapped	COR	['SPR']	[-0.949]	LL91A	LL89A	[1.24e-07]	[2.5e-08]	3SE9_L_LL91A	AB/AG	AB/AG	2	9
4028	3SE9	3SE9_L	Not Mapped	SUR	['SPR']	[-0.456]	GL31A	GL29A	[5.4e-08]	[2.5e-08]	3SE9_L_GL31A	AB/AG	AB/AG	2	9
4029	3SE9	3SE9_L	Not Mapped	RIM	['SPR']	[-1.1]	YL30A	YL28A	[1.6e-07]	[2.5e-08]	3SE9_L_YL30A	AB/AG	AB/AG	2	9
4030	3SE9	3SE9_L	Not Mapped	COR	['SPR']	[0.486]	VL3A	VL3A	[1.1e-08]	[2.5e-08]	3SE9_L_VL3A	AB/AG	AB/AG	2	9
4031	3SE9	3SE9_H	Not Mapped	SUP	['SPR']	[-0.182]	GH100cA	GH109A	[3.4e-08]	[2.5e-08]	3SE9_H_GH100cA	AB/AG	AB/AG	2	9
4032	3SE9	3SE9_H	Not Mapped	RIM	['SPR']	[0.605]	GH100aA	GH107A	[9e-09]	[2.5e-08]	3SE9_H_GH100aA	AB/AG	AB/AG	2	9
4033	3SE9	3SE9_H	Not Mapped	COR	['SPR']	[0.303]	GH100A	GH106A	[1.5e-08]	[2.5e-08]	3SE9_H_GH100A	AB/AG	AB/AG	2	9
4034	3SE9	3SE9_H	Not Mapped	SUP	['SPR']	[0.435]	TH99A	TH105A	[1.2e-08]	[2.5e-08]	3SE9_H_TH99A	AB/AG	AB/AG	2	9
4035	3SE9	3SE9_H	Not Mapped	RIM	['SPR']	[-0.456]	YH98A	YH104A	[5.4e-08]	[2.5e-08]	3SE9_H_YH98A	AB/AG	AB/AG	2	9
4036	3SE9	3SE9_H	Not Mapped	RIM	['SPR']	[0.754]	DH74A	DH77A	[7e-09]	[2.5e-08]	3SE9_H_DH74A	AB/AG	AB/AG	2	9
4037	3SE9	3SE9_H	Not Mapped	RIM	['SPR']	[0.228]	RH73A	RH76A	[1.7e-08]	[2.5e-08]	3SE9_H_RH73A	AB/AG	AB/AG	2	9
4038	3SE9	3SE9_H	Not Mapped	COR	['SPR']	[-2.636]	RH71A	RH74A	[2.14e-06]	[2.5e-08]	3SE9_H_RH71A	AB/AG	AB/AG	2	9
4039	3SE9	3SE9_H	Not Mapped	COR	['SPR']	[-1.446]	RH64A	RH67A	[2.87e-07]	[2.5e-08]	3SE9_H_RH64A	AB/AG	AB/AG	2	9
4040	3SE9	3SE9_H	Not Mapped	RIM	['SPR']	[0.435]	PH61A	PH64A	[1.2e-08]	[2.5e-08]	3SE9_H_PH61A	AB/AG	AB/AG	2	9
4041	1JTD	1JTD_B	O87916	SUP	['IASP']	[1.062]	DB206A	DB168A	[8e-14]	[4.8e-13]	1JTD_B_DB206A		1JTD_A_B,1XXM_A_C,1S0W_A_C,1JTG_A_B,3QHY_A_B,2G2U_A_B,2G2W_A_B,3N4I_A_B	2	3
4042	1JTD	1JTD_B	O87916	COR	['IASP']	[-3.3]	YB191A	YB153A	[1.26e-10]	[4.8e-13]	1JTD_B_YB191A		1JTD_A_B,1XXM_A_C,1S0W_A_C,1JTG_A_B,3QHY_A_B,2G2U_A_B,2G2W_A_B,3N4I_A_B	2	3
4043	1JTD	1JTD_B	O87916	COR	['IASP']	[0.549]	DB170A	DB132A	[1.9e-13]	[4.8e-13]	1JTD_B_DB170A		1JTD_A_B,1XXM_A_C,1S0W_A_C,1JTG_A_B,3QHY_A_B,2G2U_A_B,2G2W_A_B,3N4I_A_B	2	3
4044	1JTD	1JTD_B	O87916	RIM	['IASP']	[-0.152]	SB169A	SB131A	[6.2e-13]	[4.8e-13]	1JTD_B_SB169A		1JTD_A_B,1XXM_A_C,1S0W_A_C,1JTG_A_B,3QHY_A_B,2G2U_A_B,2G2W_A_B,3N4I_A_B	2	3
4045	1JTD	1JTD_B	O87916	SUP	['IASP']	[-0.961]	DB167A	DB129A	[2.43e-12]	[4.8e-13]	1JTD_B_DB167A		1JTD_A_B,1XXM_A_C,1S0W_A_C,1JTG_A_B,3QHY_A_B,2G2U_A_B,2G2W_A_B,3N4I_A_B	2	3
4046	1JTD	1JTD_B	O87916	SUP	['IASP']	[-3.256]	WB152A	WB114A	[1.17e-10]	[4.8e-13]	1JTD_B_WB152A		1JTD_A_B,1XXM_A_C,1S0W_A_C,1JTG_A_B,3QHY_A_B,2G2U_A_B,2G2W_A_B,3N4I_A_B	2	3
4047	1JTD	1JTD_B	O87916	RIM	['IASP']	[-1.99]	DB131A	DB93A	[1.38e-11]	[4.8e-13]	1JTD_B_DB131A		1JTD_A_B,1XXM_A_C,1S0W_A_C,1JTG_A_B,3QHY_A_B,2G2U_A_B,2G2W_A_B,3N4I_A_B	2	3
4048	1JTD	1JTD_B	O87916	COR	['IASP']	[-0.48]	YB113A	YB75A	[1.08e-12]	[4.8e-13]	1JTD_B_YB113A		1JTD_A_B,1XXM_A_C,1S0W_A_C,1JTG_A_B,3QHY_A_B,2G2U_A_B,2G2W_A_B,3N4I_A_B	2	3
4049	1JTD	1JTD_B	O87916	SUP	['IASP']	[-1.21]	NB112A	NB74A	[3.7e-12]	[4.8e-13]	1JTD_B_NB112A		1JTD_A_B,1XXM_A_C,1S0W_A_C,1JTG_A_B,3QHY_A_B,2G2U_A_B,2G2W_A_B,3N4I_A_B	2	3
4050	1JTD	1JTD_B	O87916	RIM	['IASP']	[-0.667]	LB91A	LB53A	[1.48e-12]	[4.8e-13]	1JTD_B_LB91A		1JTD_A_B,1XXM_A_C,1S0W_A_C,1JTG_A_B,3QHY_A_B,2G2U_A_B,2G2W_A_B,3N4I_A_B	2	3
4051	1JTD	1JTD_B	O87916	SUP	['IASP']	[-2.551]	FB74A	FB36A	[3.56e-11]	[4.8e-13]	1JTD_B_FB74A		1JTD_A_B,1XXM_A_C,1S0W_A_C,1JTG_A_B,3QHY_A_B,2G2U_A_B,2G2W_A_B,3N4I_A_B	2	3
4052	1JTD	1JTD_B	O87916	SUP	['IASP']	[-3.152]	YB73A	YB35A	[9.81e-11]	[4.8e-13]	1JTD_B_YB73A		1JTD_A_B,1XXM_A_C,1S0W_A_C,1JTG_A_B,3QHY_A_B,2G2U_A_B,2G2W_A_B,3N4I_A_B	2	3
4053	1JTD	1JTD_B	O87916	RIM	['IASP']	[-0.295]	TB57A	TB19A	[7.9e-13]	[4.8e-13]	1JTD_B_TB57A		1JTD_A_B,1XXM_A_C,1S0W_A_C,1JTG_A_B,3QHY_A_B,2G2U_A_B,2G2W_A_B,3N4I_A_B	2	3
4054	1JTD	1JTD_B	O87916	COR	['IASP']	[-1.393]	WB53A	WB15A	[5.04e-12]	[4.8e-13]	1JTD_B_WB53A		1JTD_A_B,1XXM_A_C,1S0W_A_C,1JTG_A_B,3QHY_A_B,2G2U_A_B,2G2W_A_B,3N4I_A_B	2	3
4055	1JTD	1JTD_B	O87916	COR	['IASP']	[-1.508]	DB52A	DB14A	[6.12e-12]	[4.8e-13]	1JTD_B_DB52A		1JTD_A_B,1XXM_A_C,1S0W_A_C,1JTG_A_B,3QHY_A_B,2G2U_A_B,2G2W_A_B,3N4I_A_B	2	3
4056	1JTD	1JTD_B	O87916	COR	['IASP']	[-1.302]	NB50A	NB12A	[4.32e-12]	[4.8e-13]	1JTD_B_NB50A		1JTD_A_B,1XXM_A_C,1S0W_A_C,1JTG_A_B,3QHY_A_B,2G2U_A_B,2G2W_A_B,3N4I_A_B	2	3
4057	3QHY	3QHY_B	O87916	RIM	['IASP']	[-0.816]	LB91A	LB51A	[1.19e-12]	[3e-13]	3QHY_B_LB91A		3QHY_A_B,1JTD_A_B,1XXM_A_C,1S0W_A_C,1JTG_A_B,2G2U_A_B,2G2W_A_B,3N4I_A_B	2	8
4058	3QHY	3QHY_B	O87916	SUP	['IASP']	[-3.985]	FB74A	FB34A	[2.5e-10]	[3e-13]	3QHY_B_FB74A		3QHY_A_B,1JTD_A_B,1XXM_A_C,1S0W_A_C,1JTG_A_B,2G2U_A_B,2G2W_A_B,3N4I_A_B	2	8
4059	3QHY	3QHY_B	O87916	SUP	['IASP']	[-2.903]	YB73A	YB33A	[4.03e-11]	[3e-13]	3QHY_B_YB73A		3QHY_A_B,1JTD_A_B,1XXM_A_C,1S0W_A_C,1JTG_A_B,2G2U_A_B,2G2W_A_B,3N4I_A_B	2	8
4060	3QHY	3QHY_B	O87916	RIM	['IASP']	[-0.056]	TB57A	TB17A	[3.3e-13]	[3e-13]	3QHY_B_TB57A		3QHY_A_B,1JTD_A_B,1XXM_A_C,1S0W_A_C,1JTG_A_B,2G2U_A_B,2G2W_A_B,3N4I_A_B	2	8
4061	3QHY	3QHY_B	O87916	COR	['IASP']	[-2.864]	WB53A	WB13A	[3.77e-11]	[3e-13]	3QHY_B_WB53A		3QHY_A_B,1JTD_A_B,1XXM_A_C,1S0W_A_C,1JTG_A_B,2G2U_A_B,2G2W_A_B,3N4I_A_B	2	8
4062	3QHY	3QHY_B	O87916	COR	['IASP']	[-2.255]	DB52A	DB12A	[1.35e-11]	[3e-13]	3QHY_B_DB52A		3QHY_A_B,1JTD_A_B,1XXM_A_C,1S0W_A_C,1JTG_A_B,2G2U_A_B,2G2W_A_B,3N4I_A_B	2	8
4063	3QHY	3QHY_B	O87916	COR	['IASP']	[-2.255]	NB50A	NB10A	[1.35e-11]	[3e-13]	3QHY_B_NB50A		3QHY_A_B,1JTD_A_B,1XXM_A_C,1S0W_A_C,1JTG_A_B,2G2U_A_B,2G2W_A_B,3N4I_A_B	2	8
4064	1JTD	1JTD_B	O87916	SUP	['IASP']	[-2.67]	NB304A	NB266A	[4.35e-11]	[4.8e-13]	1JTD_B_NB304A		1JTD_A_B,1XXM_A_C,1S0W_A_C,1JTG_A_B,3QHY_A_B,2G2U_A_B,2G2W_A_B,3N4I_A_B	2	3
4065	1JTD	1JTD_B	O87916	SUP	['IASP']	[-0.888]	RB286A	RB248A	[2.15e-12]	[4.8e-13]	1JTD_B_RB286A		1JTD_A_B,1XXM_A_C,1S0W_A_C,1JTG_A_B,3QHY_A_B,2G2U_A_B,2G2W_A_B,3N4I_A_B	2	3
4066	1JTD	1JTD_B	O87916	COR	['IASP']	[-5.812]	WB269A	WB231A	[8.74e-09]	[4.8e-13]	1JTD_B_WB269A		1JTD_A_B,1XXM_A_C,1S0W_A_C,1JTG_A_B,3QHY_A_B,2G2U_A_B,2G2W_A_B,3N4I_A_B	2	3
4067	1JTD	1JTD_B	O87916	SUP	['IASP']	[-1.85]	EB268A	EB230A	[1.09e-11]	[4.8e-13]	1JTD_B_EB268A		1JTD_A_B,1XXM_A_C,1S0W_A_C,1JTG_A_B,3QHY_A_B,2G2U_A_B,2G2W_A_B,3N4I_A_B	2	3
4068	1JTD	1JTD_B	O87916	RIM	['IASP']	[-0.824]	YB248A	YB210A	[1.93e-12]	[4.8e-13]	1JTD_B_YB248A		1JTD_A_B,1XXM_A_C,1S0W_A_C,1JTG_A_B,3QHY_A_B,2G2U_A_B,2G2W_A_B,3N4I_A_B	2	3
4069	1JTD	1JTD_B	O87916	SUP	['IASP']	[-3.962]	FB230A	FB192A	[3.85e-10]	[4.8e-13]	1JTD_B_FB230A		1JTD_A_B,1XXM_A_C,1S0W_A_C,1JTG_A_B,3QHY_A_B,2G2U_A_B,2G2W_A_B,3N4I_A_B	2	3
4070	1JTD	1JTD_B	O87916	SUP	['IASP']	[-2.89]	IB229A	IB191A	[6.31e-11]	[4.8e-13]	1JTD_B_IB229A		1JTD_A_B,1XXM_A_C,1S0W_A_C,1JTG_A_B,3QHY_A_B,2G2U_A_B,2G2W_A_B,3N4I_A_B	2	3
4071	1JTD	1JTD_B	O87916	COR	['IASP']	[-2.201]	FB209A	FB171A	[1.97e-11]	[4.8e-13]	1JTD_B_FB209A		1JTD_A_B,1XXM_A_C,1S0W_A_C,1JTG_A_B,3QHY_A_B,2G2U_A_B,2G2W_A_B,3N4I_A_B	2	3
4072	1JTD	1JTD_B	O87916	RIM	['IASP']	[-2.027]	YB208A	YB170A	[1.47e-11]	[4.8e-13]	1JTD_B_YB208A		1JTD_A_B,1XXM_A_C,1S0W_A_C,1JTG_A_B,3QHY_A_B,2G2U_A_B,2G2W_A_B,3N4I_A_B	2	3
4073	3QHY	3QHY_B	O87916	COR	['IASP']	[-5.433]	WB269A	WB229A	[2.88e-09]	[3e-13]	3QHY_B_WB269A		3QHY_A_B,1JTD_A_B,1XXM_A_C,1S0W_A_C,1JTG_A_B,2G2U_A_B,2G2W_A_B,3N4I_A_B	2	8
4074	3QHY	3QHY_B	O87916	SUP	['IASP']	[-3.013]	EB268A	EB228A	[4.85e-11]	[3e-13]	3QHY_B_EB268A		3QHY_A_B,1JTD_A_B,1XXM_A_C,1S0W_A_C,1JTG_A_B,2G2U_A_B,2G2W_A_B,3N4I_A_B	2	8
4075	3QHY	3QHY_B	O87916	RIM	['IASP']	[-0.24]	YB248A	YB208A	[4.5e-13]	[3e-13]	3QHY_B_YB248A		3QHY_A_B,1JTD_A_B,1XXM_A_C,1S0W_A_C,1JTG_A_B,2G2U_A_B,2G2W_A_B,3N4I_A_B	2	8
4076	3QHY	3QHY_B	O87916	SUP	['IASP']	[-3.075]	FB230A	FB190A	[5.39e-11]	[3e-13]	3QHY_B_FB230A		3QHY_A_B,1JTD_A_B,1XXM_A_C,1S0W_A_C,1JTG_A_B,2G2U_A_B,2G2W_A_B,3N4I_A_B	2	8
4077	3QHY	3QHY_B	O87916	SUP	['IASP']	[-3.068]	IB229A	IB189A	[5.32e-11]	[3e-13]	3QHY_B_IB229A		3QHY_A_B,1JTD_A_B,1XXM_A_C,1S0W_A_C,1JTG_A_B,2G2U_A_B,2G2W_A_B,3N4I_A_B	2	8
4078	3QHY	3QHY_B	O87916	COR	['IASP']	[-2.062]	FB209A	FB169A	[9.75e-12]	[3e-13]	3QHY_B_FB209A		3QHY_A_B,1JTD_A_B,1XXM_A_C,1S0W_A_C,1JTG_A_B,2G2U_A_B,2G2W_A_B,3N4I_A_B	2	8
4079	3QHY	3QHY_B	O87916	RIM	['IASP']	[-1.743]	YB208A	YB168A	[5.69e-12]	[3e-13]	3QHY_B_YB208A		3QHY_A_B,1JTD_A_B,1XXM_A_C,1S0W_A_C,1JTG_A_B,2G2U_A_B,2G2W_A_B,3N4I_A_B	2	8
4080	3QHY	3QHY_B	O87916	SUP	['IASP']	[-3.498]	DB206A	DB166A	[1.1e-10]	[3e-13]	3QHY_B_DB206A		3QHY_A_B,1JTD_A_B,1XXM_A_C,1S0W_A_C,1JTG_A_B,2G2U_A_B,2G2W_A_B,3N4I_A_B	2	8
4081	3QHY	3QHY_B	O87916	COR	['IASP']	[-3.424]	YB191A	YB151A	[9.7e-11]	[3e-13]	3QHY_B_YB191A		3QHY_A_B,1JTD_A_B,1XXM_A_C,1S0W_A_C,1JTG_A_B,2G2U_A_B,2G2W_A_B,3N4I_A_B	2	8
4082	3QHY	3QHY_B	O87916	COR	['IASP']	[-0.961]	DB170A	DB130A	[1.52e-12]	[3e-13]	3QHY_B_DB170A		3QHY_A_B,1JTD_A_B,1XXM_A_C,1S0W_A_C,1JTG_A_B,2G2U_A_B,2G2W_A_B,3N4I_A_B	2	8
4083	3QHY	3QHY_B	O87916	RIM	['IASP']	[0.085]	SB169A	SB129A	[2.6e-13]	[3e-13]	3QHY_B_SB169A		3QHY_A_B,1JTD_A_B,1XXM_A_C,1S0W_A_C,1JTG_A_B,2G2U_A_B,2G2W_A_B,3N4I_A_B	2	8
4084	3QHY	3QHY_B	O87916	SUP	['IASP']	[-0.38]	DB167A	DB127A	[5.7e-13]	[3e-13]	3QHY_B_DB167A		3QHY_A_B,1JTD_A_B,1XXM_A_C,1S0W_A_C,1JTG_A_B,2G2U_A_B,2G2W_A_B,3N4I_A_B	2	8
4085	3QHY	3QHY_B	O87916	SUP	['IASP']	[-3.79]	WB152A	WB112A	[1.8e-10]	[3e-13]	3QHY_B_WB152A		3QHY_A_B,1JTD_A_B,1XXM_A_C,1S0W_A_C,1JTG_A_B,2G2U_A_B,2G2W_A_B,3N4I_A_B	2	8
4086	3QHY	3QHY_B	O87916	RIM	['IASP']	[-1.889]	DB131A	DB91A	[7.28e-12]	[3e-13]	3QHY_B_DB131A		3QHY_A_B,1JTD_A_B,1XXM_A_C,1S0W_A_C,1JTG_A_B,2G2U_A_B,2G2W_A_B,3N4I_A_B	2	8
4087	3QHY	3QHY_B	O87916	COR	['IASP']	[-0.801]	YB113A	YB73A	[1.16e-12]	[3e-13]	3QHY_B_YB113A		3QHY_A_B,1JTD_A_B,1XXM_A_C,1S0W_A_C,1JTG_A_B,2G2U_A_B,2G2W_A_B,3N4I_A_B	2	8
4088	3QHY	3QHY_B	O87916	SUP	['IASP']	[-1.606]	NB112A	NB72A	[4.51e-12]	[3e-13]	3QHY_B_NB112A		3QHY_A_B,1JTD_A_B,1XXM_A_C,1S0W_A_C,1JTG_A_B,2G2U_A_B,2G2W_A_B,3N4I_A_B	2	8
4089	5M2O	5M2O_A	A0AEF4	COR	['ITC']	[-0.155]	NA75A	NA71A	[1.1e-08]	[8.47e-09]	5M2O_A_NA75A		5M2O_A_B,4UYP_A_D,4UYQ_A_B	2	10
4090	5M2O	5M2O_A	A0AEF4	COR	['ITC']	[-0.042]	NA68A	NA64A	[9.09e-09]	[8.47e-09]	5M2O_A_NA68A		5M2O_A_B,4UYP_A_D,4UYQ_A_B	2	10
4091	5M2O	5M2O_B	Not Mapped	COR	['ITC']	[-0.851]	LB87A	LB65A	[3.56e-08]	[8.47e-09]	5M2O_B_LB87A		5M2O_A_B,4UYP_A_D,4UYQ_A_B	2	10
4092	5M2O	5M2O_B	Not Mapped	COR	['ITC']	[0.158]	QB83A	QB61A	[6.49e-09]	[8.47e-09]	5M2O_B_QB83A		5M2O_A_B,4UYP_A_D,4UYQ_A_B	2	10
4093	5M2O	5M2O_B	Not Mapped	RIM	['ITC']	[-1.064]	KB54A	KB32A	[5.1e-08]	[8.47e-09]	5M2O_B_KB54A		5M2O_A_B,4UYP_A_D,4UYQ_A_B	2	10
4094	5M2O	5M2O_B	Not Mapped	COR	['ITC']	[-1.145]	QB47A	QB25A	[5.85e-08]	[8.47e-09]	5M2O_B_QB47A		5M2O_A_B,4UYP_A_D,4UYQ_A_B	2	10
4095	5M2O	5M2O_B	Not Mapped	COR	['ITC']	[-2.444]	VB43A	VB21A	[5.24e-07]	[8.47e-09]	5M2O_B_VB43A		5M2O_A_B,4UYP_A_D,4UYQ_A_B	2	10
4096	5M2O	5M2O_B	Not Mapped	COR	['ITC']	[-0.047]	SB40A	SB18A	[9.17e-09]	[8.47e-09]	5M2O_B_SB40A		5M2O_A_B,4UYP_A_D,4UYQ_A_B	2	10
4097	5M2O	5M2O_B	Not Mapped	COR	['ITC']	[-2.026]	IB39A	IB17A	[2.59e-07]	[8.47e-09]	5M2O_B_IB39A		5M2O_A_B,4UYP_A_D,4UYQ_A_B	2	10
4098	5K39	5K39_B	A3DGE8	COR	['ITC']	[-2.053]	IB154A	IB148A	[5.31e-07]	[1.66e-08]	5K39_B_IB154A		5K39_A_B	2	10
4099	5K39	5K39_B	A3DGE8	COR	['ITC']	[-2.718]	FB148A	FB142A	[1.63e-06]	[1.66e-08]	5K39_B_FB148A		5K39_A_B	2	10
4100	5K39	5K39_B	A3DGE8	COR	['ITC']	[-0.45]	SB121A	SB115A	[3.55e-08]	[1.66e-08]	5K39_B_SB121A		5K39_A_B	2	10
4101	5K39	5K39_B	A3DGE8	RIM	['ITC']	[0.233]	MB118A	MB112A	[1.12e-08]	[1.66e-08]	5K39_B_MB118A		5K39_A_B	2	10
4102	5K39	5K39_B	A3DGE8	RIM	['ITC']	[0.478]	MB114A	MB108A	[7.41e-09]	[1.66e-08]	5K39_B_MB114A		5K39_A_B	2	10
4103	3QHY	3QHY_B	O87916	SUP	['IASP']	[-2.696]	NB304A	NB264A	[2.84e-11]	[3e-13]	3QHY_B_NB304A		3QHY_A_B,1JTD_A_B,1XXM_A_C,1S0W_A_C,1JTG_A_B,2G2U_A_B,2G2W_A_B,3N4I_A_B	2	8
4104	3QHY	3QHY_B	O87916	SUP	['IASP']	[-0.535]	RB286A	RB246A	[7.4e-13]	[3e-13]	3QHY_B_RB286A		3QHY_A_B,1JTD_A_B,1XXM_A_C,1S0W_A_C,1JTG_A_B,2G2U_A_B,2G2W_A_B,3N4I_A_B	2	8
4105	5XCO	5XCO_B	Not Mapped	COR	['SPR']	[-2.797]	DB12A	DB12A	[1e-06]	[8.9e-09]	5XCO_B_DB12A		5XCO_A_B,5TAR_A_B,2A9K_A_B	2	10
4106	5XCO	5XCO_B	Not Mapped	RIM	['SPR']	[-1.9]	YB11A	YB11A	[2.2e-07]	[8.9e-09]	5XCO_B_YB11A		5XCO_A_B,5TAR_A_B,2A9K_A_B	2	10
4107	5XCO	5XCO_B	Not Mapped	COR	['SPR']	[-1.286]	SB10A	SB10A	[7.8e-08]	[8.9e-09]	5XCO_B_SB10A		5XCO_A_B,5TAR_A_B,2A9K_A_B	2	10
4108	5XCO	5XCO_B	Not Mapped	COR	['SPR']	[-2.797]	IB9A	IB9A	[1e-06]	[8.9e-09]	5XCO_B_IB9A		5XCO_A_B,5TAR_A_B,2A9K_A_B	2	10
4109	5XCO	5XCO_B	Not Mapped	COR	['SPR']	[-1.364]	YB8A	YB8A	[8.9e-08]	[8.9e-09]	5XCO_B_YB8A		5XCO_A_B,5TAR_A_B,2A9K_A_B	2	10
4110	5XCO	5XCO_B	Not Mapped	COR	['SPR']	[-2.748]	LB7A	LB7A	[9.2e-07]	[8.9e-09]	5XCO_B_LB7A		5XCO_A_B,5TAR_A_B,2A9K_A_B	2	10
4111	5XCO	5XCO_B	Not Mapped	COR	['SPR']	[-1.079]	PB6A	PB6A	[5.5e-08]	[8.9e-09]	5XCO_B_PB6A		5XCO_A_B,5TAR_A_B,2A9K_A_B	2	10
4112	5XCO	5XCO_A	P01116	SUR	['SPR']	[-1.11]	DA12G	DA13G	[5.8e-08]	[8.9e-09]	5XCO_A_DA12G		5XCO_A_B,5TAR_A_B,2A9K_A_B	2	10
4113	5XCO	5XCO_A	P01116	SUR	['SPR']	[-0.811]	DA12C	DA13C	[3.5e-08]	[8.9e-09]	5XCO_A_DA12C		5XCO_A_B,5TAR_A_B,2A9K_A_B	2	10
4114	3EG5	3EG5_A	P60766	COR	['ITC']	[2.085]	HA104F	HA104F	[3.7e-08]	[1.25e-06]	3EG5_A_HA104F		3EG5_A_B,1GRN_A_B,2REX_A_B,3Q3J_A_B	2	7
4115	1YCS	1YCS_A	P04637	COR	['ITC']	[0.119]	RA273H	RA177H	[1.8e-06]	[2.2e-06]	1YCS_A_RA273H		1YCS_A_B	2	6
4116	5M2O	5M2O_A	A0AEF4	COR	['ITC']	[-0.45]	NA124A	NA120A	[1.81e-08]	[8.47e-09]	5M2O_A_NA124A		5M2O_A_B,4UYP_A_D,4UYQ_A_B	2	10
4117	5M2O	5M2O_A	A0AEF4	SUP	['ITC']	[-0.883]	HA121A	HA117A	[3.76e-08]	[8.47e-09]	5M2O_A_HA121A		5M2O_A_B,4UYP_A_D,4UYQ_A_B	2	10
4118	5M2O	5M2O_A	A0AEF4	RIM	['ITC']	[-0.7]	EA84A	EA80A	[2.76e-08]	[8.47e-09]	5M2O_A_EA84A		5M2O_A_B,4UYP_A_D,4UYQ_A_B	2	10
4119	5M2O	5M2O_A	A0AEF4	COR	['ITC']	[-1.627]	LA79A	LA75A	[1.32e-07]	[8.47e-09]	5M2O_A_LA79A		5M2O_A_B,4UYP_A_D,4UYQ_A_B	2	10
4120	5M2O	5M2O_A	A0AEF4	COR	['ITC']	[0.757]	KA77A	KA73A	[2.36e-09]	[8.47e-09]	5M2O_A_KA77A		5M2O_A_B,4UYP_A_D,4UYQ_A_B	2	10
4121	1TM1	1TM1_I	Q40059	COR	['IASP']	[-2.099]	TI58D	TI39D	[2.42e-11]	[7e-13]	1TM1_I_TI58D	Pr/PI	Pr/PI	1	5
4122	1TM1	1TM1_I	Q40059	SUP	['SFFL']	[-3.236]	RI67C	RI48C	[4.71e-10]	[2e-12]	1TM1_I_RI67C	Pr/PI	Pr/PI	1	5
4123	5TAR	5TAR_B	O43924	INT	['ITC']	[0.026]	IB129A	IB127A	[2.2e-06]	[2.3e-06]	5TAR_B_IB129A		5TAR_A_B,5XCO_A_B,1HE8_A_B	2	10
4124	5TAR	5TAR_B	O43924	RIM	['ITC']	[-0.157]	QB116A	QB114A	[3e-06]	[2.3e-06]	5TAR_B_QB116A		5TAR_A_B,5XCO_A_B,1HE8_A_B	2	10
4125	5TAR	5TAR_B	O43924	COR	['ITC']	[-0.384]	WB90A	WB88A	[4.4e-06]	[2.3e-06]	5TAR_B_WB90A		5TAR_A_B,5XCO_A_B,1HE8_A_B	2	10
4126	5TAR	5TAR_B	O43924	COR	['ITC']	[-1.127]	EB88A	EB86A	[1.54e-05]	[2.3e-06]	5TAR_B_EB88A		5TAR_A_B,5XCO_A_B,1HE8_A_B	2	10
4127	5TAR	5TAR_B	O43924	INT	['ITC']	[-0.659]	WB32A	WB30A	[7e-06]	[2.3e-06]	5TAR_B_WB32A		5TAR_A_B,5XCO_A_B,1HE8_A_B	2	10
4128	5TAR	5TAR_B	O43924	INT	['ITC']	[0.215]	MB20A	MB18A	[1.6e-06]	[2.3e-06]	5TAR_B_MB20A		5TAR_A_B,5XCO_A_B,1HE8_A_B	2	10
4129	5TAR	5TAR_B	O43924	INT	['ITC']	[-0.232]	FB15A	FB13A	[3.4e-06]	[2.3e-06]	5TAR_B_FB15A		5TAR_A_B,5XCO_A_B,1HE8_A_B	2	10
4130	5UFE	5UFE_B	Not Mapped	RIM	['SP']	[-0.292]	QB27R	QB25R	[8.24e-08]	[5.03e-08]	5UFE_B_QB27R		5UFE_A_B,5UFQ_A_C,1K8R_A_B,1HE8_A_B	2	10
4131	5UFQ	5UFQ_A	P01116	SUR	['BI']	[-0.651]	DA12V	DA12V	[1.2e-08]	[4e-09]	5UFQ_A_DA12V		5UFE_A_B,5UFQ_A_C,1K8R_A_B,1HE8_A_B	2	10
4132	5UFQ	5UFQ_A	P01116	SUR	['BI']	[-0.982]	DA12C	DA12C	[2.1e-08]	[4e-09]	5UFQ_A_DA12C		5UFE_A_B,5UFQ_A_C,1K8R_A_B,1HE8_A_B	2	10
4133	5UFE	5UFE_A	P01116	SUR	['BI']	[0.728]	GA12V	GA12V	[1.2e-08]	[4.1e-08]	5UFE_A_GA12V		5UFE_A_B,5UFQ_A_C,1K8R_A_B,1HE8_A_B	2	10
4134	5UFE	5UFE_A	P01116	SUR	['BI']	[0.396]	GA12C	GA12C	[2.1e-08]	[4.1e-08]	5UFE_A_GA12C		5UFE_A_B,5UFQ_A_C,1K8R_A_B,1HE8_A_B	2	10
4135	5XCO	5XCO_B	Not Mapped	COR	['SPR']	[0.0]	VB14A	VB14A	[8.9e-09]	[8.9e-09]	5XCO_B_VB14A		5XCO_A_B,5TAR_A_B,2A9K_A_B	2	10
4136	5XCO	5XCO_B	Not Mapped	RIM	['SPR']	[-0.635]	PB13A	PB13A	[2.6e-08]	[8.9e-09]	5XCO_B_PB13A		5XCO_A_B,5TAR_A_B,2A9K_A_B	2	10
4137	1SBN	1SBN_I	P01051	COR	['IASP']	[0.31]	RI45K	RI38K	[3.2e-11]	[5.4e-11]	1SBN_I_RI45K	Pr/PI	Pr/PI	1	5
4138	3QIB	3QIB_P	P00039	COR	['SPR']	[-1.076]	TP12S	TP11S	[3.38e-05]	[5.5e-06]	3QIB_P_TP12S	TCR/pMHC	TCR/pMHC,1JCK_A_B	2	8
4139	3QIB	3QIB_P	P00039	COR	['SPR']	[-3.139]	TP12A	TP11A	[0.0011]	[5.5e-06]	3QIB_P_TP12A	TCR/pMHC	TCR/pMHC,1JCK_A_B	2	8
4140	3QIB	3QIB_P	P00039	COR	['SPR']	[-2.237]	KP9R	KP8R	[0.00024]	[5.5e-06]	3QIB_P_KP9R	TCR/pMHC	TCR/pMHC,1JCK_A_B	2	8
4141	3QIB	3QIB_P	P00039	COR	['SPR']	[-3.139]	KP9A	KP8A	[0.0011]	[5.5e-06]	3QIB_P_KP9A	TCR/pMHC	TCR/pMHC,1JCK_A_B	2	8
4142	3QIB	3QIB_P	P00039	COR	['SPR']	[-0.108]	YP7F	YP6F	[6.6e-06]	[5.5e-06]	3QIB_P_YP7F	TCR/pMHC	TCR/pMHC,1JCK_A_B	2	8
4143	3QIB	3QIB_P	P00039	COR	['SPR']	[-3.139]	YP7A	YP6A	[0.0011]	[5.5e-06]	3QIB_P_YP7A	TCR/pMHC	TCR/pMHC,1JCK_A_B	2	8
4144	3QIB	3QIB_B	P04230	COR	['SPR']	[-0.052]	HB81A	HB79A	[6e-06]	[5.5e-06]	3QIB_B_HB81A	TCR/pMHC	TCR/pMHC,1JCK_A_B	2	8
4145	3QIB	3QIB_B	P04230	COR	['SPR']	[-0.75]	TB77A	TB75A	[1.95e-05]	[5.5e-06]	3QIB_B_TB77A	TCR/pMHC	TCR/pMHC,1JCK_A_B	2	8
4146	2KSO	2KSO_B	O15357	RIM	['ITC']	[0.155]	HB47E	HB20E	[4e-06]	[5.2e-06]	2KSO_B_HB47E		2KSO_A_B	2	6
4147	2KSO	2KSO_A	P29317	RIM	['ITC']	[0.662]	RA56E	RA43E	[1.7e-06]	[5.2e-06]	2KSO_A_RA56E		2KSO_A_B	2	6
4148	2KSO	2KSO_A	P29317	RIM	['ITC']	[-1.341]	KA62E	KA49E	[5e-05]	[5.2e-06]	2KSO_A_KA62E		2KSO_A_B	2	6
4149	2KSO	2KSO_A	P29317	RIM	['ITC']	[-1.341]	KA62D	KA49D	[5e-05]	[5.2e-06]	2KSO_A_KA62D		2KSO_A_B	2	6
4150	2KSO	2KSO_A	P29317	COR	['ITC']	[-0.332]	KA23D	KA10D	[9.1e-06]	[5.2e-06]	2KSO_A_KA23D		2KSO_A_B	2	6
4151	1CSE	1CSE_I	P01051	COR	['IASP']	[-2.982]	LI45I	LI38I	[1.72e-10]	[1.12e-12]	1CSE_I_LI45I	Pr/PI	Pr/PI	1	2
4152	4L0P	4L0P_A	P29320	SUR	['ELISA']	[-0.278]	TA166N	TA140N	[1.44e-08]	[9e-09]	4L0P_A_TA166N		4L0P_A_B,2HLE_A_B	2	10
4153	3QIB	3QIB_B	P04230	COR	['SPR']	[-1.821]	EB69A	EB67A	[0.000119]	[5.5e-06]	3QIB_B_EB69A	TCR/pMHC	TCR/pMHC,1JCK_A_B	2	8
4154	3QIB	3QIB_B	P04230	RIM	['SPR']	[-1.213]	EB66A	EB64A	[4.26e-05]	[5.5e-06]	3QIB_B_EB66A	TCR/pMHC	TCR/pMHC,1JCK_A_B	2	8
4155	3QIB	3QIB_B	P04230	COR	['SPR']	[-1.764]	QB64A	QB62A	[0.000108]	[5.5e-06]	3QIB_B_QB64A	TCR/pMHC	TCR/pMHC,1JCK_A_B	2	8
4156	3QIB	3QIB_B	P04230	SUR	['SPR']	[-0.026]	SB63A	SB61A	[5.75e-06]	[5.5e-06]	3QIB_B_SB63A	TCR/pMHC	TCR/pMHC,1JCK_A_B	2	8
4157	1CSE	1CSE_I	P01051	COR	['IASP']	[-2.383]	LI45E	LI38E	[6.25e-11]	[1.12e-12]	1CSE_I_LI45E	Pr/PI	Pr/PI	1	2
4158	1ACB	1ACB_I	P01051	COR	['IASP']	[-6.118]	LI45G	LI38G	[4.55e-08]	[1.49e-12]	1ACB_I_LI45G	Pr/PI	Pr/PI	1	1
4159	3QIB	3QIB_A	P04224	RIM	['SPR']	[-0.845]	AA68G	AA68G	[2.29e-05]	[5.5e-06]	3QIB_A_AA68G	TCR/pMHC	TCR/pMHC,1JCK_A_B	2	8
4160	3QIB	3QIB_A	P04224	RIM	['SPR']	[-0.566]	KA67A	KA67A	[1.43e-05]	[5.5e-06]	3QIB_A_KA67A	TCR/pMHC	TCR/pMHC,1JCK_A_B	2	8
4161	3QIB	3QIB_A	P04224	COR	['SPR']	[-0.61]	AA64G	AA64G	[1.54e-05]	[5.5e-06]	3QIB_A_AA64G	TCR/pMHC	TCR/pMHC,1JCK_A_B	2	8
4162	3QIB	3QIB_A	P04224	COR	['SPR']	[-0.892]	AA61G	AA61G	[2.48e-05]	[5.5e-06]	3QIB_A_AA61G	TCR/pMHC	TCR/pMHC,1JCK_A_B	2	8
4163	3QIB	3QIB_A	P04224	RIM	['SPR']	[-0.265]	QA57A	QA57A	[8.6e-06]	[5.5e-06]	3QIB_A_QA57A	TCR/pMHC	TCR/pMHC,1JCK_A_B	2	8
4164	3QIB	3QIB_D	Not Mapped	RIM	['SPR']	[0.37]	LD96P	LD95P	[7.34e-06]	[1.37e-05]	3QIB_D_LD96P	TCR/pMHC	TCR/pMHC,1JCK_A_B	2	8
4165	3QIB	3QIB_C	P01848	RIM	['SPR']	[-0.787]	NC95P	NC94P	[5.17e-05]	[1.37e-05]	3QIB_C_NC95P	TCR/pMHC	TCR/pMHC,1JCK_A_B	2	8
4166	3QIB	3QIB_C	P01848	RIM	['SPR']	[0.119]	RC90P	RC89P	[1.12e-05]	[1.37e-05]	3QIB_C_RC90P	TCR/pMHC	TCR/pMHC,1JCK_A_B	2	8
4167	1TM1	1TM1_I	Q40059	COR	['SFFL']	[-4.681]	YI61G	YI42G	[5.4e-09]	[2e-12]	1TM1_I_YI61G	Pr/PI	Pr/PI	1	5
4168	1SIB	1SIB_I	P01051	INT	['IASP']	[0.732]	KI53R	KI46R	[3.2e-11]	[1.1e-10]	1SIB_I_KI53R	Pr/PI	Pr/PI	1	5
