	Chain_ID1	Chain_ID2	Edge_PDB	Edge_UP
0	3NGB_G	3NGB_I	p	u
1	3NGB_A	3NGB_G	p	u
2	3NGB_D	3NGB_G	p	u
3	3NGB_A	3NGB_I	p	u
4	3NGB_D	3NGB_I	p	u
5	3NGB_A	3NGB_D	p	u
6	3VR6_A	3VR6_C	p	u
7	3VR6_A	3VR6_B	p	u
8	3VR6_D	3VR6_F	p	u
9	3VR6_D	3VR6_E	p	u
10	3VR6_B	3VR6_C	p	u
11	3VR6_E	3VR6_F	p	u
12	2J0T_B	2J0T_C	p	u
13	2J0T_A	2J0T_C	p	u
14	2J0T_E	2J0T_F	p	u
15	2J0T_D	2J0T_E	p	u
16	2J0T_A	2J0T_B	p	u
17	2J0T_D	2J0T_F	p	u
18	3D5R_C	3D5R_D	p	u
19	3D5R_A	3D5R_B	p	u
20	2AW2_A	2AW2_X	p	u
21	2AW2_B	2AW2_Y	p	u
22	4NM8_C	4NM8_F	p	u
23	4NM8_C	4NM8_E	p	u
24	4NM8_B	4NM8_C	p	u
25	4NM8_A	4NM8_C	p	u
26	4NM8_C	4NM8_D	p	u
27	4NM8_H	4NM8_J	p	u
28	4NM8_H	4NM8_I	p	u
29	4NM8_E	4NM8_F	p	u
30	4NM8_B	4NM8_F	p	u
31	4NM8_A	4NM8_F	p	u
32	4NM8_D	4NM8_F	p	u
33	4NM8_L	4NM8_N	p	u
34	4NM8_M	4NM8_N	p	u
35	4NM8_L	4NM8_M	p	u
36	4NM8_I	4NM8_J	p	u
37	4NM8_B	4NM8_E	p	u
38	4NM8_A	4NM8_E	p	u
39	4NM8_D	4NM8_E	p	u
40	4NM8_A	4NM8_B	p	u
41	4NM8_B	4NM8_D	p	u
42	4NM8_A	4NM8_D	p	u
43	3R9A_B	3R9A_D	p	u
44	3R9A_A	3R9A_C	p	u
45	1A4Y_B	1A4Y_E	p	u
46	1A4Y_A	1A4Y_D	p	u
47	1H9D_B	1H9D_D	p	u
48	1H9D_A	1H9D_C	p	u
49	2GOX_A	2GOX_C	p	u
50	2GOX_B	2GOX_D	p	u
51	1EFN_A	1EFN_C	p	u
52	1EFN_B	1EFN_D	p	u
53	4GXU_C	4GXU_J	p	u
54	4GXU_J	4GXU_L	p	u
55	4GXU_B	4GXU_J	p	u
56	4GXU_E	4GXU_J	p	u
57	4GXU_H	4GXU_J	p	u
58	4GXU_G	4GXU_J	p	u
59	4GXU_I	4GXU_J	p	u
60	4GXU_J	4GXU_K	p	u
61	4GXU_D	4GXU_J	p	u
62	4GXU_A	4GXU_J	p	u
63	4GXU_F	4GXU_J	p	u
64	4GXU_C	4GXU_L	p	u
65	4GXU_B	4GXU_C	p	u
66	4GXU_C	4GXU_E	p	u
67	4GXU_C	4GXU_H	p	u
68	4GXU_C	4GXU_G	p	u
69	4GXU_C	4GXU_I	p	u
70	4GXU_C	4GXU_K	p	u
71	4GXU_C	4GXU_D	p	u
72	4GXU_A	4GXU_C	p	u
73	4GXU_C	4GXU_F	p	u
74	4GXU_B	4GXU_L	p	u
75	4GXU_E	4GXU_L	p	u
76	4GXU_H	4GXU_L	p	u
77	4GXU_G	4GXU_L	p	u
78	4GXU_I	4GXU_L	p	u
79	4GXU_K	4GXU_L	p	u
80	4GXU_D	4GXU_L	p	u
81	4GXU_A	4GXU_L	p	u
82	4GXU_F	4GXU_L	p	u
83	4GXU_B	4GXU_E	p	u
84	4GXU_B	4GXU_H	p	u
85	4GXU_B	4GXU_G	p	u
86	4GXU_B	4GXU_I	p	u
87	4GXU_B	4GXU_K	p	u
88	4GXU_B	4GXU_D	p	u
89	4GXU_A	4GXU_B	p	u
90	4GXU_B	4GXU_F	p	u
91	4GXU_E	4GXU_H	p	u
92	4GXU_E	4GXU_G	p	u
93	4GXU_E	4GXU_I	p	u
94	4GXU_E	4GXU_K	p	u
95	4GXU_D	4GXU_E	p	u
96	4GXU_A	4GXU_E	p	u
97	4GXU_E	4GXU_F	p	u
98	4GXU_G	4GXU_H	p	u
99	4GXU_H	4GXU_I	p	u
100	4GXU_H	4GXU_K	p	u
101	4GXU_D	4GXU_H	p	u
102	4GXU_A	4GXU_H	p	u
103	4GXU_F	4GXU_H	p	u
104	4GXU_G	4GXU_I	p	u
105	4GXU_G	4GXU_K	p	u
106	4GXU_D	4GXU_G	p	u
107	4GXU_A	4GXU_G	p	u
108	4GXU_F	4GXU_G	p	u
109	4GXU_I	4GXU_K	p	u
110	4GXU_D	4GXU_I	p	u
111	4GXU_A	4GXU_I	p	u
112	4GXU_F	4GXU_I	p	u
113	4GXU_D	4GXU_K	p	u
114	4GXU_A	4GXU_K	p	u
115	4GXU_F	4GXU_K	p	u
116	4GXU_A	4GXU_D	p	u
117	4GXU_D	4GXU_F	p	u
118	4GXU_A	4GXU_F	p	u
119	4HRN_C	4HRN_D	p	u
120	3EQY_A	3EQY_B	p	u
121	2E7L_E	2E7L_F	p	u
122	2E7L_A	2E7L_B	p	u
123	2E7L_C	2E7L_D	p	u
124	1U7F_A	1U7F_C	p	u
125	3D5S_A	3D5S_B	p	u
126	3D5S_C	3D5S_D	p	u
127	3KBH_F	3KBH_H	p	u
128	3KBH_E	3KBH_H	p	u
129	3KBH_G	3KBH_H	p	u
130	3KBH_E	3KBH_F	p	u
131	3KBH_F	3KBH_G	p	u
132	3KBH_E	3KBH_G	p	u
133	3KBH_B	3KBH_D	p	u
134	3KBH_A	3KBH_B	p	u
135	3KBH_B	3KBH_C	p	u
136	3KBH_A	3KBH_D	p	u
137	3KBH_C	3KBH_D	p	u
138	3KBH_A	3KBH_C	p	u
139	3C60_D	3C60_H	p	u
140	3C60_C	3C60_G	p	u
141	4P5T_D	4P5T_H	p	u
142	4P5T_C	4P5T_G	p	u
143	4O27_B	4O27_C	p	u
144	4HSA_D	4HSA_E	p	u
145	4HSA_A	4HSA_E	p	u
146	4HSA_B	4HSA_E	p	u
147	4HSA_C	4HSA_F	p	u
148	4HSA_A	4HSA_D	p	u
149	4HSA_B	4HSA_D	p	u
150	4HSA_A	4HSA_B	p	u
151	2AK4_I	2AK4_T	p	u
152	2AK4_D	2AK4_T	p	u
153	2AK4_N	2AK4_T	p	u
154	2AK4_E	2AK4_P	p	u
155	2AK4_E	2AK4_J	p	u
156	2AK4_E	2AK4_U	p	u
157	2AK4_A	2AK4_K	p	u
158	2AK4_K	2AK4_Q	p	u
159	2AK4_F	2AK4_K	p	u
160	2AK4_D	2AK4_I	p	u
161	2AK4_I	2AK4_N	p	u
162	2AK4_J	2AK4_P	p	u
163	2AK4_P	2AK4_U	p	u
164	2AK4_J	2AK4_U	p	u
165	2AK4_D	2AK4_N	p	u
166	2AK4_L	2AK4_R	p	u
167	2AK4_G	2AK4_L	p	u
168	2AK4_B	2AK4_L	p	u
169	2AK4_A	2AK4_Q	p	u
170	2AK4_A	2AK4_F	p	u
171	2AK4_G	2AK4_R	p	u
172	2AK4_B	2AK4_R	p	u
173	2AK4_B	2AK4_G	p	u
174	2AK4_H	2AK4_S	p	u
175	2AK4_C	2AK4_H	p	u
176	2AK4_H	2AK4_M	p	u
177	2AK4_C	2AK4_S	p	u
178	2AK4_M	2AK4_S	p	u
179	2AK4_C	2AK4_M	p	u
180	2AK4_F	2AK4_Q	p	u
181	1X1W_D	1X1W_F	p	u
182	1X1W_D	1X1W_E	p	u
183	1X1W_E	1X1W_F	p	u
184	1X1W_A	1X1W_C	p	u
185	1X1W_A	1X1W_B	p	u
186	1X1W_B	1X1W_C	p	u
187	3RF3_C	3RF3_D	p	u
188	3RF3_A	3RF3_B	p	u
189	3BX1_C	3BX1_D	p	u
190	3BX1_A	3BX1_B	p	u
191	1FFW_A	1FFW_C	p	u
192	1FFW_B	1FFW_D	p	u
193	2NZ9_A	2NZ9_B	p	u
194	2PCC_A	2PCC_C	p	u
195	2PCC_B	2PCC_D	p	u
196	3UIG_A	3UIG_B	p	u
197	3UIG_P	3UIG_Q	p	u
198	1FCC_C	1FCC_D	p	u
199	1FCC_A	1FCC_B	p	u
200	2C5D_A	2C5D_B	p	u
201	2C5D_C	2C5D_D	p	u
202	1N8O_A	1N8O_B	p	u
203	1N8O_B	1N8O_C	p	u
204	1N8O_A	1N8O_C	p	u
205	2JCC_B	2JCC_I	p	u
206	2JCC_A	2JCC_H	p	u
207	2JCC_E	2JCC_L	p	u
208	2JCC_C	2JCC_J	p	u
209	1Z7X_X	1Z7X_Z	p	u
210	1Z7X_W	1Z7X_Y	p	u
211	1MLC_A	1MLC_C	p	u
212	1MLC_B	1MLC_D	p	u
213	1MLC_E	1MLC_F	p	u
214	1XD3_A	1XD3_C	p	u
215	1XD3_B	1XD3_D	p	u
216	4MYW_B	4MYW_D	p	u
217	4MYW_A	4MYW_C	p	u
218	1M9E_A	1M9E_B	p	u
219	1M9E_C	1M9E_D	p	u
220	2J1K_A	2J1K_J	p	u
221	2J1K_A	2J1K_B	p	u
222	2J1K_A	2J1K_G	p	u
223	2J1K_A	2J1K_T	p	u
224	2J1K_A	2J1K_P	p	u
225	2J1K_A	2J1K_V	p	u
226	2J1K_A	2J1K_Y	p	u
227	2J1K_A	2J1K_O	p	u
228	2J1K_A	2J1K_X	p	u
229	2J1K_A	2J1K_Z	p	u
230	2J1K_A	2J1K_K	p	u
231	2J1K_B	2J1K_J	p	u
232	2J1K_G	2J1K_J	p	u
233	2J1K_J	2J1K_T	p	u
234	2J1K_J	2J1K_P	p	u
235	2J1K_J	2J1K_V	p	u
236	2J1K_J	2J1K_Y	p	u
237	2J1K_J	2J1K_O	p	u
238	2J1K_J	2J1K_X	p	u
239	2J1K_J	2J1K_Z	p	u
240	2J1K_J	2J1K_K	p	u
241	2J1K_B	2J1K_G	p	u
242	2J1K_B	2J1K_T	p	u
243	2J1K_B	2J1K_P	p	u
244	2J1K_B	2J1K_V	p	u
245	2J1K_B	2J1K_Y	p	u
246	2J1K_B	2J1K_O	p	u
247	2J1K_B	2J1K_X	p	u
248	2J1K_B	2J1K_Z	p	u
249	2J1K_B	2J1K_K	p	u
250	2J1K_I	2J1K_M	p	u
251	2J1K_C	2J1K_I	p	u
252	2J1K_I	2J1K_R	p	u
253	2J1K_I	2J1K_L	p	u
254	2J1K_E	2J1K_I	p	u
255	2J1K_I	2J1K_Q	p	u
256	2J1K_F	2J1K_I	p	u
257	2J1K_I	2J1K_N	p	u
258	2J1K_I	2J1K_S	p	u
259	2J1K_D	2J1K_I	p	u
260	2J1K_H	2J1K_I	p	u
261	2J1K_C	2J1K_M	p	u
262	2J1K_M	2J1K_R	p	u
263	2J1K_L	2J1K_M	p	u
264	2J1K_E	2J1K_M	p	u
265	2J1K_M	2J1K_Q	p	u
266	2J1K_F	2J1K_M	p	u
267	2J1K_M	2J1K_N	p	u
268	2J1K_M	2J1K_S	p	u
269	2J1K_D	2J1K_M	p	u
270	2J1K_H	2J1K_M	p	u
271	2J1K_G	2J1K_T	p	u
272	2J1K_G	2J1K_P	p	u
273	2J1K_G	2J1K_V	p	u
274	2J1K_G	2J1K_Y	p	u
275	2J1K_G	2J1K_O	p	u
276	2J1K_G	2J1K_X	p	u
277	2J1K_G	2J1K_Z	p	u
278	2J1K_G	2J1K_K	p	u
279	2J1K_C	2J1K_R	p	u
280	2J1K_C	2J1K_L	p	u
281	2J1K_C	2J1K_E	p	u
282	2J1K_C	2J1K_Q	p	u
283	2J1K_C	2J1K_F	p	u
284	2J1K_C	2J1K_N	p	u
285	2J1K_C	2J1K_S	p	u
286	2J1K_C	2J1K_D	p	u
287	2J1K_C	2J1K_H	p	u
288	2J1K_L	2J1K_R	p	u
289	2J1K_E	2J1K_R	p	u
290	2J1K_Q	2J1K_R	p	u
291	2J1K_F	2J1K_R	p	u
292	2J1K_N	2J1K_R	p	u
293	2J1K_R	2J1K_S	p	u
294	2J1K_D	2J1K_R	p	u
295	2J1K_H	2J1K_R	p	u
296	2J1K_P	2J1K_T	p	u
297	2J1K_T	2J1K_V	p	u
298	2J1K_T	2J1K_Y	p	u
299	2J1K_O	2J1K_T	p	u
300	2J1K_T	2J1K_X	p	u
301	2J1K_T	2J1K_Z	p	u
302	2J1K_K	2J1K_T	p	u
303	2J1K_E	2J1K_L	p	u
304	2J1K_L	2J1K_Q	p	u
305	2J1K_F	2J1K_L	p	u
306	2J1K_L	2J1K_N	p	u
307	2J1K_L	2J1K_S	p	u
308	2J1K_D	2J1K_L	p	u
309	2J1K_H	2J1K_L	p	u
310	2J1K_E	2J1K_Q	p	u
311	2J1K_E	2J1K_F	p	u
312	2J1K_E	2J1K_N	p	u
313	2J1K_E	2J1K_S	p	u
314	2J1K_D	2J1K_E	p	u
315	2J1K_E	2J1K_H	p	u
316	2J1K_P	2J1K_V	p	u
317	2J1K_P	2J1K_Y	p	u
318	2J1K_O	2J1K_P	p	u
319	2J1K_P	2J1K_X	p	u
320	2J1K_P	2J1K_Z	p	u
321	2J1K_K	2J1K_P	p	u
322	2J1K_F	2J1K_Q	p	u
323	2J1K_N	2J1K_Q	p	u
324	2J1K_Q	2J1K_S	p	u
325	2J1K_D	2J1K_Q	p	u
326	2J1K_H	2J1K_Q	p	u
327	2J1K_V	2J1K_Y	p	u
328	2J1K_O	2J1K_V	p	u
329	2J1K_V	2J1K_X	p	u
330	2J1K_V	2J1K_Z	p	u
331	2J1K_K	2J1K_V	p	u
332	2J1K_F	2J1K_N	p	u
333	2J1K_F	2J1K_S	p	u
334	2J1K_D	2J1K_F	p	u
335	2J1K_F	2J1K_H	p	u
336	2J1K_N	2J1K_S	p	u
337	2J1K_D	2J1K_N	p	u
338	2J1K_H	2J1K_N	p	u
339	2J1K_O	2J1K_Y	p	u
340	2J1K_X	2J1K_Y	p	u
341	2J1K_Y	2J1K_Z	p	u
342	2J1K_K	2J1K_Y	p	u
343	2J1K_D	2J1K_S	p	u
344	2J1K_H	2J1K_S	p	u
345	2J1K_O	2J1K_X	p	u
346	2J1K_O	2J1K_Z	p	u
347	2J1K_K	2J1K_O	p	u
348	2J1K_X	2J1K_Z	p	u
349	2J1K_K	2J1K_X	p	u
350	2J1K_K	2J1K_Z	p	u
351	2J1K_D	2J1K_H	p	u
352	1B2U_D	1B2U_E	p	u
353	1B2U_D	1B2U_F	p	u
354	1B2U_E	1B2U_F	p	u
355	1B2U_A	1B2U_B	p	u
356	1B2U_B	1B2U_C	p	u
357	1B2U_A	1B2U_C	p	u
358	1C4Z_A	1C4Z_B	p	u
359	1C4Z_B	1C4Z_C	p	u
360	1C4Z_A	1C4Z_C	p	u
361	2UWE_F	2UWE_M	p	u
362	2UWE_C	2UWE_J	p	u
363	2UWE_B	2UWE_I	p	u
364	2UWE_A	2UWE_H	p	u
365	2I26_M	2I26_Q	p	u
366	2I26_L	2I26_Q	p	u
367	2I26_N	2I26_O	p	u
368	2I26_O	2I26_P	p	u
369	2I26_N	2I26_P	p	u
370	2I26_L	2I26_M	p	u
371	4PWX_D	4PWX_F	p	u
372	4PWX_C	4PWX_E	p	u
373	4PWX_A	4PWX_B	p	u
374	4K71_B	4K71_E	p	u
375	4K71_A	4K71_D	p	u
376	4K71_C	4K71_F	p	u
377	2PCB_A	2PCB_C	p	u
378	1LP9_B	1LP9_I	p	u
379	1LP9_C	1LP9_J	p	u
380	1LP9_A	1LP9_H	p	u
381	1LP9_F	1LP9_M	p	u
382	1LP9_E	1LP9_L	p	u
383	2AJF_A	2AJF_B	p	u
384	2AJF_E	2AJF_F	p	u
385	4J2L_A	4J2L_B	p	u
386	4J2L_C	4J2L_D	p	u
387	1DAN_T	1DAN_U	p	u
388	1DAN_H	1DAN_L	p	u
389	1S0W_C	1S0W_D	p	u
390	1S0W_A	1S0W_B	p	u
391	1LFD_A	1LFD_C	p	u
392	1LFD_B	1LFD_D	p	u
393	4HFK_B	4HFK_D	p	u
394	4HFK_A	4HFK_C	p	u
395	4X4M_E	4X4M_F	p	u
396	4X4M_A	4X4M_D	p	u
397	4X4M_A	4X4M_B	p	u
398	4X4M_A	4X4M_C	p	u
399	4X4M_B	4X4M_D	p	u
400	4X4M_C	4X4M_D	p	u
401	4X4M_B	4X4M_C	p	u
402	3LZF_A	3LZF_B	p	u
403	2VLR_D	2VLR_I	p	u
404	2VLR_A	2VLR_F	p	u
405	2VLR_E	2VLR_J	p	u
406	2VLR_B	2VLR_G	p	u
407	2VLR_C	2VLR_H	p	u
408	3BP8_A	3BP8_B	p	u
409	3BP8_C	3BP8_D	p	u
410	3LB6_A	3LB6_B	p	u
411	3LB6_C	3LB6_D	p	u
412	2J8U_C	2J8U_J	p	u
413	2J8U_B	2J8U_I	p	u
414	2J8U_F	2J8U_M	p	u
415	2J8U_A	2J8U_H	p	u
416	2J8U_E	2J8U_L	p	u
417	3SF4_E	3SF4_F	p	u
418	3SF4_D	3SF4_F	p	u
419	3SF4_A	3SF4_C	p	u
420	3SF4_B	3SF4_C	p	u
421	3SF4_D	3SF4_E	p	u
422	3SF4_A	3SF4_B	p	u
423	1JTG_B	1JTG_D	p	u
424	1JTG_A	1JTG_C	p	u
425	4RA0_A	4RA0_B	p	u
426	4RA0_C	4RA0_D	p	u
427	3BK3_A	3BK3_B	p	u
428	3BK3_C	3BK3_D	p	u
429	4LRX_A	4LRX_B	p	u
430	4LRX_C	4LRX_D	p	u
431	2B11_A	2B11_C	p	u
432	2B11_B	2B11_D	p	u
433	1GL1_I	1GL1_K	p	u
434	1GL1_I	1GL1_J	p	u
435	1GL1_A	1GL1_C	p	u
436	1GL1_B	1GL1_C	p	u
437	1GL1_J	1GL1_K	p	u
438	1GL1_A	1GL1_B	p	u
439	3UII_P	3UII_Q	p	u
440	3UII_A	3UII_B	p	u
441	1CBW_A	1CBW_F	p	u
442	1CBW_D	1CBW_I	p	u
443	1CBW_G	1CBW_H	p	u
444	1CBW_C	1CBW_H	p	u
445	1CBW_B	1CBW_H	p	u
446	1CBW_C	1CBW_G	p	u
447	1CBW_B	1CBW_G	p	u
448	1CBW_B	1CBW_C	p	u
449	1GCQ_A	1GCQ_B	p	u
450	1REW_A	1REW_B	p	u
451	1REW_C	1REW_D	p	u
452	2B10_B	2B10_D	p	u
453	2B10_A	2B10_C	p	u
454	3HH2_A	3HH2_B	p	u
455	3HH2_C	3HH2_D	p	u
456	1BJ1_V	1BJ1_W	p	u
457	1B3S_E	1B3S_F	p	u
458	1B3S_D	1B3S_F	p	u
459	1B3S_A	1B3S_C	p	u
460	1B3S_A	1B3S_B	p	u
461	1B3S_D	1B3S_E	p	u
462	1B3S_B	1B3S_C	p	u
463	3LNZ_I	3LNZ_O	p	u
464	3LNZ_C	3LNZ_I	p	u
465	3LNZ_I	3LNZ_K	p	u
466	3LNZ_I	3LNZ_M	p	u
467	3LNZ_A	3LNZ_I	p	u
468	3LNZ_G	3LNZ_I	p	u
469	3LNZ_E	3LNZ_I	p	u
470	3LNZ_C	3LNZ_O	p	u
471	3LNZ_K	3LNZ_O	p	u
472	3LNZ_M	3LNZ_O	p	u
473	3LNZ_A	3LNZ_O	p	u
474	3LNZ_G	3LNZ_O	p	u
475	3LNZ_E	3LNZ_O	p	u
476	3LNZ_C	3LNZ_K	p	u
477	3LNZ_C	3LNZ_M	p	u
478	3LNZ_A	3LNZ_C	p	u
479	3LNZ_C	3LNZ_G	p	u
480	3LNZ_C	3LNZ_E	p	u
481	3LNZ_K	3LNZ_M	p	u
482	3LNZ_A	3LNZ_K	p	u
483	3LNZ_G	3LNZ_K	p	u
484	3LNZ_E	3LNZ_K	p	u
485	3LNZ_A	3LNZ_M	p	u
486	3LNZ_G	3LNZ_M	p	u
487	3LNZ_E	3LNZ_M	p	u
488	3LNZ_A	3LNZ_G	p	u
489	3LNZ_A	3LNZ_E	p	u
490	3LNZ_E	3LNZ_G	p	u
491	1EAW_B	1EAW_D	p	u
492	1EAW_A	1EAW_C	p	u
493	5UFQ_A	5UFQ_B	p	u
494	4E6K_A	4E6K_F	p	u
495	4E6K_A	4E6K_C	p	u
496	4E6K_A	4E6K_E	p	u
497	4E6K_A	4E6K_B	p	u
498	4E6K_A	4E6K_D	p	u
499	4E6K_G	4E6K_I	p	u
500	4E6K_H	4E6K_I	p	u
501	4E6K_G	4E6K_H	p	u
502	4E6K_C	4E6K_F	p	u
503	4E6K_E	4E6K_F	p	u
504	4E6K_B	4E6K_F	p	u
505	4E6K_D	4E6K_F	p	u
506	4E6K_C	4E6K_E	p	u
507	4E6K_B	4E6K_C	p	u
508	4E6K_C	4E6K_D	p	u
509	4E6K_B	4E6K_E	p	u
510	4E6K_D	4E6K_E	p	u
511	4E6K_B	4E6K_D	p	u
512	4OFY_D	4OFY_F	p	u
513	4OFY_E	4OFY_F	p	u
514	4OFY_A	4OFY_C	p	u
515	4OFY_A	4OFY_B	p	u
516	4OFY_D	4OFY_E	p	u
517	4OFY_B	4OFY_C	p	u
518	3EG5_A	3EG5_C	p	u
519	3EG5_B	3EG5_D	p	u
520	3BN9_A	3BN9_B	p	u
521	3BN9_D	3BN9_F	p	u
522	4CPA_I	4CPA_J	p	u
523	4CPA_A	4CPA_B	p	u
524	2DSQ_C	2DSQ_I	p	u
525	2DSQ_G	2DSQ_H	p	u
526	2DSQ_A	2DSQ_B	p	u
527	1E50_A	1E50_G	p	u
528	1E50_C	1E50_G	p	u
529	1E50_E	1E50_G	p	u
530	1E50_G	1E50_Q	p	u
531	1E50_G	1E50_R	p	u
532	1E50_F	1E50_H	p	u
533	1E50_B	1E50_H	p	u
534	1E50_D	1E50_H	p	u
535	1E50_B	1E50_F	p	u
536	1E50_D	1E50_F	p	u
537	1E50_A	1E50_C	p	u
538	1E50_A	1E50_E	p	u
539	1E50_A	1E50_Q	p	u
540	1E50_A	1E50_R	p	u
541	1E50_B	1E50_D	p	u
542	1E50_C	1E50_E	p	u
543	1E50_C	1E50_Q	p	u
544	1E50_C	1E50_R	p	u
545	1E50_E	1E50_Q	p	u
546	1E50_E	1E50_R	p	u
547	1E50_Q	1E50_R	p	u
548	4GNK_B	4GNK_D	p	u
549	4GNK_D	4GNK_E	p	u
550	4GNK_A	4GNK_C	p	u
551	4GNK_B	4GNK_E	p	u
552	4ZS6_A	4ZS6_B	p	u
553	1BRS_E	1BRS_F	p	u
554	1BRS_D	1BRS_F	p	u
555	1BRS_D	1BRS_E	p	u
556	1BRS_A	1BRS_B	p	u
557	1BRS_B	1BRS_C	p	u
558	1BRS_A	1BRS_C	p	u
559	3SZK_C	3SZK_F	p	u
560	3SZK_A	3SZK_D	p	u
561	3SZK_B	3SZK_E	p	u
562	2GYK_A	2GYK_E	p	u
563	2GYK_B	2GYK_F	p	u
564	1X1X_D	1X1X_E	p	u
565	1X1X_D	1X1X_F	p	u
566	1X1X_A	1X1X_B	p	u
567	1X1X_A	1X1X_C	p	u
568	1X1X_E	1X1X_F	p	u
569	1X1X_B	1X1X_C	p	u
570	4OZG_B	4OZG_D	p	u
571	4OZG_F	4OZG_H	p	u
572	4OZG_I	4OZG_J	p	u
573	4OZG_A	4OZG_C	p	u
574	4OZG_E	4OZG_G	p	u
575	2REX_B	2REX_D	p	u
576	2REX_A	2REX_C	p	u
577	1CHO_E	1CHO_F	p	u
578	1CHO_F	1CHO_G	p	u
579	1CHO_E	1CHO_G	p	u
580	1AK4_C	1AK4_D	p	u
581	1AK4_A	1AK4_B	p	u
582	1SBB_A	1SBB_C	p	u
583	1SBB_B	1SBB_D	p	u
584	1AHW_C	1AHW_F	p	u
585	1AHW_A	1AHW_D	p	u
586	1AHW_B	1AHW_E	p	u
587	3S9D_A	3S9D_C	p	u
588	3S9D_B	3S9D_D	p	u
589	3NVQ_A	3NVQ_E	p	u
590	3NVQ_B	3NVQ_F	p	u
591	1CZ8_V	1CZ8_W	p	u
592	4CVW_C	4CVW_D	p	u
593	4CVW_A	4CVW_B	p	u
594	3B4V_A	3B4V_E	p	u
595	3B4V_A	3B4V_F	p	u
596	3B4V_A	3B4V_B	p	u
597	3B4V_E	3B4V_F	p	u
598	3B4V_B	3B4V_E	p	u
599	3B4V_C	3B4V_D	p	u
600	3B4V_D	3B4V_H	p	u
601	3B4V_D	3B4V_G	p	u
602	3B4V_B	3B4V_F	p	u
603	3B4V_C	3B4V_H	p	u
604	3B4V_C	3B4V_G	p	u
605	3B4V_G	3B4V_H	p	u
606	2B0U_C	2B0U_D	p	u
607	2B0U_A	2B0U_B	p	u
608	2B2X_A	2B2X_B	p	u
609	2B2X_H	2B2X_I	p	u
610	1S1Q_B	1S1Q_D	p	u
611	1S1Q_A	1S1Q_C	p	u
612	1B2S_A	1B2S_B	p	u
613	1B2S_B	1B2S_C	p	u
614	1B2S_A	1B2S_C	p	u
615	1B2S_E	1B2S_F	p	u
616	1B2S_D	1B2S_E	p	u
617	1B2S_D	1B2S_F	p	u
618	1UUZ_C	1UUZ_D	p	u
619	1UUZ_A	1UUZ_B	p	u
620	5E9D_E	5E9D_J	p	u
621	5E9D_B	5E9D_G	p	u
622	5E9D_D	5E9D_I	p	u
623	5E9D_C	5E9D_H	p	u
624	5E9D_A	5E9D_F	p	u
625	3Q8D_E	3Q8D_F	p	u
626	3Q8D_A	3Q8D_B	p	u
627	1JCK_B	1JCK_D	p	u
628	4N8V_A	4N8V_D	p	u
629	4N8V_C	4N8V_F	p	u
630	4N8V_B	4N8V_E	p	u
631	4N8V_G	4N8V_I	p	u
632	1MHP_A	1MHP_B	p	u
633	4U6H_E	4U6H_J	p	u
634	1XGR_B	1XGR_C	p	
635	1XGR_A	1XGR_B	p	
636	1XGR_A	1XGR_C	p	
637	3NGB_H	3NGB_L	p	
638	3NGB_C	3NGB_H	p	
639	3NGB_G	3NGB_H	p	
640	3NGB_B	3NGB_H	p	
641	3NGB_H	3NGB_I	p	
642	3NGB_H	3NGB_K	p	
643	3NGB_A	3NGB_H	p	
644	3NGB_H	3NGB_J	p	
645	3NGB_D	3NGB_H	p	
646	3NGB_F	3NGB_H	p	
647	3NGB_E	3NGB_H	p	
648	3NGB_C	3NGB_L	p	
649	3NGB_G	3NGB_L	p	
650	3NGB_B	3NGB_L	p	
651	3NGB_I	3NGB_L	p	
652	3NGB_K	3NGB_L	p	
653	3NGB_A	3NGB_L	p	
654	3NGB_J	3NGB_L	p	
655	3NGB_D	3NGB_L	p	
656	3NGB_F	3NGB_L	p	
657	3NGB_E	3NGB_L	p	
658	3NGB_C	3NGB_G	p	
659	3NGB_B	3NGB_C	p	
660	3NGB_C	3NGB_I	p	
661	3NGB_C	3NGB_K	p	
662	3NGB_A	3NGB_C	p	
663	3NGB_C	3NGB_J	p	
664	3NGB_C	3NGB_D	p	
665	3NGB_C	3NGB_F	p	
666	3NGB_C	3NGB_E	p	
667	3NGB_B	3NGB_G	p	
668	3NGB_G	3NGB_K	p	
669	3NGB_G	3NGB_J	p	
670	3NGB_F	3NGB_G	p	
671	3NGB_E	3NGB_G	p	
672	3NGB_B	3NGB_I	p	
673	3NGB_B	3NGB_K	p	
674	3NGB_A	3NGB_B	p	
675	3NGB_B	3NGB_J	p	
676	3NGB_B	3NGB_D	p	
677	3NGB_B	3NGB_F	p	
678	3NGB_B	3NGB_E	p	
679	3NGB_I	3NGB_K	p	
680	3NGB_I	3NGB_J	p	
681	3NGB_F	3NGB_I	p	
682	3NGB_E	3NGB_I	p	
683	3NGB_A	3NGB_K	p	
684	3NGB_J	3NGB_K	p	
685	3NGB_D	3NGB_K	p	
686	3NGB_F	3NGB_K	p	
687	3NGB_E	3NGB_K	p	
688	3NGB_A	3NGB_J	p	
689	3NGB_A	3NGB_F	p	
690	3NGB_A	3NGB_E	p	
691	3NGB_D	3NGB_J	p	
692	3NGB_F	3NGB_J	p	
693	3NGB_E	3NGB_J	p	
694	3NGB_D	3NGB_F	p	
695	3NGB_D	3NGB_E	p	
696	3NGB_E	3NGB_F	p	
697	3VR6_A	3VR6_D	p	
698	3VR6_A	3VR6_F	p	
699	3VR6_A	3VR6_H	p	
700	3VR6_A	3VR6_G	p	
701	3VR6_A	3VR6_E	p	
702	3VR6_C	3VR6_D	p	
703	3VR6_D	3VR6_H	p	
704	3VR6_B	3VR6_D	p	
705	3VR6_D	3VR6_G	p	
706	3VR6_C	3VR6_F	p	
707	3VR6_C	3VR6_H	p	
708	3VR6_C	3VR6_G	p	
709	3VR6_C	3VR6_E	p	
710	3VR6_F	3VR6_H	p	
711	3VR6_B	3VR6_F	p	
712	3VR6_F	3VR6_G	p	
713	3VR6_B	3VR6_H	p	
714	3VR6_G	3VR6_H	p	
715	3VR6_E	3VR6_H	p	
716	3VR6_B	3VR6_G	p	
717	3VR6_B	3VR6_E	p	
718	3VR6_E	3VR6_G	p	
719	1P69_A	1P69_B	p	
720	1NMB_H	1NMB_L	p	
721	1NMB_L	1NMB_N	p	
722	1NMB_H	1NMB_N	p	
723	2J0T_C	2J0T_E	p	
724	2J0T_C	2J0T_F	p	
725	2J0T_C	2J0T_D	p	
726	2J0T_B	2J0T_E	p	
727	2J0T_A	2J0T_E	p	
728	2J0T_B	2J0T_F	p	
729	2J0T_B	2J0T_D	p	
730	2J0T_A	2J0T_F	p	
731	2J0T_A	2J0T_D	p	
732	3HFM_H	3HFM_L	p	
733	3HFM_L	3HFM_Y	p	
734	3HFM_H	3HFM_Y	p	
735	1A22_A	1A22_B	p	
736	5CXB_A	5CXB_B	p	
737	3M62_A	3M62_B	p	
738	3NPS_B	3NPS_C	p	
739	3NPS_A	3NPS_C	p	
740	3NPS_A	3NPS_B	p	
741	3BTM_E	3BTM_I	p	
742	2VLP_A	2VLP_B	p	
743	1TM3_E	1TM3_I	p	
744	1XGP_B	1XGP_C	p	
745	1XGP_A	1XGP_C	p	
746	1XGP_A	1XGP_B	p	
747	4YEB_A	4YEB_B	p	
748	3D5R_A	3D5R_C	p	
749	3D5R_B	3D5R_C	p	
750	3D5R_A	3D5R_D	p	
751	3D5R_B	3D5R_D	p	
752	2O3B_A	2O3B_B	p	
753	1GL0_E	1GL0_I	p	
754	2AW2_B	2AW2_X	p	
755	2AW2_X	2AW2_Y	p	
756	2AW2_A	2AW2_B	p	
757	2AW2_A	2AW2_Y	p	
758	1SGP_E	1SGP_I	p	
759	2B12_A	2B12_B	p	
760	4Y61_A	4Y61_B	p	
761	1CT4_E	1CT4_I	p	
762	1XGU_A	1XGU_C	p	
763	1XGU_A	1XGU_B	p	
764	1XGU_B	1XGU_C	p	
765	3N4I_A	3N4I_B	p	
766	1SMF_E	1SMF_I	p	
767	3BTG_E	3BTG_I	p	
768	1BP3_A	1BP3_B	p	
769	4NM8_C	4NM8_H	p	
770	4NM8_C	4NM8_N	p	
771	4NM8_C	4NM8_L	p	
772	4NM8_C	4NM8_M	p	
773	4NM8_C	4NM8_J	p	
774	4NM8_C	4NM8_I	p	
775	4NM8_F	4NM8_H	p	
776	4NM8_H	4NM8_N	p	
777	4NM8_H	4NM8_L	p	
778	4NM8_H	4NM8_M	p	
779	4NM8_E	4NM8_H	p	
780	4NM8_B	4NM8_H	p	
781	4NM8_A	4NM8_H	p	
782	4NM8_D	4NM8_H	p	
783	4NM8_F	4NM8_N	p	
784	4NM8_F	4NM8_L	p	
785	4NM8_F	4NM8_M	p	
786	4NM8_F	4NM8_J	p	
787	4NM8_F	4NM8_I	p	
788	4NM8_J	4NM8_N	p	
789	4NM8_I	4NM8_N	p	
790	4NM8_E	4NM8_N	p	
791	4NM8_B	4NM8_N	p	
792	4NM8_A	4NM8_N	p	
793	4NM8_D	4NM8_N	p	
794	4NM8_J	4NM8_L	p	
795	4NM8_I	4NM8_L	p	
796	4NM8_E	4NM8_L	p	
797	4NM8_B	4NM8_L	p	
798	4NM8_A	4NM8_L	p	
799	4NM8_D	4NM8_L	p	
800	4NM8_J	4NM8_M	p	
801	4NM8_I	4NM8_M	p	
802	4NM8_E	4NM8_M	p	
803	4NM8_B	4NM8_M	p	
804	4NM8_A	4NM8_M	p	
805	4NM8_D	4NM8_M	p	
806	4NM8_E	4NM8_J	p	
807	4NM8_B	4NM8_J	p	
808	4NM8_A	4NM8_J	p	
809	4NM8_D	4NM8_J	p	
810	4NM8_E	4NM8_I	p	
811	4NM8_B	4NM8_I	p	
812	4NM8_A	4NM8_I	p	
813	4NM8_D	4NM8_I	p	
814	2BTF_A	2BTF_P	p	
815	3D3V_C	3D3V_E	p	
816	3D3V_D	3D3V_E	p	
817	3D3V_B	3D3V_E	p	
818	3D3V_A	3D3V_E	p	
819	3D3V_C	3D3V_D	p	
820	3D3V_B	3D3V_C	p	
821	3D3V_A	3D3V_C	p	
822	3D3V_B	3D3V_D	p	
823	3D3V_A	3D3V_D	p	
824	3D3V_A	3D3V_B	p	
825	3PWP_A	3PWP_B	p	
826	3PWP_B	3PWP_C	p	
827	3PWP_B	3PWP_D	p	
828	3PWP_B	3PWP_E	p	
829	3PWP_A	3PWP_C	p	
830	3PWP_A	3PWP_D	p	
831	3PWP_A	3PWP_E	p	
832	3PWP_C	3PWP_D	p	
833	3PWP_C	3PWP_E	p	
834	3PWP_D	3PWP_E	p	
835	1E96_A	1E96_B	p	
836	1SGD_E	1SGD_I	p	
837	4WND_A	4WND_B	p	
838	3R9A_A	3R9A_D	p	
839	3R9A_C	3R9A_D	p	
840	3R9A_A	3R9A_B	p	
841	3R9A_B	3R9A_C	p	
842	1A4Y_A	1A4Y_E	p	
843	1A4Y_D	1A4Y_E	p	
844	1A4Y_A	1A4Y_B	p	
845	1A4Y_B	1A4Y_D	p	
846	1H9D_A	1H9D_B	p	
847	1H9D_B	1H9D_C	p	
848	1H9D_A	1H9D_D	p	
849	1H9D_C	1H9D_D	p	
850	4KRO_B	4KRO_D	p	
851	4KRO_A	4KRO_B	p	
852	4KRO_B	4KRO_C	p	
853	4KRO_A	4KRO_D	p	
854	4KRO_C	4KRO_D	p	
855	4KRO_A	4KRO_C	p	
856	2GOX_B	2GOX_C	p	
857	2GOX_C	2GOX_D	p	
858	2GOX_A	2GOX_B	p	
859	2GOX_A	2GOX_D	p	
860	1WQJ_B	1WQJ_I	p	
861	1CT2_E	1CT2_I	p	
862	4JEU_A	4JEU_B	p	
863	1TM4_E	1TM4_I	p	
864	4B0M_A	4B0M_B	p	
865	4B0M_A	4B0M_M	p	
866	4B0M_B	4B0M_M	p	
867	5F4E_A	5F4E_B	p	
868	1EFN_C	1EFN_D	p	
869	1EFN_B	1EFN_C	p	
870	1EFN_A	1EFN_D	p	
871	1EFN_A	1EFN_B	p	
872	4GXU_J	4GXU_N	p	
873	4GXU_J	4GXU_O	p	
874	4GXU_J	4GXU_T	p	
875	4GXU_J	4GXU_W	p	
876	4GXU_J	4GXU_V	p	
877	4GXU_J	4GXU_S	p	
878	4GXU_J	4GXU_M	p	
879	4GXU_J	4GXU_U	p	
880	4GXU_J	4GXU_X	p	
881	4GXU_J	4GXU_P	p	
882	4GXU_J	4GXU_R	p	
883	4GXU_J	4GXU_Q	p	
884	4GXU_C	4GXU_N	p	
885	4GXU_C	4GXU_O	p	
886	4GXU_C	4GXU_T	p	
887	4GXU_C	4GXU_W	p	
888	4GXU_C	4GXU_V	p	
889	4GXU_C	4GXU_S	p	
890	4GXU_C	4GXU_M	p	
891	4GXU_C	4GXU_U	p	
892	4GXU_C	4GXU_X	p	
893	4GXU_C	4GXU_P	p	
894	4GXU_C	4GXU_R	p	
895	4GXU_C	4GXU_Q	p	
896	4GXU_L	4GXU_N	p	
897	4GXU_L	4GXU_O	p	
898	4GXU_L	4GXU_T	p	
899	4GXU_L	4GXU_W	p	
900	4GXU_L	4GXU_V	p	
901	4GXU_L	4GXU_S	p	
902	4GXU_L	4GXU_M	p	
903	4GXU_L	4GXU_U	p	
904	4GXU_L	4GXU_X	p	
905	4GXU_L	4GXU_P	p	
906	4GXU_L	4GXU_R	p	
907	4GXU_L	4GXU_Q	p	
908	4GXU_B	4GXU_N	p	
909	4GXU_N	4GXU_O	p	
910	4GXU_E	4GXU_N	p	
911	4GXU_N	4GXU_T	p	
912	4GXU_H	4GXU_N	p	
913	4GXU_N	4GXU_W	p	
914	4GXU_G	4GXU_N	p	
915	4GXU_N	4GXU_V	p	
916	4GXU_N	4GXU_S	p	
917	4GXU_I	4GXU_N	p	
918	4GXU_K	4GXU_N	p	
919	4GXU_M	4GXU_N	p	
920	4GXU_N	4GXU_U	p	
921	4GXU_D	4GXU_N	p	
922	4GXU_N	4GXU_X	p	
923	4GXU_A	4GXU_N	p	
924	4GXU_N	4GXU_P	p	
925	4GXU_F	4GXU_N	p	
926	4GXU_N	4GXU_R	p	
927	4GXU_N	4GXU_Q	p	
928	4GXU_B	4GXU_O	p	
929	4GXU_B	4GXU_T	p	
930	4GXU_B	4GXU_W	p	
931	4GXU_B	4GXU_V	p	
932	4GXU_B	4GXU_S	p	
933	4GXU_B	4GXU_M	p	
934	4GXU_B	4GXU_U	p	
935	4GXU_B	4GXU_X	p	
936	4GXU_B	4GXU_P	p	
937	4GXU_B	4GXU_R	p	
938	4GXU_B	4GXU_Q	p	
939	4GXU_E	4GXU_O	p	
940	4GXU_O	4GXU_T	p	
941	4GXU_H	4GXU_O	p	
942	4GXU_O	4GXU_W	p	
943	4GXU_G	4GXU_O	p	
944	4GXU_O	4GXU_V	p	
945	4GXU_O	4GXU_S	p	
946	4GXU_I	4GXU_O	p	
947	4GXU_K	4GXU_O	p	
948	4GXU_M	4GXU_O	p	
949	4GXU_O	4GXU_U	p	
950	4GXU_D	4GXU_O	p	
951	4GXU_O	4GXU_X	p	
952	4GXU_A	4GXU_O	p	
953	4GXU_O	4GXU_P	p	
954	4GXU_F	4GXU_O	p	
955	4GXU_O	4GXU_R	p	
956	4GXU_O	4GXU_Q	p	
957	4GXU_E	4GXU_T	p	
958	4GXU_E	4GXU_W	p	
959	4GXU_E	4GXU_V	p	
960	4GXU_E	4GXU_S	p	
961	4GXU_E	4GXU_M	p	
962	4GXU_E	4GXU_U	p	
963	4GXU_E	4GXU_X	p	
964	4GXU_E	4GXU_P	p	
965	4GXU_E	4GXU_R	p	
966	4GXU_E	4GXU_Q	p	
967	4GXU_H	4GXU_T	p	
968	4GXU_T	4GXU_W	p	
969	4GXU_G	4GXU_T	p	
970	4GXU_T	4GXU_V	p	
971	4GXU_S	4GXU_T	p	
972	4GXU_I	4GXU_T	p	
973	4GXU_K	4GXU_T	p	
974	4GXU_M	4GXU_T	p	
975	4GXU_T	4GXU_U	p	
976	4GXU_D	4GXU_T	p	
977	4GXU_T	4GXU_X	p	
978	4GXU_A	4GXU_T	p	
979	4GXU_P	4GXU_T	p	
980	4GXU_F	4GXU_T	p	
981	4GXU_R	4GXU_T	p	
982	4GXU_Q	4GXU_T	p	
983	4GXU_H	4GXU_W	p	
984	4GXU_H	4GXU_V	p	
985	4GXU_H	4GXU_S	p	
986	4GXU_H	4GXU_M	p	
987	4GXU_H	4GXU_U	p	
988	4GXU_H	4GXU_X	p	
989	4GXU_H	4GXU_P	p	
990	4GXU_H	4GXU_R	p	
991	4GXU_H	4GXU_Q	p	
992	4GXU_G	4GXU_W	p	
993	4GXU_V	4GXU_W	p	
994	4GXU_S	4GXU_W	p	
995	4GXU_I	4GXU_W	p	
996	4GXU_K	4GXU_W	p	
997	4GXU_M	4GXU_W	p	
998	4GXU_U	4GXU_W	p	
999	4GXU_D	4GXU_W	p	
1000	4GXU_W	4GXU_X	p	
1001	4GXU_A	4GXU_W	p	
1002	4GXU_P	4GXU_W	p	
1003	4GXU_F	4GXU_W	p	
1004	4GXU_R	4GXU_W	p	
1005	4GXU_Q	4GXU_W	p	
1006	4GXU_G	4GXU_V	p	
1007	4GXU_G	4GXU_S	p	
1008	4GXU_G	4GXU_M	p	
1009	4GXU_G	4GXU_U	p	
1010	4GXU_G	4GXU_X	p	
1011	4GXU_G	4GXU_P	p	
1012	4GXU_G	4GXU_R	p	
1013	4GXU_G	4GXU_Q	p	
1014	4GXU_S	4GXU_V	p	
1015	4GXU_I	4GXU_V	p	
1016	4GXU_K	4GXU_V	p	
1017	4GXU_M	4GXU_V	p	
1018	4GXU_U	4GXU_V	p	
1019	4GXU_D	4GXU_V	p	
1020	4GXU_V	4GXU_X	p	
1021	4GXU_A	4GXU_V	p	
1022	4GXU_P	4GXU_V	p	
1023	4GXU_F	4GXU_V	p	
1024	4GXU_R	4GXU_V	p	
1025	4GXU_Q	4GXU_V	p	
1026	4GXU_I	4GXU_S	p	
1027	4GXU_K	4GXU_S	p	
1028	4GXU_M	4GXU_S	p	
1029	4GXU_S	4GXU_U	p	
1030	4GXU_D	4GXU_S	p	
1031	4GXU_S	4GXU_X	p	
1032	4GXU_A	4GXU_S	p	
1033	4GXU_P	4GXU_S	p	
1034	4GXU_F	4GXU_S	p	
1035	4GXU_R	4GXU_S	p	
1036	4GXU_Q	4GXU_S	p	
1037	4GXU_I	4GXU_M	p	
1038	4GXU_I	4GXU_U	p	
1039	4GXU_I	4GXU_X	p	
1040	4GXU_I	4GXU_P	p	
1041	4GXU_I	4GXU_R	p	
1042	4GXU_I	4GXU_Q	p	
1043	4GXU_K	4GXU_M	p	
1044	4GXU_K	4GXU_U	p	
1045	4GXU_K	4GXU_X	p	
1046	4GXU_K	4GXU_P	p	
1047	4GXU_K	4GXU_R	p	
1048	4GXU_K	4GXU_Q	p	
1049	4GXU_M	4GXU_U	p	
1050	4GXU_D	4GXU_M	p	
1051	4GXU_M	4GXU_X	p	
1052	4GXU_A	4GXU_M	p	
1053	4GXU_M	4GXU_P	p	
1054	4GXU_F	4GXU_M	p	
1055	4GXU_M	4GXU_R	p	
1056	4GXU_M	4GXU_Q	p	
1057	4GXU_D	4GXU_U	p	
1058	4GXU_U	4GXU_X	p	
1059	4GXU_A	4GXU_U	p	
1060	4GXU_P	4GXU_U	p	
1061	4GXU_F	4GXU_U	p	
1062	4GXU_R	4GXU_U	p	
1063	4GXU_Q	4GXU_U	p	
1064	4GXU_D	4GXU_X	p	
1065	4GXU_D	4GXU_P	p	
1066	4GXU_D	4GXU_R	p	
1067	4GXU_D	4GXU_Q	p	
1068	4GXU_A	4GXU_X	p	
1069	4GXU_P	4GXU_X	p	
1070	4GXU_F	4GXU_X	p	
1071	4GXU_R	4GXU_X	p	
1072	4GXU_Q	4GXU_X	p	
1073	4GXU_A	4GXU_P	p	
1074	4GXU_A	4GXU_R	p	
1075	4GXU_A	4GXU_Q	p	
1076	4GXU_F	4GXU_P	p	
1077	4GXU_P	4GXU_R	p	
1078	4GXU_P	4GXU_Q	p	
1079	4GXU_F	4GXU_R	p	
1080	4GXU_F	4GXU_Q	p	
1081	4GXU_Q	4GXU_R	p	
1082	5CYK_A	5CYK_B	p	
1083	1R0R_E	1R0R_I	p	
1084	3NCC_A	3NCC_B	p	
1085	5K39_A	5K39_B	p	
1086	2VLO_A	2VLO_B	p	
1087	3W2D_A	3W2D_L	p	
1088	3W2D_H	3W2D_L	p	
1089	3W2D_A	3W2D_H	p	
1090	4HRN_B	4HRN_D	p	
1091	4HRN_A	4HRN_D	p	
1092	4HRN_B	4HRN_C	p	
1093	4HRN_A	4HRN_C	p	
1094	4HRN_A	4HRN_B	p	
1095	1KIQ_A	1KIQ_B	p	
1096	1KIQ_A	1KIQ_C	p	
1097	1KIQ_B	1KIQ_C	p	
1098	1YQV_L	1YQV_Y	p	
1099	1YQV_H	1YQV_Y	p	
1100	1YQV_H	1YQV_L	p	
1101	1BD2_A	1BD2_B	p	
1102	1BD2_A	1BD2_E	p	
1103	1BD2_A	1BD2_D	p	
1104	1BD2_A	1BD2_C	p	
1105	1BD2_B	1BD2_E	p	
1106	1BD2_B	1BD2_D	p	
1107	1BD2_B	1BD2_C	p	
1108	1BD2_D	1BD2_E	p	
1109	1BD2_C	1BD2_E	p	
1110	1BD2_C	1BD2_D	p	
1111	1P6A_A	1P6A_B	p	
1112	4L3E_D	4L3E_E	p	
1113	4L3E_C	4L3E_E	p	
1114	4L3E_B	4L3E_E	p	
1115	4L3E_A	4L3E_E	p	
1116	4L3E_C	4L3E_D	p	
1117	4L3E_B	4L3E_D	p	
1118	4L3E_A	4L3E_D	p	
1119	4L3E_B	4L3E_C	p	
1120	4L3E_A	4L3E_C	p	
1121	4L3E_A	4L3E_B	p	
1122	3EQY_A	3EQY_C	p	
1123	3EQY_A	3EQY_D	p	
1124	3EQY_B	3EQY_C	p	
1125	3EQY_B	3EQY_D	p	
1126	3EQY_C	3EQY_D	p	
1127	3U82_A	3U82_B	p	
1128	3QDG_A	3QDG_D	p	
1129	3QDG_C	3QDG_D	p	
1130	3QDG_D	3QDG_E	p	
1131	3QDG_B	3QDG_D	p	
1132	3QDG_A	3QDG_C	p	
1133	3QDG_A	3QDG_E	p	
1134	3QDG_A	3QDG_B	p	
1135	3QDG_C	3QDG_E	p	
1136	3QDG_B	3QDG_C	p	
1137	3QDG_B	3QDG_E	p	
1138	1Y1K_E	1Y1K_I	p	
1139	1MAH_A	1MAH_F	p	
1140	1Y3D_E	1Y3D_I	p	
1141	3N06_A	3N06_B	p	
1142	2E7L_B	2E7L_F	p	
1143	2E7L_F	2E7L_P	p	
1144	2E7L_D	2E7L_F	p	
1145	2E7L_C	2E7L_F	p	
1146	2E7L_F	2E7L_Q	p	
1147	2E7L_A	2E7L_F	p	
1148	2E7L_B	2E7L_P	p	
1149	2E7L_B	2E7L_D	p	
1150	2E7L_B	2E7L_C	p	
1151	2E7L_B	2E7L_Q	p	
1152	2E7L_B	2E7L_E	p	
1153	2E7L_D	2E7L_P	p	
1154	2E7L_C	2E7L_P	p	
1155	2E7L_P	2E7L_Q	p	
1156	2E7L_A	2E7L_P	p	
1157	2E7L_E	2E7L_P	p	
1158	2E7L_D	2E7L_Q	p	
1159	2E7L_A	2E7L_D	p	
1160	2E7L_D	2E7L_E	p	
1161	2E7L_C	2E7L_Q	p	
1162	2E7L_A	2E7L_C	p	
1163	2E7L_C	2E7L_E	p	
1164	2E7L_A	2E7L_Q	p	
1165	2E7L_E	2E7L_Q	p	
1166	2E7L_A	2E7L_E	p	
1167	1DVF_C	1DVF_D	p	
1168	1DVF_B	1DVF_C	p	
1169	1DVF_A	1DVF_C	p	
1170	1DVF_B	1DVF_D	p	
1171	1DVF_A	1DVF_D	p	
1172	1DVF_A	1DVF_B	p	
1173	2OOB_A	2OOB_B	p	
1174	1U7F_B	1U7F_C	p	
1175	1U7F_A	1U7F_B	p	
1176	3MZG_A	3MZG_B	p	
1177	3D5S_A	3D5S_C	p	
1178	3D5S_A	3D5S_D	p	
1179	3D5S_B	3D5S_C	p	
1180	3D5S_B	3D5S_D	p	
1181	3KBH_B	3KBH_H	p	
1182	3KBH_D	3KBH_H	p	
1183	3KBH_A	3KBH_H	p	
1184	3KBH_C	3KBH_H	p	
1185	3KBH_B	3KBH_F	p	
1186	3KBH_D	3KBH_F	p	
1187	3KBH_A	3KBH_F	p	
1188	3KBH_C	3KBH_F	p	
1189	3KBH_B	3KBH_E	p	
1190	3KBH_D	3KBH_E	p	
1191	3KBH_A	3KBH_E	p	
1192	3KBH_C	3KBH_E	p	
1193	3KBH_B	3KBH_G	p	
1194	3KBH_D	3KBH_G	p	
1195	3KBH_A	3KBH_G	p	
1196	3KBH_C	3KBH_G	p	
1197	4BFI_A	4BFI_B	p	
1198	1FY8_E	1FY8_I	p	
1199	3C60_B	3C60_F	p	
1200	3C60_F	3C60_H	p	
1201	3C60_D	3C60_F	p	
1202	3C60_A	3C60_F	p	
1203	3C60_C	3C60_F	p	
1204	3C60_F	3C60_G	p	
1205	3C60_E	3C60_F	p	
1206	3C60_B	3C60_H	p	
1207	3C60_B	3C60_D	p	
1208	3C60_A	3C60_B	p	
1209	3C60_B	3C60_C	p	
1210	3C60_B	3C60_G	p	
1211	3C60_B	3C60_E	p	
1212	3C60_A	3C60_H	p	
1213	3C60_C	3C60_H	p	
1214	3C60_G	3C60_H	p	
1215	3C60_E	3C60_H	p	
1216	3C60_A	3C60_D	p	
1217	3C60_C	3C60_D	p	
1218	3C60_D	3C60_G	p	
1219	3C60_D	3C60_E	p	
1220	3C60_A	3C60_C	p	
1221	3C60_A	3C60_G	p	
1222	3C60_A	3C60_E	p	
1223	3C60_C	3C60_E	p	
1224	3C60_E	3C60_G	p	
1225	3QDJ_A	3QDJ_D	p	
1226	3QDJ_D	3QDJ_E	p	
1227	3QDJ_C	3QDJ_D	p	
1228	3QDJ_B	3QDJ_D	p	
1229	3QDJ_A	3QDJ_E	p	
1230	3QDJ_A	3QDJ_C	p	
1231	3QDJ_A	3QDJ_B	p	
1232	3QDJ_C	3QDJ_E	p	
1233	3QDJ_B	3QDJ_E	p	
1234	3QDJ_B	3QDJ_C	p	
1235	4P5T_C	4P5T_D	p	
1236	4P5T_D	4P5T_F	p	
1237	4P5T_D	4P5T_E	p	
1238	4P5T_D	4P5T_G	p	
1239	4P5T_A	4P5T_D	p	
1240	4P5T_B	4P5T_D	p	
1241	4P5T_C	4P5T_F	p	
1242	4P5T_C	4P5T_E	p	
1243	4P5T_A	4P5T_C	p	
1244	4P5T_B	4P5T_C	p	
1245	4P5T_C	4P5T_H	p	
1246	4P5T_E	4P5T_F	p	
1247	4P5T_F	4P5T_G	p	
1248	4P5T_A	4P5T_F	p	
1249	4P5T_B	4P5T_F	p	
1250	4P5T_F	4P5T_H	p	
1251	4P5T_E	4P5T_G	p	
1252	4P5T_A	4P5T_E	p	
1253	4P5T_B	4P5T_E	p	
1254	4P5T_E	4P5T_H	p	
1255	4P5T_A	4P5T_G	p	
1256	4P5T_B	4P5T_G	p	
1257	4P5T_G	4P5T_H	p	
1258	4P5T_A	4P5T_B	p	
1259	4P5T_A	4P5T_H	p	
1260	4P5T_B	4P5T_H	p	
1261	4O27_A	4O27_B	p	
1262	4O27_A	4O27_C	p	
1263	4JFE_C	4JFE_D	p	
1264	4JFE_D	4JFE_E	p	
1265	4JFE_A	4JFE_D	p	
1266	4JFE_B	4JFE_D	p	
1267	4JFE_C	4JFE_E	p	
1268	4JFE_A	4JFE_C	p	
1269	4JFE_B	4JFE_C	p	
1270	4JFE_A	4JFE_E	p	
1271	4JFE_B	4JFE_E	p	
1272	4JFE_A	4JFE_B	p	
1273	4HSA_E	4HSA_F	p	
1274	4HSA_C	4HSA_E	p	
1275	4HSA_D	4HSA_F	p	
1276	4HSA_A	4HSA_F	p	
1277	4HSA_B	4HSA_F	p	
1278	4HSA_C	4HSA_D	p	
1279	4HSA_A	4HSA_C	p	
1280	4HSA_B	4HSA_C	p	
1281	2B0Z_A	2B0Z_B	p	
1282	2AK4_E	2AK4_T	p	
1283	2AK4_K	2AK4_T	p	
1284	2AK4_P	2AK4_T	p	
1285	2AK4_J	2AK4_T	p	
1286	2AK4_T	2AK4_U	p	
1287	2AK4_L	2AK4_T	p	
1288	2AK4_A	2AK4_T	p	
1289	2AK4_R	2AK4_T	p	
1290	2AK4_G	2AK4_T	p	
1291	2AK4_H	2AK4_T	p	
1292	2AK4_S	2AK4_T	p	
1293	2AK4_C	2AK4_T	p	
1294	2AK4_Q	2AK4_T	p	
1295	2AK4_M	2AK4_T	p	
1296	2AK4_F	2AK4_T	p	
1297	2AK4_B	2AK4_T	p	
1298	2AK4_E	2AK4_K	p	
1299	2AK4_E	2AK4_I	p	
1300	2AK4_D	2AK4_E	p	
1301	2AK4_E	2AK4_L	p	
1302	2AK4_A	2AK4_E	p	
1303	2AK4_E	2AK4_R	p	
1304	2AK4_E	2AK4_N	p	
1305	2AK4_E	2AK4_G	p	
1306	2AK4_E	2AK4_H	p	
1307	2AK4_E	2AK4_S	p	
1308	2AK4_C	2AK4_E	p	
1309	2AK4_E	2AK4_Q	p	
1310	2AK4_E	2AK4_M	p	
1311	2AK4_E	2AK4_F	p	
1312	2AK4_B	2AK4_E	p	
1313	2AK4_I	2AK4_K	p	
1314	2AK4_K	2AK4_P	p	
1315	2AK4_J	2AK4_K	p	
1316	2AK4_K	2AK4_U	p	
1317	2AK4_D	2AK4_K	p	
1318	2AK4_K	2AK4_L	p	
1319	2AK4_K	2AK4_R	p	
1320	2AK4_K	2AK4_N	p	
1321	2AK4_G	2AK4_K	p	
1322	2AK4_H	2AK4_K	p	
1323	2AK4_K	2AK4_S	p	
1324	2AK4_C	2AK4_K	p	
1325	2AK4_K	2AK4_M	p	
1326	2AK4_B	2AK4_K	p	
1327	2AK4_I	2AK4_P	p	
1328	2AK4_I	2AK4_J	p	
1329	2AK4_I	2AK4_U	p	
1330	2AK4_I	2AK4_L	p	
1331	2AK4_A	2AK4_I	p	
1332	2AK4_I	2AK4_R	p	
1333	2AK4_G	2AK4_I	p	
1334	2AK4_H	2AK4_I	p	
1335	2AK4_I	2AK4_S	p	
1336	2AK4_C	2AK4_I	p	
1337	2AK4_I	2AK4_Q	p	
1338	2AK4_I	2AK4_M	p	
1339	2AK4_F	2AK4_I	p	
1340	2AK4_B	2AK4_I	p	
1341	2AK4_D	2AK4_P	p	
1342	2AK4_L	2AK4_P	p	
1343	2AK4_A	2AK4_P	p	
1344	2AK4_P	2AK4_R	p	
1345	2AK4_N	2AK4_P	p	
1346	2AK4_G	2AK4_P	p	
1347	2AK4_H	2AK4_P	p	
1348	2AK4_P	2AK4_S	p	
1349	2AK4_C	2AK4_P	p	
1350	2AK4_P	2AK4_Q	p	
1351	2AK4_M	2AK4_P	p	
1352	2AK4_F	2AK4_P	p	
1353	2AK4_B	2AK4_P	p	
1354	2AK4_D	2AK4_J	p	
1355	2AK4_J	2AK4_L	p	
1356	2AK4_A	2AK4_J	p	
1357	2AK4_J	2AK4_R	p	
1358	2AK4_J	2AK4_N	p	
1359	2AK4_G	2AK4_J	p	
1360	2AK4_H	2AK4_J	p	
1361	2AK4_J	2AK4_S	p	
1362	2AK4_C	2AK4_J	p	
1363	2AK4_J	2AK4_Q	p	
1364	2AK4_J	2AK4_M	p	
1365	2AK4_F	2AK4_J	p	
1366	2AK4_B	2AK4_J	p	
1367	2AK4_D	2AK4_U	p	
1368	2AK4_L	2AK4_U	p	
1369	2AK4_A	2AK4_U	p	
1370	2AK4_R	2AK4_U	p	
1371	2AK4_N	2AK4_U	p	
1372	2AK4_G	2AK4_U	p	
1373	2AK4_H	2AK4_U	p	
1374	2AK4_S	2AK4_U	p	
1375	2AK4_C	2AK4_U	p	
1376	2AK4_Q	2AK4_U	p	
1377	2AK4_M	2AK4_U	p	
1378	2AK4_F	2AK4_U	p	
1379	2AK4_B	2AK4_U	p	
1380	2AK4_D	2AK4_L	p	
1381	2AK4_A	2AK4_D	p	
1382	2AK4_D	2AK4_R	p	
1383	2AK4_D	2AK4_G	p	
1384	2AK4_D	2AK4_H	p	
1385	2AK4_D	2AK4_S	p	
1386	2AK4_C	2AK4_D	p	
1387	2AK4_D	2AK4_Q	p	
1388	2AK4_D	2AK4_M	p	
1389	2AK4_D	2AK4_F	p	
1390	2AK4_B	2AK4_D	p	
1391	2AK4_A	2AK4_L	p	
1392	2AK4_L	2AK4_N	p	
1393	2AK4_H	2AK4_L	p	
1394	2AK4_L	2AK4_S	p	
1395	2AK4_C	2AK4_L	p	
1396	2AK4_L	2AK4_Q	p	
1397	2AK4_L	2AK4_M	p	
1398	2AK4_F	2AK4_L	p	
1399	2AK4_A	2AK4_R	p	
1400	2AK4_A	2AK4_N	p	
1401	2AK4_A	2AK4_G	p	
1402	2AK4_A	2AK4_H	p	
1403	2AK4_A	2AK4_S	p	
1404	2AK4_A	2AK4_C	p	
1405	2AK4_A	2AK4_M	p	
1406	2AK4_A	2AK4_B	p	
1407	2AK4_N	2AK4_R	p	
1408	2AK4_H	2AK4_R	p	
1409	2AK4_R	2AK4_S	p	
1410	2AK4_C	2AK4_R	p	
1411	2AK4_Q	2AK4_R	p	
1412	2AK4_M	2AK4_R	p	
1413	2AK4_F	2AK4_R	p	
1414	2AK4_G	2AK4_N	p	
1415	2AK4_H	2AK4_N	p	
1416	2AK4_N	2AK4_S	p	
1417	2AK4_C	2AK4_N	p	
1418	2AK4_N	2AK4_Q	p	
1419	2AK4_M	2AK4_N	p	
1420	2AK4_F	2AK4_N	p	
1421	2AK4_B	2AK4_N	p	
1422	2AK4_G	2AK4_H	p	
1423	2AK4_G	2AK4_S	p	
1424	2AK4_C	2AK4_G	p	
1425	2AK4_G	2AK4_Q	p	
1426	2AK4_G	2AK4_M	p	
1427	2AK4_F	2AK4_G	p	
1428	2AK4_H	2AK4_Q	p	
1429	2AK4_F	2AK4_H	p	
1430	2AK4_B	2AK4_H	p	
1431	2AK4_Q	2AK4_S	p	
1432	2AK4_F	2AK4_S	p	
1433	2AK4_B	2AK4_S	p	
1434	2AK4_C	2AK4_Q	p	
1435	2AK4_C	2AK4_F	p	
1436	2AK4_B	2AK4_C	p	
1437	2AK4_M	2AK4_Q	p	
1438	2AK4_B	2AK4_Q	p	
1439	2AK4_F	2AK4_M	p	
1440	2AK4_B	2AK4_M	p	
1441	2AK4_B	2AK4_F	p	
1442	1X1W_A	1X1W_D	p	
1443	1X1W_C	1X1W_D	p	
1444	1X1W_B	1X1W_D	p	
1445	1X1W_A	1X1W_F	p	
1446	1X1W_C	1X1W_F	p	
1447	1X1W_B	1X1W_F	p	
1448	1X1W_A	1X1W_E	p	
1449	1X1W_C	1X1W_E	p	
1450	1X1W_B	1X1W_E	p	
1451	2G2W_A	2G2W_B	p	
1452	3RF3_A	3RF3_D	p	
1453	3RF3_B	3RF3_D	p	
1454	3RF3_A	3RF3_C	p	
1455	3RF3_B	3RF3_C	p	
1456	4P23_A	4P23_D	p	
1457	4P23_B	4P23_D	p	
1458	4P23_C	4P23_D	p	
1459	4P23_A	4P23_B	p	
1460	4P23_A	4P23_C	p	
1461	4P23_B	4P23_C	p	
1462	3BX1_A	3BX1_D	p	
1463	3BX1_B	3BX1_D	p	
1464	3BX1_A	3BX1_C	p	
1465	3BX1_B	3BX1_C	p	
1466	2BDN_A	2BDN_H	p	
1467	2BDN_A	2BDN_L	p	
1468	2BDN_H	2BDN_L	p	
1469	1FFW_C	1FFW_D	p	
1470	1FFW_B	1FFW_C	p	
1471	1FFW_A	1FFW_D	p	
1472	1FFW_A	1FFW_B	p	
1473	4KRL_A	4KRL_B	p	
1474	3KUD_A	3KUD_B	p	
1475	2NZ9_B	2NZ9_C	p	
1476	2NZ9_B	2NZ9_F	p	
1477	2NZ9_B	2NZ9_E	p	
1478	2NZ9_B	2NZ9_D	p	
1479	2NZ9_C	2NZ9_F	p	
1480	2NZ9_C	2NZ9_E	p	
1481	2NZ9_A	2NZ9_C	p	
1482	2NZ9_C	2NZ9_D	p	
1483	2NZ9_E	2NZ9_F	p	
1484	2NZ9_A	2NZ9_F	p	
1485	2NZ9_D	2NZ9_F	p	
1486	2NZ9_A	2NZ9_E	p	
1487	2NZ9_D	2NZ9_E	p	
1488	2NZ9_A	2NZ9_D	p	
1489	3SGB_E	3SGB_I	p	
1490	1CSE_E	1CSE_I	p	
1491	1K8R_A	1K8R_B	p	
1492	2PCC_A	2PCC_D	p	
1493	2PCC_A	2PCC_B	p	
1494	2PCC_C	2PCC_D	p	
1495	2PCC_B	2PCC_C	p	
1496	3Q3J_A	3Q3J_B	p	
1497	3UIG_B	3UIG_P	p	
1498	3UIG_B	3UIG_Q	p	
1499	3UIG_A	3UIG_P	p	
1500	3UIG_A	3UIG_Q	p	
1501	1ACB_E	1ACB_I	p	
1502	1FCC_A	1FCC_D	p	
1503	1FCC_B	1FCC_D	p	
1504	1FCC_A	1FCC_C	p	
1505	1FCC_B	1FCC_C	p	
1506	1TO1_E	1TO1_I	p	
1507	2C5D_B	2C5D_C	p	
1508	2C5D_B	2C5D_D	p	
1509	2C5D_A	2C5D_C	p	
1510	2C5D_A	2C5D_D	p	
1511	3SE3_B	3SE3_C	p	
1512	3SE3_A	3SE3_B	p	
1513	3SE3_A	3SE3_C	p	
1514	1N8O_B	1N8O_E	p	
1515	1N8O_A	1N8O_E	p	
1516	1N8O_C	1N8O_E	p	
1517	4NKQ_A	4NKQ_C	p	
1518	4NKQ_B	4NKQ_C	p	
1519	4NKQ_A	4NKQ_B	p	
1520	2JCC_A	2JCC_I	p	
1521	2JCC_I	2JCC_L	p	
1522	2JCC_H	2JCC_I	p	
1523	2JCC_C	2JCC_I	p	
1524	2JCC_E	2JCC_I	p	
1525	2JCC_F	2JCC_I	p	
1526	2JCC_I	2JCC_J	p	
1527	2JCC_I	2JCC_M	p	
1528	2JCC_A	2JCC_B	p	
1529	2JCC_B	2JCC_L	p	
1530	2JCC_B	2JCC_H	p	
1531	2JCC_B	2JCC_C	p	
1532	2JCC_B	2JCC_E	p	
1533	2JCC_B	2JCC_F	p	
1534	2JCC_B	2JCC_J	p	
1535	2JCC_B	2JCC_M	p	
1536	2JCC_A	2JCC_L	p	
1537	2JCC_A	2JCC_C	p	
1538	2JCC_A	2JCC_E	p	
1539	2JCC_A	2JCC_F	p	
1540	2JCC_A	2JCC_J	p	
1541	2JCC_A	2JCC_M	p	
1542	2JCC_H	2JCC_L	p	
1543	2JCC_C	2JCC_L	p	
1544	2JCC_F	2JCC_L	p	
1545	2JCC_J	2JCC_L	p	
1546	2JCC_L	2JCC_M	p	
1547	2JCC_C	2JCC_H	p	
1548	2JCC_E	2JCC_H	p	
1549	2JCC_F	2JCC_H	p	
1550	2JCC_H	2JCC_J	p	
1551	2JCC_H	2JCC_M	p	
1552	2JCC_C	2JCC_E	p	
1553	2JCC_C	2JCC_F	p	
1554	2JCC_C	2JCC_M	p	
1555	2JCC_E	2JCC_F	p	
1556	2JCC_E	2JCC_J	p	
1557	2JCC_E	2JCC_M	p	
1558	2JCC_F	2JCC_J	p	
1559	2JCC_F	2JCC_M	p	
1560	2JCC_J	2JCC_M	p	
1561	4RS1_A	4RS1_B	p	
1562	1Z7X_X	1Z7X_Y	p	
1563	1Z7X_W	1Z7X_X	p	
1564	1Z7X_Y	1Z7X_Z	p	
1565	1Z7X_W	1Z7X_Z	p	
1566	1MLC_A	1MLC_B	p	
1567	1MLC_A	1MLC_E	p	
1568	1MLC_A	1MLC_D	p	
1569	1MLC_A	1MLC_F	p	
1570	1MLC_B	1MLC_C	p	
1571	1MLC_B	1MLC_E	p	
1572	1MLC_B	1MLC_F	p	
1573	1MLC_C	1MLC_E	p	
1574	1MLC_C	1MLC_D	p	
1575	1MLC_C	1MLC_F	p	
1576	1MLC_D	1MLC_E	p	
1577	1MLC_D	1MLC_F	p	
1578	1XD3_A	1XD3_D	p	
1579	1XD3_A	1XD3_B	p	
1580	1XD3_C	1XD3_D	p	
1581	1XD3_B	1XD3_C	p	
1582	1TMG_E	1TMG_I	p	
1583	3M63_A	3M63_B	p	
1584	4MYW_B	4MYW_C	p	
1585	4MYW_A	4MYW_B	p	
1586	4MYW_C	4MYW_D	p	
1587	4MYW_A	4MYW_D	p	
1588	1Y48_E	1Y48_I	p	
1589	2C0L_A	2C0L_B	p	
1590	2VIS_B	2VIS_C	p	
1591	2VIS_A	2VIS_B	p	
1592	2VIS_A	2VIS_C	p	
1593	2VLQ_A	2VLQ_B	p	
1594	1M9E_B	1M9E_D	p	
1595	1M9E_B	1M9E_C	p	
1596	1M9E_A	1M9E_D	p	
1597	1M9E_A	1M9E_C	p	
1598	4EKD_A	4EKD_B	p	
1599	1YCS_A	1YCS_B	p	
1600	1Y3B_E	1Y3B_I	p	
1601	2BNR_C	2BNR_D	p	
1602	2BNR_B	2BNR_D	p	
1603	2BNR_A	2BNR_D	p	
1604	2BNR_D	2BNR_E	p	
1605	2BNR_B	2BNR_C	p	
1606	2BNR_A	2BNR_C	p	
1607	2BNR_C	2BNR_E	p	
1608	2BNR_A	2BNR_B	p	
1609	2BNR_B	2BNR_E	p	
1610	2BNR_A	2BNR_E	p	
1611	1XGQ_A	1XGQ_C	p	
1612	1XGQ_A	1XGQ_B	p	
1613	1XGQ_B	1XGQ_C	p	
1614	2J1K_A	2J1K_I	p	
1615	2J1K_A	2J1K_M	p	
1616	2J1K_A	2J1K_C	p	
1617	2J1K_A	2J1K_R	p	
1618	2J1K_A	2J1K_L	p	
1619	2J1K_A	2J1K_E	p	
1620	2J1K_A	2J1K_Q	p	
1621	2J1K_A	2J1K_F	p	
1622	2J1K_A	2J1K_N	p	
1623	2J1K_A	2J1K_S	p	
1624	2J1K_A	2J1K_D	p	
1625	2J1K_A	2J1K_H	p	
1626	2J1K_I	2J1K_J	p	
1627	2J1K_J	2J1K_M	p	
1628	2J1K_C	2J1K_J	p	
1629	2J1K_J	2J1K_R	p	
1630	2J1K_J	2J1K_L	p	
1631	2J1K_E	2J1K_J	p	
1632	2J1K_J	2J1K_Q	p	
1633	2J1K_F	2J1K_J	p	
1634	2J1K_J	2J1K_N	p	
1635	2J1K_J	2J1K_S	p	
1636	2J1K_D	2J1K_J	p	
1637	2J1K_H	2J1K_J	p	
1638	2J1K_B	2J1K_I	p	
1639	2J1K_B	2J1K_M	p	
1640	2J1K_B	2J1K_C	p	
1641	2J1K_B	2J1K_R	p	
1642	2J1K_B	2J1K_L	p	
1643	2J1K_B	2J1K_E	p	
1644	2J1K_B	2J1K_Q	p	
1645	2J1K_B	2J1K_F	p	
1646	2J1K_B	2J1K_N	p	
1647	2J1K_B	2J1K_S	p	
1648	2J1K_B	2J1K_D	p	
1649	2J1K_B	2J1K_H	p	
1650	2J1K_G	2J1K_I	p	
1651	2J1K_I	2J1K_T	p	
1652	2J1K_I	2J1K_P	p	
1653	2J1K_I	2J1K_V	p	
1654	2J1K_I	2J1K_Y	p	
1655	2J1K_I	2J1K_O	p	
1656	2J1K_I	2J1K_X	p	
1657	2J1K_I	2J1K_Z	p	
1658	2J1K_I	2J1K_K	p	
1659	2J1K_G	2J1K_M	p	
1660	2J1K_M	2J1K_T	p	
1661	2J1K_M	2J1K_P	p	
1662	2J1K_M	2J1K_V	p	
1663	2J1K_M	2J1K_Y	p	
1664	2J1K_M	2J1K_O	p	
1665	2J1K_M	2J1K_X	p	
1666	2J1K_M	2J1K_Z	p	
1667	2J1K_K	2J1K_M	p	
1668	2J1K_C	2J1K_G	p	
1669	2J1K_G	2J1K_R	p	
1670	2J1K_G	2J1K_L	p	
1671	2J1K_E	2J1K_G	p	
1672	2J1K_G	2J1K_Q	p	
1673	2J1K_F	2J1K_G	p	
1674	2J1K_G	2J1K_N	p	
1675	2J1K_G	2J1K_S	p	
1676	2J1K_D	2J1K_G	p	
1677	2J1K_G	2J1K_H	p	
1678	2J1K_C	2J1K_T	p	
1679	2J1K_C	2J1K_P	p	
1680	2J1K_C	2J1K_V	p	
1681	2J1K_C	2J1K_Y	p	
1682	2J1K_C	2J1K_O	p	
1683	2J1K_C	2J1K_X	p	
1684	2J1K_C	2J1K_Z	p	
1685	2J1K_C	2J1K_K	p	
1686	2J1K_R	2J1K_T	p	
1687	2J1K_P	2J1K_R	p	
1688	2J1K_R	2J1K_V	p	
1689	2J1K_R	2J1K_Y	p	
1690	2J1K_O	2J1K_R	p	
1691	2J1K_R	2J1K_X	p	
1692	2J1K_R	2J1K_Z	p	
1693	2J1K_K	2J1K_R	p	
1694	2J1K_L	2J1K_T	p	
1695	2J1K_E	2J1K_T	p	
1696	2J1K_Q	2J1K_T	p	
1697	2J1K_F	2J1K_T	p	
1698	2J1K_N	2J1K_T	p	
1699	2J1K_S	2J1K_T	p	
1700	2J1K_D	2J1K_T	p	
1701	2J1K_H	2J1K_T	p	
1702	2J1K_L	2J1K_P	p	
1703	2J1K_L	2J1K_V	p	
1704	2J1K_L	2J1K_Y	p	
1705	2J1K_L	2J1K_O	p	
1706	2J1K_L	2J1K_X	p	
1707	2J1K_L	2J1K_Z	p	
1708	2J1K_K	2J1K_L	p	
1709	2J1K_E	2J1K_P	p	
1710	2J1K_E	2J1K_V	p	
1711	2J1K_E	2J1K_Y	p	
1712	2J1K_E	2J1K_O	p	
1713	2J1K_E	2J1K_X	p	
1714	2J1K_E	2J1K_Z	p	
1715	2J1K_E	2J1K_K	p	
1716	2J1K_P	2J1K_Q	p	
1717	2J1K_F	2J1K_P	p	
1718	2J1K_N	2J1K_P	p	
1719	2J1K_P	2J1K_S	p	
1720	2J1K_D	2J1K_P	p	
1721	2J1K_H	2J1K_P	p	
1722	2J1K_Q	2J1K_V	p	
1723	2J1K_Q	2J1K_Y	p	
1724	2J1K_O	2J1K_Q	p	
1725	2J1K_Q	2J1K_X	p	
1726	2J1K_Q	2J1K_Z	p	
1727	2J1K_K	2J1K_Q	p	
1728	2J1K_F	2J1K_V	p	
1729	2J1K_N	2J1K_V	p	
1730	2J1K_S	2J1K_V	p	
1731	2J1K_D	2J1K_V	p	
1732	2J1K_H	2J1K_V	p	
1733	2J1K_F	2J1K_Y	p	
1734	2J1K_F	2J1K_O	p	
1735	2J1K_F	2J1K_X	p	
1736	2J1K_F	2J1K_Z	p	
1737	2J1K_F	2J1K_K	p	
1738	2J1K_N	2J1K_Y	p	
1739	2J1K_N	2J1K_O	p	
1740	2J1K_N	2J1K_X	p	
1741	2J1K_N	2J1K_Z	p	
1742	2J1K_K	2J1K_N	p	
1743	2J1K_S	2J1K_Y	p	
1744	2J1K_D	2J1K_Y	p	
1745	2J1K_H	2J1K_Y	p	
1746	2J1K_O	2J1K_S	p	
1747	2J1K_S	2J1K_X	p	
1748	2J1K_S	2J1K_Z	p	
1749	2J1K_K	2J1K_S	p	
1750	2J1K_D	2J1K_O	p	
1751	2J1K_H	2J1K_O	p	
1752	2J1K_D	2J1K_X	p	
1753	2J1K_H	2J1K_X	p	
1754	2J1K_D	2J1K_Z	p	
1755	2J1K_H	2J1K_Z	p	
1756	2J1K_D	2J1K_K	p	
1757	2J1K_H	2J1K_K	p	
1758	1B2U_B	1B2U_D	p	
1759	1B2U_A	1B2U_D	p	
1760	1B2U_C	1B2U_D	p	
1761	1B2U_B	1B2U_E	p	
1762	1B2U_A	1B2U_E	p	
1763	1B2U_C	1B2U_E	p	
1764	1B2U_B	1B2U_F	p	
1765	1B2U_A	1B2U_F	p	
1766	1B2U_C	1B2U_F	p	
1767	2DVW_A	2DVW_B	p	
1768	3AAA_B	3AAA_C	p	
1769	3AAA_A	3AAA_C	p	
1770	3AAA_A	3AAA_B	p	
1771	1C4Z_B	1C4Z_D	p	
1772	1C4Z_A	1C4Z_D	p	
1773	1C4Z_C	1C4Z_D	p	
1774	2UWE_E	2UWE_M	p	
1775	2UWE_E	2UWE_J	p	
1776	2UWE_E	2UWE_F	p	
1777	2UWE_B	2UWE_E	p	
1778	2UWE_E	2UWE_L	p	
1779	2UWE_C	2UWE_E	p	
1780	2UWE_E	2UWE_H	p	
1781	2UWE_E	2UWE_I	p	
1782	2UWE_A	2UWE_E	p	
1783	2UWE_J	2UWE_M	p	
1784	2UWE_B	2UWE_M	p	
1785	2UWE_L	2UWE_M	p	
1786	2UWE_C	2UWE_M	p	
1787	2UWE_H	2UWE_M	p	
1788	2UWE_I	2UWE_M	p	
1789	2UWE_A	2UWE_M	p	
1790	2UWE_F	2UWE_J	p	
1791	2UWE_B	2UWE_J	p	
1792	2UWE_J	2UWE_L	p	
1793	2UWE_H	2UWE_J	p	
1794	2UWE_I	2UWE_J	p	
1795	2UWE_A	2UWE_J	p	
1796	2UWE_B	2UWE_F	p	
1797	2UWE_F	2UWE_L	p	
1798	2UWE_C	2UWE_F	p	
1799	2UWE_F	2UWE_H	p	
1800	2UWE_F	2UWE_I	p	
1801	2UWE_A	2UWE_F	p	
1802	2UWE_B	2UWE_L	p	
1803	2UWE_B	2UWE_C	p	
1804	2UWE_B	2UWE_H	p	
1805	2UWE_A	2UWE_B	p	
1806	2UWE_C	2UWE_L	p	
1807	2UWE_H	2UWE_L	p	
1808	2UWE_I	2UWE_L	p	
1809	2UWE_A	2UWE_L	p	
1810	2UWE_C	2UWE_H	p	
1811	2UWE_C	2UWE_I	p	
1812	2UWE_A	2UWE_C	p	
1813	2UWE_H	2UWE_I	p	
1814	2UWE_A	2UWE_I	p	
1815	2I26_O	2I26_Q	p	
1816	2I26_N	2I26_Q	p	
1817	2I26_P	2I26_Q	p	
1818	2I26_M	2I26_O	p	
1819	2I26_L	2I26_O	p	
1820	2I26_M	2I26_N	p	
1821	2I26_L	2I26_N	p	
1822	2I26_M	2I26_P	p	
1823	2I26_L	2I26_P	p	
1824	2NYY_C	2NYY_D	p	
1825	2NYY_A	2NYY_C	p	
1826	2NYY_A	2NYY_D	p	
1827	4PWX_D	4PWX_E	p	
1828	4PWX_B	4PWX_D	p	
1829	4PWX_A	4PWX_D	p	
1830	4PWX_C	4PWX_D	p	
1831	4PWX_B	4PWX_E	p	
1832	4PWX_A	4PWX_E	p	
1833	4PWX_E	4PWX_F	p	
1834	4PWX_B	4PWX_F	p	
1835	4PWX_B	4PWX_C	p	
1836	4PWX_A	4PWX_F	p	
1837	4PWX_A	4PWX_C	p	
1838	4PWX_C	4PWX_F	p	
1839	2HLE_A	2HLE_B	p	
1840	4K71_A	4K71_B	p	
1841	4K71_B	4K71_D	p	
1842	4K71_B	4K71_F	p	
1843	4K71_B	4K71_C	p	
1844	4K71_A	4K71_E	p	
1845	4K71_A	4K71_F	p	
1846	4K71_A	4K71_C	p	
1847	4K71_D	4K71_E	p	
1848	4K71_D	4K71_F	p	
1849	4K71_C	4K71_D	p	
1850	4K71_E	4K71_F	p	
1851	4K71_C	4K71_E	p	
1852	1JTD_A	1JTD_B	p	
1853	2PCB_A	2PCB_B	p	
1854	2PCB_B	2PCB_C	p	
1855	1LP9_I	1LP9_J	p	
1856	1LP9_C	1LP9_I	p	
1857	1LP9_H	1LP9_I	p	
1858	1LP9_F	1LP9_I	p	
1859	1LP9_I	1LP9_M	p	
1860	1LP9_I	1LP9_L	p	
1861	1LP9_A	1LP9_I	p	
1862	1LP9_E	1LP9_I	p	
1863	1LP9_H	1LP9_J	p	
1864	1LP9_F	1LP9_J	p	
1865	1LP9_J	1LP9_M	p	
1866	1LP9_B	1LP9_J	p	
1867	1LP9_J	1LP9_L	p	
1868	1LP9_A	1LP9_J	p	
1869	1LP9_E	1LP9_J	p	
1870	1LP9_C	1LP9_H	p	
1871	1LP9_C	1LP9_F	p	
1872	1LP9_C	1LP9_M	p	
1873	1LP9_B	1LP9_C	p	
1874	1LP9_C	1LP9_L	p	
1875	1LP9_A	1LP9_C	p	
1876	1LP9_C	1LP9_E	p	
1877	1LP9_F	1LP9_H	p	
1878	1LP9_H	1LP9_M	p	
1879	1LP9_B	1LP9_H	p	
1880	1LP9_H	1LP9_L	p	
1881	1LP9_E	1LP9_H	p	
1882	1LP9_B	1LP9_F	p	
1883	1LP9_F	1LP9_L	p	
1884	1LP9_A	1LP9_F	p	
1885	1LP9_E	1LP9_F	p	
1886	1LP9_B	1LP9_M	p	
1887	1LP9_L	1LP9_M	p	
1888	1LP9_A	1LP9_M	p	
1889	1LP9_E	1LP9_M	p	
1890	1LP9_B	1LP9_L	p	
1891	1LP9_A	1LP9_B	p	
1892	1LP9_B	1LP9_E	p	
1893	1LP9_A	1LP9_L	p	
1894	1LP9_A	1LP9_E	p	
1895	4G2V_A	4G2V_B	p	
1896	2AJF_B	2AJF_F	p	
1897	2AJF_B	2AJF_E	p	
1898	2AJF_A	2AJF_F	p	
1899	2AJF_A	2AJF_E	p	
1900	4J2L_A	4J2L_D	p	
1901	4J2L_A	4J2L_C	p	
1902	4J2L_B	4J2L_D	p	
1903	4J2L_B	4J2L_C	p	
1904	1DAN_L	1DAN_T	p	
1905	1DAN_H	1DAN_T	p	
1906	1DAN_L	1DAN_U	p	
1907	1DAN_H	1DAN_U	p	
1908	1S0W_B	1S0W_C	p	
1909	1S0W_A	1S0W_C	p	
1910	1S0W_B	1S0W_D	p	
1911	1S0W_A	1S0W_D	p	
1912	1LFD_A	1LFD_D	p	
1913	1LFD_A	1LFD_B	p	
1914	1LFD_C	1LFD_D	p	
1915	1LFD_B	1LFD_C	p	
1916	1N8Z_B	1N8Z_C	p	
1917	1N8Z_A	1N8Z_B	p	
1918	1N8Z_A	1N8Z_C	p	
1919	4HFK_A	4HFK_B	p	
1920	4HFK_B	4HFK_C	p	
1921	4HFK_A	4HFK_D	p	
1922	4HFK_C	4HFK_D	p	
1923	4X4M_A	4X4M_E	p	
1924	4X4M_D	4X4M_E	p	
1925	4X4M_B	4X4M_E	p	
1926	4X4M_C	4X4M_E	p	
1927	4X4M_A	4X4M_F	p	
1928	4X4M_D	4X4M_F	p	
1929	4X4M_B	4X4M_F	p	
1930	4X4M_C	4X4M_F	p	
1931	2NU4_E	2NU4_I	p	
1932	3QIB_A	3QIB_B	p	
1933	3QIB_A	3QIB_D	p	
1934	3QIB_A	3QIB_P	p	
1935	3QIB_A	3QIB_C	p	
1936	3QIB_B	3QIB_D	p	
1937	3QIB_B	3QIB_P	p	
1938	3QIB_B	3QIB_C	p	
1939	3QIB_D	3QIB_P	p	
1940	3QIB_C	3QIB_D	p	
1941	3QIB_C	3QIB_P	p	
1942	3LZF_A	3LZF_H	p	
1943	3LZF_A	3LZF_L	p	
1944	3LZF_B	3LZF_H	p	
1945	3LZF_B	3LZF_L	p	
1946	3LZF_H	3LZF_L	p	
1947	2VLR_A	2VLR_D	p	
1948	2VLR_D	2VLR_J	p	
1949	2VLR_B	2VLR_D	p	
1950	2VLR_D	2VLR_G	p	
1951	2VLR_D	2VLR_F	p	
1952	2VLR_C	2VLR_D	p	
1953	2VLR_D	2VLR_E	p	
1954	2VLR_D	2VLR_H	p	
1955	2VLR_A	2VLR_I	p	
1956	2VLR_I	2VLR_J	p	
1957	2VLR_B	2VLR_I	p	
1958	2VLR_G	2VLR_I	p	
1959	2VLR_F	2VLR_I	p	
1960	2VLR_C	2VLR_I	p	
1961	2VLR_E	2VLR_I	p	
1962	2VLR_H	2VLR_I	p	
1963	2VLR_A	2VLR_J	p	
1964	2VLR_A	2VLR_B	p	
1965	2VLR_A	2VLR_G	p	
1966	2VLR_A	2VLR_C	p	
1967	2VLR_A	2VLR_E	p	
1968	2VLR_A	2VLR_H	p	
1969	2VLR_B	2VLR_J	p	
1970	2VLR_G	2VLR_J	p	
1971	2VLR_F	2VLR_J	p	
1972	2VLR_C	2VLR_J	p	
1973	2VLR_H	2VLR_J	p	
1974	2VLR_B	2VLR_F	p	
1975	2VLR_B	2VLR_C	p	
1976	2VLR_B	2VLR_E	p	
1977	2VLR_B	2VLR_H	p	
1978	2VLR_F	2VLR_G	p	
1979	2VLR_C	2VLR_G	p	
1980	2VLR_E	2VLR_G	p	
1981	2VLR_G	2VLR_H	p	
1982	2VLR_C	2VLR_F	p	
1983	2VLR_E	2VLR_F	p	
1984	2VLR_F	2VLR_H	p	
1985	2VLR_C	2VLR_E	p	
1986	2VLR_E	2VLR_H	p	
1987	3BP8_A	3BP8_D	p	
1988	3BP8_A	3BP8_C	p	
1989	3BP8_B	3BP8_D	p	
1990	3BP8_B	3BP8_C	p	
1991	3LB6_A	3LB6_D	p	
1992	3LB6_A	3LB6_C	p	
1993	3LB6_B	3LB6_D	p	
1994	3LB6_B	3LB6_C	p	
1995	2J8U_I	2J8U_J	p	
1996	2J8U_J	2J8U_M	p	
1997	2J8U_H	2J8U_J	p	
1998	2J8U_B	2J8U_J	p	
1999	2J8U_E	2J8U_J	p	
2000	2J8U_J	2J8U_L	p	
2001	2J8U_A	2J8U_J	p	
2002	2J8U_F	2J8U_J	p	
2003	2J8U_I	2J8U_M	p	
2004	2J8U_H	2J8U_I	p	
2005	2J8U_E	2J8U_I	p	
2006	2J8U_I	2J8U_L	p	
2007	2J8U_C	2J8U_I	p	
2008	2J8U_A	2J8U_I	p	
2009	2J8U_F	2J8U_I	p	
2010	2J8U_H	2J8U_M	p	
2011	2J8U_B	2J8U_M	p	
2012	2J8U_E	2J8U_M	p	
2013	2J8U_L	2J8U_M	p	
2014	2J8U_C	2J8U_M	p	
2015	2J8U_A	2J8U_M	p	
2016	2J8U_B	2J8U_H	p	
2017	2J8U_E	2J8U_H	p	
2018	2J8U_H	2J8U_L	p	
2019	2J8U_C	2J8U_H	p	
2020	2J8U_F	2J8U_H	p	
2021	2J8U_B	2J8U_E	p	
2022	2J8U_B	2J8U_L	p	
2023	2J8U_B	2J8U_C	p	
2024	2J8U_A	2J8U_B	p	
2025	2J8U_B	2J8U_F	p	
2026	2J8U_C	2J8U_E	p	
2027	2J8U_A	2J8U_E	p	
2028	2J8U_E	2J8U_F	p	
2029	2J8U_C	2J8U_L	p	
2030	2J8U_A	2J8U_L	p	
2031	2J8U_F	2J8U_L	p	
2032	2J8U_A	2J8U_C	p	
2033	2J8U_C	2J8U_F	p	
2034	2J8U_A	2J8U_F	p	
2035	2NU2_E	2NU2_I	p	
2036	3SF4_C	3SF4_F	p	
2037	3SF4_A	3SF4_F	p	
2038	3SF4_B	3SF4_F	p	
2039	3SF4_C	3SF4_E	p	
2040	3SF4_C	3SF4_D	p	
2041	3SF4_A	3SF4_E	p	
2042	3SF4_B	3SF4_E	p	
2043	3SF4_A	3SF4_D	p	
2044	3SF4_B	3SF4_D	p	
2045	1JTG_C	1JTG_D	p	
2046	1JTG_A	1JTG_D	p	
2047	1JTG_B	1JTG_C	p	
2048	1JTG_A	1JTG_B	p	
2049	3QFJ_B	3QFJ_D	p	
2050	3QFJ_C	3QFJ_D	p	
2051	3QFJ_D	3QFJ_E	p	
2052	3QFJ_A	3QFJ_D	p	
2053	3QFJ_B	3QFJ_C	p	
2054	3QFJ_B	3QFJ_E	p	
2055	3QFJ_A	3QFJ_B	p	
2056	3QFJ_C	3QFJ_E	p	
2057	3QFJ_A	3QFJ_C	p	
2058	3QFJ_A	3QFJ_E	p	
2059	4RA0_A	4RA0_C	p	
2060	4RA0_A	4RA0_D	p	
2061	4RA0_B	4RA0_C	p	
2062	4RA0_B	4RA0_D	p	
2063	1SGY_E	1SGY_I	p	
2064	3BK3_A	3BK3_C	p	
2065	3BK3_A	3BK3_D	p	
2066	3BK3_B	3BK3_C	p	
2067	3BK3_B	3BK3_D	p	
2068	2P5E_A	2P5E_D	p	
2069	2P5E_B	2P5E_D	p	
2070	2P5E_C	2P5E_D	p	
2071	2P5E_D	2P5E_E	p	
2072	2P5E_A	2P5E_B	p	
2073	2P5E_A	2P5E_C	p	
2074	2P5E_A	2P5E_E	p	
2075	2P5E_B	2P5E_C	p	
2076	2P5E_B	2P5E_E	p	
2077	2P5E_C	2P5E_E	p	
2078	4LRX_B	4LRX_D	p	
2079	4LRX_B	4LRX_C	p	
2080	4LRX_A	4LRX_D	p	
2081	4LRX_A	4LRX_C	p	
2082	1GC1_G	1GC1_L	p	
2083	1GC1_G	1GC1_H	p	
2084	1GC1_C	1GC1_G	p	
2085	1GC1_H	1GC1_L	p	
2086	1GC1_C	1GC1_L	p	
2087	1GC1_C	1GC1_H	p	
2088	3H9S_B	3H9S_E	p	
2089	3H9S_C	3H9S_E	p	
2090	3H9S_A	3H9S_E	p	
2091	3H9S_D	3H9S_E	p	
2092	3H9S_B	3H9S_C	p	
2093	3H9S_A	3H9S_B	p	
2094	3H9S_B	3H9S_D	p	
2095	3H9S_A	3H9S_C	p	
2096	3H9S_C	3H9S_D	p	
2097	3H9S_A	3H9S_D	p	
2098	2B11_C	2B11_D	p	
2099	2B11_B	2B11_C	p	
2100	2B11_A	2B11_D	p	
2101	2B11_A	2B11_B	p	
2102	2OI9_A	2OI9_B	p	
2103	2OI9_B	2OI9_Q	p	
2104	2OI9_B	2OI9_C	p	
2105	2OI9_A	2OI9_Q	p	
2106	2OI9_A	2OI9_C	p	
2107	2OI9_C	2OI9_Q	p	
2108	1GL1_C	1GL1_I	p	
2109	1GL1_A	1GL1_I	p	
2110	1GL1_B	1GL1_I	p	
2111	1GL1_C	1GL1_K	p	
2112	1GL1_C	1GL1_J	p	
2113	1GL1_A	1GL1_K	p	
2114	1GL1_B	1GL1_K	p	
2115	1GL1_A	1GL1_J	p	
2116	1GL1_B	1GL1_J	p	
2117	1FR2_A	1FR2_B	p	
2118	3SEK_B	3SEK_C	p	
2119	1C1Y_A	1C1Y_B	p	
2120	4JPK_A	4JPK_L	p	
2121	4JPK_H	4JPK_L	p	
2122	4JPK_A	4JPK_H	p	
2123	1MI5_C	1MI5_E	p	
2124	1MI5_D	1MI5_E	p	
2125	1MI5_A	1MI5_E	p	
2126	1MI5_B	1MI5_E	p	
2127	1MI5_C	1MI5_D	p	
2128	1MI5_A	1MI5_C	p	
2129	1MI5_B	1MI5_C	p	
2130	1MI5_A	1MI5_D	p	
2131	1MI5_B	1MI5_D	p	
2132	1MI5_A	1MI5_B	p	
2133	3UII_A	3UII_P	p	
2134	3UII_B	3UII_P	p	
2135	3UII_A	3UII_Q	p	
2136	3UII_B	3UII_Q	p	
2137	3BTQ_E	3BTQ_I	p	
2138	1OGA_A	1OGA_C	p	
2139	1OGA_A	1OGA_B	p	
2140	1OGA_A	1OGA_D	p	
2141	1OGA_A	1OGA_E	p	
2142	1OGA_B	1OGA_C	p	
2143	1OGA_C	1OGA_D	p	
2144	1OGA_C	1OGA_E	p	
2145	1OGA_B	1OGA_D	p	
2146	1OGA_B	1OGA_E	p	
2147	1OGA_D	1OGA_E	p	
2148	1KIP_B	1KIP_C	p	
2149	1KIP_A	1KIP_C	p	
2150	1KIP_A	1KIP_B	p	
2151	3BTH_E	3BTH_I	p	
2152	2FTL_E	2FTL_I	p	
2153	4G0N_A	4G0N_B	p	
2154	1CBW_A	1CBW_I	p	
2155	1CBW_A	1CBW_D	p	
2156	1CBW_A	1CBW_H	p	
2157	1CBW_A	1CBW_G	p	
2158	1CBW_A	1CBW_C	p	
2159	1CBW_A	1CBW_B	p	
2160	1CBW_F	1CBW_I	p	
2161	1CBW_H	1CBW_I	p	
2162	1CBW_G	1CBW_I	p	
2163	1CBW_C	1CBW_I	p	
2164	1CBW_B	1CBW_I	p	
2165	1CBW_D	1CBW_F	p	
2166	1CBW_D	1CBW_H	p	
2167	1CBW_D	1CBW_G	p	
2168	1CBW_C	1CBW_D	p	
2169	1CBW_B	1CBW_D	p	
2170	1CBW_F	1CBW_H	p	
2171	1CBW_F	1CBW_G	p	
2172	1CBW_C	1CBW_F	p	
2173	1CBW_B	1CBW_F	p	
2174	1KIR_B	1KIR_C	p	
2175	1KIR_A	1KIR_B	p	
2176	1KIR_A	1KIR_C	p	
2177	1CSO_E	1CSO_I	p	
2178	1GCQ_A	1GCQ_C	p	
2179	1GCQ_B	1GCQ_C	p	
2180	3NCB_A	3NCB_B	p	
2181	4YFD_A	4YFD_B	p	
2182	2SIC_E	2SIC_I	p	
2183	1REW_B	1REW_C	p	
2184	1REW_B	1REW_D	p	
2185	1REW_A	1REW_C	p	
2186	1REW_A	1REW_D	p	
2187	3G6D_H	3G6D_L	p	
2188	3G6D_A	3G6D_L	p	
2189	3G6D_A	3G6D_H	p	
2190	2G2U_A	2G2U_B	p	
2191	2B10_B	2B10_C	p	
2192	2B10_A	2B10_B	p	
2193	2B10_C	2B10_D	p	
2194	2B10_A	2B10_D	p	
2195	1SGE_E	1SGE_I	p	
2196	2B42_A	2B42_B	p	
2197	1Y34_E	1Y34_I	p	
2198	5C6T_H	5C6T_L	p	
2199	5C6T_A	5C6T_L	p	
2200	5C6T_A	5C6T_H	p	
2201	1CT0_E	1CT0_I	p	
2202	3HH2_B	3HH2_D	p	
2203	3HH2_B	3HH2_C	p	
2204	3HH2_A	3HH2_D	p	
2205	3HH2_A	3HH2_C	p	
2206	1BJ1_J	1BJ1_W	p	
2207	1BJ1_H	1BJ1_W	p	
2208	1BJ1_K	1BJ1_W	p	
2209	1BJ1_L	1BJ1_W	p	
2210	1BJ1_J	1BJ1_V	p	
2211	1BJ1_H	1BJ1_J	p	
2212	1BJ1_J	1BJ1_K	p	
2213	1BJ1_J	1BJ1_L	p	
2214	1BJ1_H	1BJ1_V	p	
2215	1BJ1_K	1BJ1_V	p	
2216	1BJ1_L	1BJ1_V	p	
2217	1BJ1_H	1BJ1_K	p	
2218	1BJ1_H	1BJ1_L	p	
2219	1BJ1_K	1BJ1_L	p	
2220	1B3S_A	1B3S_F	p	
2221	1B3S_C	1B3S_F	p	
2222	1B3S_B	1B3S_F	p	
2223	1B3S_A	1B3S_E	p	
2224	1B3S_A	1B3S_D	p	
2225	1B3S_C	1B3S_E	p	
2226	1B3S_B	1B3S_E	p	
2227	1B3S_C	1B3S_D	p	
2228	1B3S_B	1B3S_D	p	
2229	3LNZ_D	3LNZ_I	p	
2230	3LNZ_H	3LNZ_I	p	
2231	3LNZ_I	3LNZ_J	p	
2232	3LNZ_F	3LNZ_I	p	
2233	3LNZ_B	3LNZ_I	p	
2234	3LNZ_I	3LNZ_P	p	
2235	3LNZ_I	3LNZ_N	p	
2236	3LNZ_I	3LNZ_L	p	
2237	3LNZ_D	3LNZ_O	p	
2238	3LNZ_H	3LNZ_O	p	
2239	3LNZ_J	3LNZ_O	p	
2240	3LNZ_F	3LNZ_O	p	
2241	3LNZ_B	3LNZ_O	p	
2242	3LNZ_O	3LNZ_P	p	
2243	3LNZ_N	3LNZ_O	p	
2244	3LNZ_L	3LNZ_O	p	
2245	3LNZ_C	3LNZ_D	p	
2246	3LNZ_C	3LNZ_H	p	
2247	3LNZ_C	3LNZ_J	p	
2248	3LNZ_C	3LNZ_F	p	
2249	3LNZ_B	3LNZ_C	p	
2250	3LNZ_C	3LNZ_P	p	
2251	3LNZ_C	3LNZ_N	p	
2252	3LNZ_C	3LNZ_L	p	
2253	3LNZ_D	3LNZ_H	p	
2254	3LNZ_D	3LNZ_J	p	
2255	3LNZ_D	3LNZ_F	p	
2256	3LNZ_D	3LNZ_K	p	
2257	3LNZ_D	3LNZ_M	p	
2258	3LNZ_A	3LNZ_D	p	
2259	3LNZ_B	3LNZ_D	p	
2260	3LNZ_D	3LNZ_G	p	
2261	3LNZ_D	3LNZ_P	p	
2262	3LNZ_D	3LNZ_E	p	
2263	3LNZ_D	3LNZ_N	p	
2264	3LNZ_D	3LNZ_L	p	
2265	3LNZ_H	3LNZ_J	p	
2266	3LNZ_F	3LNZ_H	p	
2267	3LNZ_H	3LNZ_K	p	
2268	3LNZ_H	3LNZ_M	p	
2269	3LNZ_A	3LNZ_H	p	
2270	3LNZ_B	3LNZ_H	p	
2271	3LNZ_G	3LNZ_H	p	
2272	3LNZ_H	3LNZ_P	p	
2273	3LNZ_E	3LNZ_H	p	
2274	3LNZ_H	3LNZ_N	p	
2275	3LNZ_H	3LNZ_L	p	
2276	3LNZ_F	3LNZ_J	p	
2277	3LNZ_J	3LNZ_K	p	
2278	3LNZ_J	3LNZ_M	p	
2279	3LNZ_A	3LNZ_J	p	
2280	3LNZ_B	3LNZ_J	p	
2281	3LNZ_G	3LNZ_J	p	
2282	3LNZ_J	3LNZ_P	p	
2283	3LNZ_E	3LNZ_J	p	
2284	3LNZ_J	3LNZ_N	p	
2285	3LNZ_J	3LNZ_L	p	
2286	3LNZ_F	3LNZ_K	p	
2287	3LNZ_F	3LNZ_M	p	
2288	3LNZ_A	3LNZ_F	p	
2289	3LNZ_B	3LNZ_F	p	
2290	3LNZ_F	3LNZ_G	p	
2291	3LNZ_F	3LNZ_P	p	
2292	3LNZ_E	3LNZ_F	p	
2293	3LNZ_F	3LNZ_N	p	
2294	3LNZ_F	3LNZ_L	p	
2295	3LNZ_B	3LNZ_K	p	
2296	3LNZ_K	3LNZ_P	p	
2297	3LNZ_K	3LNZ_N	p	
2298	3LNZ_K	3LNZ_L	p	
2299	3LNZ_B	3LNZ_M	p	
2300	3LNZ_M	3LNZ_P	p	
2301	3LNZ_M	3LNZ_N	p	
2302	3LNZ_L	3LNZ_M	p	
2303	3LNZ_A	3LNZ_B	p	
2304	3LNZ_A	3LNZ_P	p	
2305	3LNZ_A	3LNZ_N	p	
2306	3LNZ_A	3LNZ_L	p	
2307	3LNZ_B	3LNZ_G	p	
2308	3LNZ_B	3LNZ_P	p	
2309	3LNZ_B	3LNZ_E	p	
2310	3LNZ_B	3LNZ_N	p	
2311	3LNZ_B	3LNZ_L	p	
2312	3LNZ_G	3LNZ_P	p	
2313	3LNZ_G	3LNZ_N	p	
2314	3LNZ_G	3LNZ_L	p	
2315	3LNZ_E	3LNZ_P	p	
2316	3LNZ_N	3LNZ_P	p	
2317	3LNZ_L	3LNZ_P	p	
2318	3LNZ_E	3LNZ_N	p	
2319	3LNZ_E	3LNZ_L	p	
2320	3LNZ_L	3LNZ_N	p	
2321	1VFB_A	1VFB_B	p	
2322	1VFB_A	1VFB_C	p	
2323	1VFB_B	1VFB_C	p	
2324	2BNQ_A	2BNQ_C	p	
2325	2BNQ_A	2BNQ_D	p	
2326	2BNQ_A	2BNQ_E	p	
2327	2BNQ_A	2BNQ_B	p	
2328	2BNQ_C	2BNQ_D	p	
2329	2BNQ_C	2BNQ_E	p	
2330	2BNQ_B	2BNQ_C	p	
2331	2BNQ_D	2BNQ_E	p	
2332	2BNQ_B	2BNQ_D	p	
2333	2BNQ_B	2BNQ_E	p	
2334	1EAW_B	1EAW_C	p	
2335	1EAW_A	1EAW_B	p	
2336	1EAW_C	1EAW_D	p	
2337	1EAW_A	1EAW_D	p	
2338	1GRN_A	1GRN_B	p	
2339	5M2O_A	5M2O_B	p	
2340	5UFQ_B	5UFQ_C	p	
2341	5UFQ_B	5UFQ_D	p	
2342	5UFQ_C	5UFQ_D	p	
2343	5UFQ_A	5UFQ_C	p	
2344	5UFQ_A	5UFQ_D	p	
2345	3NVN_A	3NVN_B	p	
2346	4NZW_A	4NZW_B	p	
2347	4MNQ_C	4MNQ_E	p	
2348	4MNQ_B	4MNQ_C	p	
2349	4MNQ_A	4MNQ_C	p	
2350	4MNQ_C	4MNQ_D	p	
2351	4MNQ_B	4MNQ_E	p	
2352	4MNQ_A	4MNQ_E	p	
2353	4MNQ_D	4MNQ_E	p	
2354	4MNQ_A	4MNQ_B	p	
2355	4MNQ_B	4MNQ_D	p	
2356	4MNQ_A	4MNQ_D	p	
2357	1IAR_A	1IAR_B	p	
2358	1KTZ_A	1KTZ_B	p	
2359	1QSE_B	1QSE_D	p	
2360	1QSE_A	1QSE_D	p	
2361	1QSE_C	1QSE_D	p	
2362	1QSE_D	1QSE_E	p	
2363	1QSE_A	1QSE_B	p	
2364	1QSE_B	1QSE_C	p	
2365	1QSE_B	1QSE_E	p	
2366	1QSE_A	1QSE_C	p	
2367	1QSE_A	1QSE_E	p	
2368	1QSE_C	1QSE_E	p	
2369	3BTW_E	3BTW_I	p	
2370	3N0P_A	3N0P_B	p	
2371	3F1S_A	3F1S_B	p	
2372	1KBH_A	1KBH_B	p	
2373	1JRH_I	1JRH_L	p	
2374	1JRH_H	1JRH_I	p	
2375	1JRH_H	1JRH_L	p	
2376	3QHY_A	3QHY_B	p	
2377	4FTV_B	4FTV_D	p	
2378	4FTV_C	4FTV_D	p	
2379	4FTV_A	4FTV_D	p	
2380	4FTV_D	4FTV_E	p	
2381	4FTV_B	4FTV_C	p	
2382	4FTV_A	4FTV_B	p	
2383	4FTV_B	4FTV_E	p	
2384	4FTV_A	4FTV_C	p	
2385	4FTV_C	4FTV_E	p	
2386	4FTV_A	4FTV_E	p	
2387	5E6P_A	5E6P_B	p	
2388	5UFE_A	5UFE_B	p	
2389	1NCA_H	1NCA_N	p	
2390	1NCA_H	1NCA_L	p	
2391	1NCA_L	1NCA_N	p	
2392	1AO7_B	1AO7_E	p	
2393	1AO7_A	1AO7_B	p	
2394	1AO7_B	1AO7_C	p	
2395	1AO7_B	1AO7_D	p	
2396	1AO7_A	1AO7_E	p	
2397	1AO7_C	1AO7_E	p	
2398	1AO7_D	1AO7_E	p	
2399	1AO7_A	1AO7_C	p	
2400	1AO7_A	1AO7_D	p	
2401	1AO7_C	1AO7_D	p	
2402	1TM7_E	1TM7_I	p	
2403	1Y3C_E	1Y3C_I	p	
2404	2KSO_A	2KSO_B	p	
2405	4E6K_A	4E6K_I	p	
2406	4E6K_A	4E6K_G	p	
2407	4E6K_A	4E6K_H	p	
2408	4E6K_F	4E6K_I	p	
2409	4E6K_C	4E6K_I	p	
2410	4E6K_E	4E6K_I	p	
2411	4E6K_B	4E6K_I	p	
2412	4E6K_D	4E6K_I	p	
2413	4E6K_F	4E6K_G	p	
2414	4E6K_C	4E6K_G	p	
2415	4E6K_E	4E6K_G	p	
2416	4E6K_B	4E6K_G	p	
2417	4E6K_D	4E6K_G	p	
2418	4E6K_F	4E6K_H	p	
2419	4E6K_C	4E6K_H	p	
2420	4E6K_E	4E6K_H	p	
2421	4E6K_B	4E6K_H	p	
2422	4E6K_D	4E6K_H	p	
2423	1KNE_A	1KNE_P	p	
2424	4OFY_A	4OFY_F	p	
2425	4OFY_C	4OFY_F	p	
2426	4OFY_B	4OFY_F	p	
2427	4OFY_A	4OFY_D	p	
2428	4OFY_A	4OFY_E	p	
2429	4OFY_C	4OFY_D	p	
2430	4OFY_B	4OFY_D	p	
2431	4OFY_C	4OFY_E	p	
2432	4OFY_B	4OFY_E	p	
2433	3EG5_B	3EG5_C	p	
2434	3EG5_C	3EG5_D	p	
2435	3EG5_A	3EG5_B	p	
2436	3EG5_A	3EG5_D	p	
2437	1PPF_E	1PPF_I	p	
2438	3BN9_B	3BN9_F	p	
2439	3BN9_B	3BN9_D	p	
2440	3BN9_B	3BN9_E	p	
2441	3BN9_B	3BN9_C	p	
2442	3BN9_E	3BN9_F	p	
2443	3BN9_C	3BN9_F	p	
2444	3BN9_A	3BN9_F	p	
2445	3BN9_D	3BN9_E	p	
2446	3BN9_C	3BN9_D	p	
2447	3BN9_A	3BN9_D	p	
2448	3BN9_C	3BN9_E	p	
2449	3BN9_A	3BN9_E	p	
2450	3BN9_A	3BN9_C	p	
2451	4CPA_A	4CPA_J	p	
2452	4CPA_B	4CPA_J	p	
2453	4CPA_A	4CPA_I	p	
2454	4CPA_B	4CPA_I	p	
2455	2DSQ_H	2DSQ_I	p	
2456	2DSQ_B	2DSQ_I	p	
2457	2DSQ_G	2DSQ_I	p	
2458	2DSQ_A	2DSQ_I	p	
2459	2DSQ_B	2DSQ_H	p	
2460	2DSQ_C	2DSQ_H	p	
2461	2DSQ_A	2DSQ_H	p	
2462	2DSQ_B	2DSQ_G	p	
2463	2DSQ_B	2DSQ_C	p	
2464	2DSQ_C	2DSQ_G	p	
2465	2DSQ_A	2DSQ_G	p	
2466	2DSQ_A	2DSQ_C	p	
2467	2NU1_E	2NU1_I	p	
2468	1YY9_A	1YY9_D	p	
2469	1YY9_C	1YY9_D	p	
2470	1YY9_A	1YY9_C	p	
2471	1F5R_A	1F5R_I	p	
2472	3EQS_A	3EQS_B	p	
2473	1E50_G	1E50_H	p	
2474	1E50_F	1E50_G	p	
2475	1E50_B	1E50_G	p	
2476	1E50_D	1E50_G	p	
2477	1E50_A	1E50_H	p	
2478	1E50_C	1E50_H	p	
2479	1E50_E	1E50_H	p	
2480	1E50_H	1E50_Q	p	
2481	1E50_H	1E50_R	p	
2482	1E50_A	1E50_F	p	
2483	1E50_C	1E50_F	p	
2484	1E50_E	1E50_F	p	
2485	1E50_F	1E50_Q	p	
2486	1E50_F	1E50_R	p	
2487	1E50_A	1E50_B	p	
2488	1E50_A	1E50_D	p	
2489	1E50_B	1E50_C	p	
2490	1E50_B	1E50_E	p	
2491	1E50_B	1E50_Q	p	
2492	1E50_B	1E50_R	p	
2493	1E50_C	1E50_D	p	
2494	1E50_D	1E50_E	p	
2495	1E50_D	1E50_Q	p	
2496	1E50_D	1E50_R	p	
2497	3BTD_E	3BTD_I	p	
2498	3WWN_A	3WWN_B	p	
2499	3SE8_G	3SE8_L	p	
2500	3SE8_G	3SE8_H	p	
2501	3SE8_H	3SE8_L	p	
2502	4GNK_C	4GNK_D	p	
2503	4GNK_A	4GNK_D	p	
2504	4GNK_B	4GNK_C	p	
2505	4GNK_C	4GNK_E	p	
2506	4GNK_A	4GNK_B	p	
2507	4GNK_A	4GNK_E	p	
2508	4ZS6_A	4ZS6_D	p	
2509	4ZS6_A	4ZS6_C	p	
2510	4ZS6_A	4ZS6_L	p	
2511	4ZS6_A	4ZS6_H	p	
2512	4ZS6_C	4ZS6_D	p	
2513	4ZS6_D	4ZS6_L	p	
2514	4ZS6_D	4ZS6_H	p	
2515	4ZS6_B	4ZS6_D	p	
2516	4ZS6_C	4ZS6_L	p	
2517	4ZS6_C	4ZS6_H	p	
2518	4ZS6_B	4ZS6_C	p	
2519	4ZS6_H	4ZS6_L	p	
2520	4ZS6_B	4ZS6_L	p	
2521	4ZS6_B	4ZS6_H	p	
2522	1FC2_C	1FC2_D	p	
2523	2VIR_B	2VIR_C	p	
2524	2VIR_A	2VIR_C	p	
2525	2VIR_A	2VIR_B	p	
2526	2J12_A	2J12_B	p	
2527	1GUA_A	1GUA_B	p	
2528	1BRS_B	1BRS_F	p	
2529	1BRS_A	1BRS_F	p	
2530	1BRS_C	1BRS_F	p	
2531	1BRS_B	1BRS_E	p	
2532	1BRS_A	1BRS_E	p	
2533	1BRS_C	1BRS_E	p	
2534	1BRS_B	1BRS_D	p	
2535	1BRS_A	1BRS_D	p	
2536	1BRS_C	1BRS_D	p	
2537	4JGH_A	4JGH_B	p	
2538	4JGH_B	4JGH_C	p	
2539	4JGH_B	4JGH_D	p	
2540	4JGH_A	4JGH_C	p	
2541	4JGH_A	4JGH_D	p	
2542	4JGH_C	4JGH_D	p	
2543	3SZK_D	3SZK_F	p	
2544	3SZK_B	3SZK_F	p	
2545	3SZK_E	3SZK_F	p	
2546	3SZK_A	3SZK_F	p	
2547	3SZK_C	3SZK_D	p	
2548	3SZK_B	3SZK_D	p	
2549	3SZK_D	3SZK_E	p	
2550	3SZK_B	3SZK_C	p	
2551	3SZK_C	3SZK_E	p	
2552	3SZK_A	3SZK_C	p	
2553	3SZK_A	3SZK_B	p	
2554	3SZK_A	3SZK_E	p	
2555	2GYK_A	2GYK_F	p	
2556	2GYK_A	2GYK_B	p	
2557	2GYK_E	2GYK_F	p	
2558	2GYK_B	2GYK_E	p	
2559	1SIB_E	1SIB_I	p	
2560	1X1X_A	1X1X_D	p	
2561	1X1X_B	1X1X_D	p	
2562	1X1X_C	1X1X_D	p	
2563	1X1X_A	1X1X_E	p	
2564	1X1X_A	1X1X_F	p	
2565	1X1X_B	1X1X_E	p	
2566	1X1X_C	1X1X_E	p	
2567	1X1X_B	1X1X_F	p	
2568	1X1X_C	1X1X_F	p	
2569	3BTE_E	3BTE_I	p	
2570	3L5X_H	3L5X_L	p	
2571	3L5X_A	3L5X_H	p	
2572	3L5X_A	3L5X_L	p	
2573	4L0P_A	4L0P_B	p	
2574	4OZG_B	4OZG_F	p	
2575	4OZG_B	4OZG_I	p	
2576	4OZG_B	4OZG_C	p	
2577	4OZG_B	4OZG_H	p	
2578	4OZG_B	4OZG_G	p	
2579	4OZG_B	4OZG_E	p	
2580	4OZG_B	4OZG_J	p	
2581	4OZG_A	4OZG_B	p	
2582	4OZG_F	4OZG_I	p	
2583	4OZG_C	4OZG_F	p	
2584	4OZG_F	4OZG_G	p	
2585	4OZG_E	4OZG_F	p	
2586	4OZG_D	4OZG_F	p	
2587	4OZG_F	4OZG_J	p	
2588	4OZG_A	4OZG_F	p	
2589	4OZG_C	4OZG_I	p	
2590	4OZG_H	4OZG_I	p	
2591	4OZG_G	4OZG_I	p	
2592	4OZG_E	4OZG_I	p	
2593	4OZG_D	4OZG_I	p	
2594	4OZG_A	4OZG_I	p	
2595	4OZG_C	4OZG_H	p	
2596	4OZG_C	4OZG_G	p	
2597	4OZG_C	4OZG_E	p	
2598	4OZG_C	4OZG_D	p	
2599	4OZG_C	4OZG_J	p	
2600	4OZG_G	4OZG_H	p	
2601	4OZG_E	4OZG_H	p	
2602	4OZG_D	4OZG_H	p	
2603	4OZG_H	4OZG_J	p	
2604	4OZG_A	4OZG_H	p	
2605	4OZG_D	4OZG_G	p	
2606	4OZG_G	4OZG_J	p	
2607	4OZG_A	4OZG_G	p	
2608	4OZG_D	4OZG_E	p	
2609	4OZG_E	4OZG_J	p	
2610	4OZG_A	4OZG_E	p	
2611	4OZG_D	4OZG_J	p	
2612	4OZG_A	4OZG_D	p	
2613	4OZG_A	4OZG_J	p	
2614	2REX_C	2REX_D	p	
2615	2REX_A	2REX_D	p	
2616	2REX_B	2REX_C	p	
2617	2REX_A	2REX_B	p	
2618	2HRK_A	2HRK_B	p	
2619	1B41_A	1B41_B	p	
2620	2JEL_L	2JEL_P	p	
2621	2JEL_H	2JEL_P	p	
2622	2JEL_H	2JEL_L	p	
2623	1CHO_F	1CHO_I	p	
2624	1CHO_E	1CHO_I	p	
2625	1CHO_G	1CHO_I	p	
2626	3TGK_E	3TGK_I	p	
2627	1AK4_A	1AK4_D	p	
2628	1AK4_B	1AK4_D	p	
2629	1AK4_A	1AK4_C	p	
2630	1AK4_B	1AK4_C	p	
2631	3N85_A	3N85_L	p	
2632	3N85_H	3N85_L	p	
2633	3N85_A	3N85_H	p	
2634	4YH7_A	4YH7_B	p	
2635	2NU0_E	2NU0_I	p	
2636	1EMV_A	1EMV_B	p	
2637	2VLN_A	2VLN_B	p	
2638	1FSS_A	1FSS_B	p	
2639	4JFD_D	4JFD_E	p	
2640	4JFD_C	4JFD_E	p	
2641	4JFD_A	4JFD_E	p	
2642	4JFD_B	4JFD_E	p	
2643	4JFD_C	4JFD_D	p	
2644	4JFD_A	4JFD_D	p	
2645	4JFD_B	4JFD_D	p	
2646	4JFD_A	4JFD_C	p	
2647	4JFD_B	4JFD_C	p	
2648	4JFD_A	4JFD_B	p	
2649	1SBB_A	1SBB_B	p	
2650	1SBB_A	1SBB_D	p	
2651	1SBB_B	1SBB_C	p	
2652	1SBB_C	1SBB_D	p	
2653	1TM1_E	1TM1_I	p	
2654	1AHW_D	1AHW_F	p	
2655	1AHW_B	1AHW_F	p	
2656	1AHW_E	1AHW_F	p	
2657	1AHW_A	1AHW_F	p	
2658	1AHW_C	1AHW_D	p	
2659	1AHW_B	1AHW_D	p	
2660	1AHW_D	1AHW_E	p	
2661	1AHW_B	1AHW_C	p	
2662	1AHW_C	1AHW_E	p	
2663	1AHW_A	1AHW_C	p	
2664	1AHW_A	1AHW_B	p	
2665	1AHW_A	1AHW_E	p	
2666	3BTF_E	3BTF_I	p	
2667	3BTT_E	3BTT_I	p	
2668	1SGN_E	1SGN_I	p	
2669	4JFF_C	4JFF_E	p	
2670	4JFF_C	4JFF_D	p	
2671	4JFF_A	4JFF_C	p	
2672	4JFF_B	4JFF_C	p	
2673	4JFF_D	4JFF_E	p	
2674	4JFF_A	4JFF_E	p	
2675	4JFF_B	4JFF_E	p	
2676	4JFF_A	4JFF_D	p	
2677	4JFF_B	4JFF_D	p	
2678	4JFF_A	4JFF_B	p	
2679	3S9D_A	3S9D_B	p	
2680	3S9D_A	3S9D_D	p	
2681	3S9D_B	3S9D_C	p	
2682	3S9D_C	3S9D_D	p	
2683	3NVQ_E	3NVQ_F	p	
2684	3NVQ_B	3NVQ_E	p	
2685	3NVQ_A	3NVQ_F	p	
2686	3NVQ_A	3NVQ_B	p	
2687	2WPT_A	2WPT_B	p	
2688	4FZA_A	4FZA_B	p	
2689	5TAR_A	5TAR_B	p	
2690	1CZ8_H	1CZ8_Y	p	
2691	1CZ8_V	1CZ8_Y	p	
2692	1CZ8_X	1CZ8_Y	p	
2693	1CZ8_W	1CZ8_Y	p	
2694	1CZ8_L	1CZ8_Y	p	
2695	1CZ8_H	1CZ8_V	p	
2696	1CZ8_H	1CZ8_X	p	
2697	1CZ8_H	1CZ8_W	p	
2698	1CZ8_H	1CZ8_L	p	
2699	1CZ8_V	1CZ8_X	p	
2700	1CZ8_L	1CZ8_V	p	
2701	1CZ8_W	1CZ8_X	p	
2702	1CZ8_L	1CZ8_X	p	
2703	1CZ8_L	1CZ8_W	p	
2704	1TM5_E	1TM5_I	p	
2705	3SE4_A	3SE4_B	p	
2706	3SE4_A	3SE4_C	p	
2707	3SE4_B	3SE4_C	p	
2708	1DQJ_A	1DQJ_C	p	
2709	1DQJ_A	1DQJ_B	p	
2710	1DQJ_B	1DQJ_C	p	
2711	4CVW_B	4CVW_C	p	
2712	4CVW_A	4CVW_C	p	
2713	4CVW_B	4CVW_D	p	
2714	4CVW_A	4CVW_D	p	
2715	5XCO_A	5XCO_B	p	
2716	3B4V_A	3B4V_D	p	
2717	3B4V_A	3B4V_C	p	
2718	3B4V_A	3B4V_H	p	
2719	3B4V_A	3B4V_G	p	
2720	3B4V_D	3B4V_E	p	
2721	3B4V_C	3B4V_E	p	
2722	3B4V_E	3B4V_H	p	
2723	3B4V_E	3B4V_G	p	
2724	3B4V_D	3B4V_F	p	
2725	3B4V_B	3B4V_D	p	
2726	3B4V_C	3B4V_F	p	
2727	3B4V_F	3B4V_H	p	
2728	3B4V_F	3B4V_G	p	
2729	3B4V_B	3B4V_C	p	
2730	3B4V_B	3B4V_H	p	
2731	3B4V_B	3B4V_G	p	
2732	1HE8_A	1HE8_B	p	
2733	1Y33_E	1Y33_I	p	
2734	2B0U_A	2B0U_C	p	
2735	2B0U_B	2B0U_C	p	
2736	2B0U_A	2B0U_D	p	
2737	2B0U_B	2B0U_D	p	
2738	2A9K_A	2A9K_B	p	
2739	4I77_H	4I77_Z	p	
2740	4I77_L	4I77_Z	p	
2741	4I77_H	4I77_L	p	
2742	2SGQ_E	2SGQ_I	p	
2743	2B2X_B	2B2X_M	p	
2744	2B2X_A	2B2X_M	p	
2745	2B2X_H	2B2X_M	p	
2746	2B2X_L	2B2X_M	p	
2747	2B2X_I	2B2X_M	p	
2748	2B2X_B	2B2X_H	p	
2749	2B2X_B	2B2X_L	p	
2750	2B2X_B	2B2X_I	p	
2751	2B2X_A	2B2X_H	p	
2752	2B2X_A	2B2X_L	p	
2753	2B2X_A	2B2X_I	p	
2754	2B2X_H	2B2X_L	p	
2755	2B2X_I	2B2X_L	p	
2756	1SBN_E	1SBN_I	p	
2757	1S1Q_B	1S1Q_C	p	
2758	1S1Q_A	1S1Q_B	p	
2759	1S1Q_C	1S1Q_D	p	
2760	1S1Q_A	1S1Q_D	p	
2761	1SGQ_E	1SGQ_I	p	
2762	3MZW_A	3MZW_B	p	
2763	1F47_A	1F47_B	p	
2764	1B2S_B	1B2S_E	p	
2765	1B2S_B	1B2S_F	p	
2766	1B2S_B	1B2S_D	p	
2767	1B2S_A	1B2S_E	p	
2768	1B2S_A	1B2S_F	p	
2769	1B2S_A	1B2S_D	p	
2770	1B2S_C	1B2S_E	p	
2771	1B2S_C	1B2S_F	p	
2772	1B2S_C	1B2S_D	p	
2773	1UUZ_A	1UUZ_C	p	
2774	1UUZ_B	1UUZ_C	p	
2775	1UUZ_A	1UUZ_D	p	
2776	1UUZ_B	1UUZ_D	p	
2777	5E9D_E	5E9D_G	p	
2778	5E9D_D	5E9D_E	p	
2779	5E9D_E	5E9D_H	p	
2780	5E9D_A	5E9D_E	p	
2781	5E9D_C	5E9D_E	p	
2782	5E9D_B	5E9D_E	p	
2783	5E9D_E	5E9D_I	p	
2784	5E9D_E	5E9D_F	p	
2785	5E9D_G	5E9D_J	p	
2786	5E9D_D	5E9D_J	p	
2787	5E9D_H	5E9D_J	p	
2788	5E9D_A	5E9D_J	p	
2789	5E9D_C	5E9D_J	p	
2790	5E9D_B	5E9D_J	p	
2791	5E9D_I	5E9D_J	p	
2792	5E9D_F	5E9D_J	p	
2793	5E9D_D	5E9D_G	p	
2794	5E9D_G	5E9D_H	p	
2795	5E9D_A	5E9D_G	p	
2796	5E9D_C	5E9D_G	p	
2797	5E9D_G	5E9D_I	p	
2798	5E9D_F	5E9D_G	p	
2799	5E9D_D	5E9D_H	p	
2800	5E9D_A	5E9D_D	p	
2801	5E9D_C	5E9D_D	p	
2802	5E9D_B	5E9D_D	p	
2803	5E9D_D	5E9D_F	p	
2804	5E9D_A	5E9D_H	p	
2805	5E9D_B	5E9D_H	p	
2806	5E9D_H	5E9D_I	p	
2807	5E9D_F	5E9D_H	p	
2808	5E9D_A	5E9D_C	p	
2809	5E9D_A	5E9D_B	p	
2810	5E9D_A	5E9D_I	p	
2811	5E9D_B	5E9D_C	p	
2812	5E9D_C	5E9D_I	p	
2813	5E9D_C	5E9D_F	p	
2814	5E9D_B	5E9D_I	p	
2815	5E9D_B	5E9D_F	p	
2816	5E9D_F	5E9D_I	p	
2817	3Q8D_A	3Q8D_F	p	
2818	3Q8D_B	3Q8D_F	p	
2819	3Q8D_A	3Q8D_E	p	
2820	3Q8D_B	3Q8D_E	p	
2821	1JCK_A	1JCK_D	p	
2822	1JCK_C	1JCK_D	p	
2823	1JCK_A	1JCK_C	p	
2824	1JCK_A	1JCK_B	p	
2825	1JCK_B	1JCK_C	p	
2826	4KRP_B	4KRP_D	p	
2827	4KRP_C	4KRP_D	p	
2828	4KRP_A	4KRP_D	p	
2829	4KRP_B	4KRP_C	p	
2830	4KRP_A	4KRP_B	p	
2831	4KRP_A	4KRP_C	p	
2832	1KAC_A	1KAC_B	p	
2833	3SE9_H	3SE9_L	p	
2834	3SE9_G	3SE9_L	p	
2835	3SE9_G	3SE9_H	p	
2836	4N8V_A	4N8V_C	p	
2837	4N8V_A	4N8V_B	p	
2838	4N8V_A	4N8V_E	p	
2839	4N8V_A	4N8V_I	p	
2840	4N8V_A	4N8V_G	p	
2841	4N8V_A	4N8V_F	p	
2842	4N8V_B	4N8V_C	p	
2843	4N8V_C	4N8V_E	p	
2844	4N8V_C	4N8V_I	p	
2845	4N8V_C	4N8V_G	p	
2846	4N8V_C	4N8V_D	p	
2847	4N8V_B	4N8V_I	p	
2848	4N8V_B	4N8V_G	p	
2849	4N8V_B	4N8V_D	p	
2850	4N8V_B	4N8V_F	p	
2851	4N8V_E	4N8V_I	p	
2852	4N8V_E	4N8V_G	p	
2853	4N8V_D	4N8V_E	p	
2854	4N8V_E	4N8V_F	p	
2855	4N8V_D	4N8V_I	p	
2856	4N8V_F	4N8V_I	p	
2857	4N8V_D	4N8V_G	p	
2858	4N8V_F	4N8V_G	p	
2859	4N8V_D	4N8V_F	p	
2860	1MHP_H	1MHP_X	p	
2861	1MHP_A	1MHP_X	p	
2862	1MHP_X	1MHP_Y	p	
2863	1MHP_L	1MHP_X	p	
2864	1MHP_B	1MHP_X	p	
2865	1MHP_A	1MHP_H	p	
2866	1MHP_H	1MHP_Y	p	
2867	1MHP_H	1MHP_L	p	
2868	1MHP_B	1MHP_H	p	
2869	1MHP_A	1MHP_Y	p	
2870	1MHP_A	1MHP_L	p	
2871	1MHP_L	1MHP_Y	p	
2872	1MHP_B	1MHP_Y	p	
2873	1MHP_B	1MHP_L	p	
2874	4U6H_A	4U6H_C	p	
2875	4U6H_C	4U6H_J	p	
2876	4U6H_C	4U6H_E	p	
2877	4U6H_C	4U6H_D	p	
2878	4U6H_B	4U6H_C	p	
2879	4U6H_A	4U6H_J	p	
2880	4U6H_A	4U6H_E	p	
2881	4U6H_A	4U6H_D	p	
2882	4U6H_A	4U6H_B	p	
2883	4U6H_D	4U6H_J	p	
2884	4U6H_B	4U6H_J	p	
2885	4U6H_D	4U6H_E	p	
2886	4U6H_B	4U6H_E	p	
2887	4U6H_B	4U6H_D	p	
2888	1XGT_A	1XGT_B	p	
2889	1XGT_A	1XGT_C	p	
2890	1XGT_B	1XGT_C	p	
2891	2SGP_E	2SGP_I	p	
2892	3BT1_B	3BT1_U	p	
2893	3BT1_A	3BT1_B	p	
2894	3BT1_A	3BT1_U	p	
2895	1CT2_I	2NU4_I		u
2896	1CT2_I	3SGB_I		u
2897	1CSO_I	1CT2_I		u
2898	1CT2_I	2NU2_I		u
2899	1CT2_I	2SGP_I		u
2900	1CHO_I	1CT2_I		u
2901	1CT0_I	1CT2_I		u
2902	1CT2_I	1CT4_I		u
2903	1CT2_I	1SGQ_I		u
2904	1CT2_I	1SGE_I		u
2905	1CT2_I	2SGQ_I		u
2906	1CT2_I	1SGD_I		u
2907	1CT2_I	1R0R_I		u
2908	1CT2_I	1PPF_I		u
2909	1CT2_I	1SGY_I		u
2910	1CT2_I	1SGN_I		u
2911	1CT2_I	1SGP_I		u
2912	2NU4_I	3SGB_I		u
2913	1CSO_I	2NU4_I		u
2914	2NU2_I	2NU4_I		u
2915	2NU4_I	2SGP_I		u
2916	1CHO_I	2NU4_I		u
2917	1CT0_I	2NU4_I		u
2918	1CT4_I	2NU4_I		u
2919	1SGQ_I	2NU4_I		u
2920	1SGE_I	2NU4_I		u
2921	2NU4_I	2SGQ_I		u
2922	1SGD_I	2NU4_I		u
2923	1R0R_I	2NU4_I		u
2924	1PPF_I	2NU4_I		u
2925	1SGY_I	2NU4_I		u
2926	1SGN_I	2NU4_I		u
2927	1SGP_I	2NU4_I		u
2928	1CSO_I	3SGB_I		u
2929	2NU2_I	3SGB_I		u
2930	2SGP_I	3SGB_I		u
2931	1CHO_I	3SGB_I		u
2932	1CT0_I	3SGB_I		u
2933	1CT4_I	3SGB_I		u
2934	1SGQ_I	3SGB_I		u
2935	1SGE_I	3SGB_I		u
2936	2SGQ_I	3SGB_I		u
2937	1SGD_I	3SGB_I		u
2938	1R0R_I	3SGB_I		u
2939	1PPF_I	3SGB_I		u
2940	1SGY_I	3SGB_I		u
2941	1SGN_I	3SGB_I		u
2942	1SGP_I	3SGB_I		u
2943	1CSO_I	2NU2_I		u
2944	1CSO_I	2SGP_I		u
2945	1CHO_I	1CSO_I		u
2946	1CSO_I	1CT0_I		u
2947	1CSO_I	1CT4_I		u
2948	1CSO_I	1SGQ_I		u
2949	1CSO_I	1SGE_I		u
2950	1CSO_I	2SGQ_I		u
2951	1CSO_I	1SGD_I		u
2952	1CSO_I	1R0R_I		u
2953	1CSO_I	1PPF_I		u
2954	1CSO_I	1SGY_I		u
2955	1CSO_I	1SGN_I		u
2956	1CSO_I	1SGP_I		u
2957	2NU2_I	2SGP_I		u
2958	1CHO_I	2NU2_I		u
2959	1CT0_I	2NU2_I		u
2960	1CT4_I	2NU2_I		u
2961	1SGQ_I	2NU2_I		u
2962	1SGE_I	2NU2_I		u
2963	2NU2_I	2SGQ_I		u
2964	1SGD_I	2NU2_I		u
2965	1R0R_I	2NU2_I		u
2966	1PPF_I	2NU2_I		u
2967	1SGY_I	2NU2_I		u
2968	1SGN_I	2NU2_I		u
2969	1SGP_I	2NU2_I		u
2970	1CHO_I	2SGP_I		u
2971	1CT0_I	2SGP_I		u
2972	1CT4_I	2SGP_I		u
2973	1SGQ_I	2SGP_I		u
2974	1SGE_I	2SGP_I		u
2975	2SGP_I	2SGQ_I		u
2976	1SGD_I	2SGP_I		u
2977	1R0R_I	2SGP_I		u
2978	1PPF_I	2SGP_I		u
2979	1SGY_I	2SGP_I		u
2980	1SGN_I	2SGP_I		u
2981	1SGP_I	2SGP_I		u
2982	1CHO_I	1CT0_I		u
2983	1CHO_I	1CT4_I		u
2984	1CHO_I	1SGQ_I		u
2985	1CHO_I	1SGE_I		u
2986	1CHO_I	2SGQ_I		u
2987	1CHO_I	1SGD_I		u
2988	1CHO_I	1R0R_I		u
2989	1CHO_I	1PPF_I		u
2990	1CHO_I	1SGY_I		u
2991	1CHO_I	1SGN_I		u
2992	1CHO_I	1SGP_I		u
2993	1CT0_I	1CT4_I		u
2994	1CT0_I	1SGQ_I		u
2995	1CT0_I	1SGE_I		u
2996	1CT0_I	2SGQ_I		u
2997	1CT0_I	1SGD_I		u
2998	1CT0_I	1R0R_I		u
2999	1CT0_I	1PPF_I		u
3000	1CT0_I	1SGY_I		u
3001	1CT0_I	1SGN_I		u
3002	1CT0_I	1SGP_I		u
3003	1CT4_I	1SGQ_I		u
3004	1CT4_I	1SGE_I		u
3005	1CT4_I	2SGQ_I		u
3006	1CT4_I	1SGD_I		u
3007	1CT4_I	1R0R_I		u
3008	1CT4_I	1PPF_I		u
3009	1CT4_I	1SGY_I		u
3010	1CT4_I	1SGN_I		u
3011	1CT4_I	1SGP_I		u
3012	1SGE_I	1SGQ_I		u
3013	1SGQ_I	2SGQ_I		u
3014	1SGD_I	1SGQ_I		u
3015	1R0R_I	1SGQ_I		u
3016	1PPF_I	1SGQ_I		u
3017	1SGQ_I	1SGY_I		u
3018	1SGN_I	1SGQ_I		u
3019	1SGP_I	1SGQ_I		u
3020	1SGE_I	2SGQ_I		u
3021	1SGD_I	1SGE_I		u
3022	1R0R_I	1SGE_I		u
3023	1PPF_I	1SGE_I		u
3024	1SGE_I	1SGY_I		u
3025	1SGE_I	1SGN_I		u
3026	1SGE_I	1SGP_I		u
3027	1SGD_I	2SGQ_I		u
3028	1R0R_I	2SGQ_I		u
3029	1PPF_I	2SGQ_I		u
3030	1SGY_I	2SGQ_I		u
3031	1SGN_I	2SGQ_I		u
3032	1SGP_I	2SGQ_I		u
3033	1R0R_I	1SGD_I		u
3034	1PPF_I	1SGD_I		u
3035	1SGD_I	1SGY_I		u
3036	1SGD_I	1SGN_I		u
3037	1SGD_I	1SGP_I		u
3038	1PPF_I	1R0R_I		u
3039	1R0R_I	1SGY_I		u
3040	1R0R_I	1SGN_I		u
3041	1R0R_I	1SGP_I		u
3042	1PPF_I	1SGY_I		u
3043	1PPF_I	1SGN_I		u
3044	1PPF_I	1SGP_I		u
3045	1SGN_I	1SGY_I		u
3046	1SGP_I	1SGY_I		u
3047	1SGN_I	1SGP_I		u
3048	2VIR_C	2VIS_C		u
3049	1DQJ_B	1NCA_H		u
3050	2AJF_B	3KBH_B		u
3051	2AJF_B	3KBH_D		u
3052	2AJF_B	3KBH_A		u
3053	2AJF_B	3KBH_C		u
3054	2AJF_A	3KBH_B		u
3055	2AJF_A	3KBH_D		u
3056	2AJF_A	3KBH_A		u
3057	2AJF_A	3KBH_C		u
3058	1CHO_G	1GL1_C		u
3059	1CHO_G	1N8O_B		u
3060	1CHO_G	1N8O_A		u
3061	1CHO_G	1N8O_C		u
3062	1CHO_G	1GL0_E		u
3063	1CBW_B	1CHO_G		u
3064	1CBW_H	1CHO_G		u
3065	1ACB_E	1CHO_G		u
3066	1CHO_G	1GL1_A		u
3067	1CBW_C	1CHO_G		u
3068	1CBW_G	1CHO_G		u
3069	1CHO_G	1GL1_B		u
3070	1CHO_E	1GL1_C		u
3071	1CHO_E	1N8O_B		u
3072	1CHO_E	1N8O_A		u
3073	1CHO_E	1N8O_C		u
3074	1CHO_E	1GL0_E		u
3075	1CBW_B	1CHO_E		u
3076	1CBW_H	1CHO_E		u
3077	1ACB_E	1CHO_E		u
3078	1CHO_E	1GL1_A		u
3079	1CBW_C	1CHO_E		u
3080	1CBW_G	1CHO_E		u
3081	1CHO_E	1GL1_B		u
3082	1GL1_C	1N8O_B		u
3083	1GL1_C	1N8O_A		u
3084	1GL1_C	1N8O_C		u
3085	1GL0_E	1GL1_C		u
3086	1CBW_B	1GL1_C		u
3087	1CBW_H	1GL1_C		u
3088	1ACB_E	1GL1_C		u
3089	1CHO_F	1GL1_C		u
3090	1CBW_C	1GL1_C		u
3091	1CBW_G	1GL1_C		u
3092	1GL0_E	1N8O_B		u
3093	1CBW_B	1N8O_B		u
3094	1CBW_H	1N8O_B		u
3095	1ACB_E	1N8O_B		u
3096	1GL1_A	1N8O_B		u
3097	1CHO_F	1N8O_B		u
3098	1CBW_C	1N8O_B		u
3099	1CBW_G	1N8O_B		u
3100	1GL1_B	1N8O_B		u
3101	1GL0_E	1N8O_A		u
3102	1CBW_B	1N8O_A		u
3103	1CBW_H	1N8O_A		u
3104	1ACB_E	1N8O_A		u
3105	1GL1_A	1N8O_A		u
3106	1CHO_F	1N8O_A		u
3107	1CBW_C	1N8O_A		u
3108	1CBW_G	1N8O_A		u
3109	1GL1_B	1N8O_A		u
3110	1GL0_E	1N8O_C		u
3111	1CBW_B	1N8O_C		u
3112	1CBW_H	1N8O_C		u
3113	1ACB_E	1N8O_C		u
3114	1GL1_A	1N8O_C		u
3115	1CHO_F	1N8O_C		u
3116	1CBW_C	1N8O_C		u
3117	1CBW_G	1N8O_C		u
3118	1GL1_B	1N8O_C		u
3119	1CBW_B	1GL0_E		u
3120	1CBW_H	1GL0_E		u
3121	1ACB_E	1GL0_E		u
3122	1GL0_E	1GL1_A		u
3123	1CHO_F	1GL0_E		u
3124	1CBW_C	1GL0_E		u
3125	1CBW_G	1GL0_E		u
3126	1GL0_E	1GL1_B		u
3127	1ACB_E	1CBW_B		u
3128	1CBW_B	1GL1_A		u
3129	1CBW_B	1CHO_F		u
3130	1CBW_B	1GL1_B		u
3131	1ACB_E	1CBW_H		u
3132	1CBW_H	1GL1_A		u
3133	1CBW_H	1CHO_F		u
3134	1CBW_H	1GL1_B		u
3135	1ACB_E	1GL1_A		u
3136	1ACB_E	1CHO_F		u
3137	1ACB_E	1CBW_C		u
3138	1ACB_E	1CBW_G		u
3139	1ACB_E	1GL1_B		u
3140	1CHO_F	1GL1_A		u
3141	1CBW_C	1GL1_A		u
3142	1CBW_G	1GL1_A		u
3143	1CBW_C	1CHO_F		u
3144	1CBW_G	1CHO_F		u
3145	1CHO_F	1GL1_B		u
3146	1CBW_C	1GL1_B		u
3147	1CBW_G	1GL1_B		u
3148	1OGA_D	2AK4_T		u
3149	1MI5_D	2AK4_T		u
3150	2AK4_T	3PWP_D		u
3151	1AO7_D	2AK4_T		u
3152	2AK4_T	2VLR_D		u
3153	2AK4_T	2VLR_I		u
3154	2AK4_T	2BNR_D		u
3155	2AK4_T	3QDG_D		u
3156	2AK4_T	2BNQ_D		u
3157	1BD2_D	2AK4_T		u
3158	2AK4_T	2P5E_D		u
3159	2AK4_T	3QDJ_D		u
3160	2AK4_T	4JFD_D		u
3161	2AK4_T	4JFE_D		u
3162	2AK4_T	4JFF_D		u
3163	2AK4_T	3QIB_C		u
3164	1MI5_D	1OGA_D		u
3165	1OGA_D	3PWP_D		u
3166	1AO7_D	1OGA_D		u
3167	1OGA_D	2VLR_D		u
3168	1OGA_D	2VLR_I		u
3169	1OGA_D	2BNR_D		u
3170	1OGA_D	2AK4_I		u
3171	1OGA_D	2AK4_D		u
3172	1OGA_D	3QDG_D		u
3173	1OGA_D	2BNQ_D		u
3174	1BD2_D	1OGA_D		u
3175	1OGA_D	2AK4_N		u
3176	1OGA_D	2P5E_D		u
3177	1OGA_D	3QDJ_D		u
3178	1OGA_D	4JFD_D		u
3179	1OGA_D	4JFE_D		u
3180	1OGA_D	4JFF_D		u
3181	1OGA_D	3QIB_C		u
3182	1MI5_D	3PWP_D		u
3183	1AO7_D	1MI5_D		u
3184	1MI5_D	2VLR_D		u
3185	1MI5_D	2VLR_I		u
3186	1MI5_D	2BNR_D		u
3187	1MI5_D	2AK4_I		u
3188	1MI5_D	2AK4_D		u
3189	1MI5_D	3QDG_D		u
3190	1MI5_D	2BNQ_D		u
3191	1BD2_D	1MI5_D		u
3192	1MI5_D	2AK4_N		u
3193	1MI5_D	2P5E_D		u
3194	1MI5_D	3QDJ_D		u
3195	1MI5_D	4JFD_D		u
3196	1MI5_D	4JFE_D		u
3197	1MI5_D	4JFF_D		u
3198	1MI5_D	3QIB_C		u
3199	1AO7_D	3PWP_D		u
3200	2VLR_D	3PWP_D		u
3201	2VLR_I	3PWP_D		u
3202	2BNR_D	3PWP_D		u
3203	2AK4_I	3PWP_D		u
3204	2AK4_D	3PWP_D		u
3205	3PWP_D	3QDG_D		u
3206	2BNQ_D	3PWP_D		u
3207	1BD2_D	3PWP_D		u
3208	2AK4_N	3PWP_D		u
3209	2P5E_D	3PWP_D		u
3210	3PWP_D	3QDJ_D		u
3211	3PWP_D	4JFD_D		u
3212	3PWP_D	4JFE_D		u
3213	3PWP_D	4JFF_D		u
3214	3PWP_D	3QIB_C		u
3215	1AO7_D	2VLR_D		u
3216	1AO7_D	2VLR_I		u
3217	1AO7_D	2BNR_D		u
3218	1AO7_D	2AK4_I		u
3219	1AO7_D	2AK4_D		u
3220	1AO7_D	3QDG_D		u
3221	1AO7_D	2BNQ_D		u
3222	1AO7_D	1BD2_D		u
3223	1AO7_D	2AK4_N		u
3224	1AO7_D	2P5E_D		u
3225	1AO7_D	3QDJ_D		u
3226	1AO7_D	4JFD_D		u
3227	1AO7_D	4JFE_D		u
3228	1AO7_D	4JFF_D		u
3229	1AO7_D	3QIB_C		u
3230	2BNR_D	2VLR_D		u
3231	2AK4_I	2VLR_D		u
3232	2AK4_D	2VLR_D		u
3233	2VLR_D	3QDG_D		u
3234	2BNQ_D	2VLR_D		u
3235	1BD2_D	2VLR_D		u
3236	2AK4_N	2VLR_D		u
3237	2P5E_D	2VLR_D		u
3238	2VLR_D	3QDJ_D		u
3239	2VLR_D	4JFD_D		u
3240	2VLR_D	4JFE_D		u
3241	2VLR_D	4JFF_D		u
3242	2VLR_D	3QIB_C		u
3243	2BNR_D	2VLR_I		u
3244	2AK4_I	2VLR_I		u
3245	2AK4_D	2VLR_I		u
3246	2VLR_I	3QDG_D		u
3247	2BNQ_D	2VLR_I		u
3248	1BD2_D	2VLR_I		u
3249	2AK4_N	2VLR_I		u
3250	2P5E_D	2VLR_I		u
3251	2VLR_I	3QDJ_D		u
3252	2VLR_I	4JFD_D		u
3253	2VLR_I	4JFE_D		u
3254	2VLR_I	4JFF_D		u
3255	2VLR_I	3QIB_C		u
3256	2AK4_I	2BNR_D		u
3257	2AK4_D	2BNR_D		u
3258	2BNR_D	3QDG_D		u
3259	2BNQ_D	2BNR_D		u
3260	1BD2_D	2BNR_D		u
3261	2AK4_N	2BNR_D		u
3262	2BNR_D	2P5E_D		u
3263	2BNR_D	3QDJ_D		u
3264	2BNR_D	4JFD_D		u
3265	2BNR_D	4JFE_D		u
3266	2BNR_D	4JFF_D		u
3267	2BNR_D	3QIB_C		u
3268	2AK4_I	3QDG_D		u
3269	2AK4_I	2BNQ_D		u
3270	1BD2_D	2AK4_I		u
3271	2AK4_I	2P5E_D		u
3272	2AK4_I	3QDJ_D		u
3273	2AK4_I	4JFD_D		u
3274	2AK4_I	4JFE_D		u
3275	2AK4_I	4JFF_D		u
3276	2AK4_I	3QIB_C		u
3277	2AK4_D	3QDG_D		u
3278	2AK4_D	2BNQ_D		u
3279	1BD2_D	2AK4_D		u
3280	2AK4_D	2P5E_D		u
3281	2AK4_D	3QDJ_D		u
3282	2AK4_D	4JFD_D		u
3283	2AK4_D	4JFE_D		u
3284	2AK4_D	4JFF_D		u
3285	2AK4_D	3QIB_C		u
3286	2BNQ_D	3QDG_D		u
3287	1BD2_D	3QDG_D		u
3288	2AK4_N	3QDG_D		u
3289	2P5E_D	3QDG_D		u
3290	3QDG_D	3QDJ_D		u
3291	3QDG_D	4JFD_D		u
3292	3QDG_D	4JFE_D		u
3293	3QDG_D	4JFF_D		u
3294	3QDG_D	3QIB_C		u
3295	1BD2_D	2BNQ_D		u
3296	2AK4_N	2BNQ_D		u
3297	2BNQ_D	2P5E_D		u
3298	2BNQ_D	3QDJ_D		u
3299	2BNQ_D	4JFD_D		u
3300	2BNQ_D	4JFE_D		u
3301	2BNQ_D	4JFF_D		u
3302	2BNQ_D	3QIB_C		u
3303	1BD2_D	2AK4_N		u
3304	1BD2_D	2P5E_D		u
3305	1BD2_D	3QDJ_D		u
3306	1BD2_D	4JFD_D		u
3307	1BD2_D	4JFE_D		u
3308	1BD2_D	4JFF_D		u
3309	1BD2_D	3QIB_C		u
3310	2AK4_N	2P5E_D		u
3311	2AK4_N	3QDJ_D		u
3312	2AK4_N	4JFD_D		u
3313	2AK4_N	4JFE_D		u
3314	2AK4_N	4JFF_D		u
3315	2AK4_N	3QIB_C		u
3316	2P5E_D	3QDJ_D		u
3317	2P5E_D	4JFD_D		u
3318	2P5E_D	4JFE_D		u
3319	2P5E_D	4JFF_D		u
3320	2P5E_D	3QIB_C		u
3321	3QDJ_D	4JFD_D		u
3322	3QDJ_D	4JFE_D		u
3323	3QDJ_D	4JFF_D		u
3324	3QDJ_D	3QIB_C		u
3325	4JFD_D	4JFE_D		u
3326	4JFD_D	4JFF_D		u
3327	3QIB_C	4JFD_D		u
3328	4JFE_D	4JFF_D		u
3329	3QIB_C	4JFE_D		u
3330	3QIB_C	4JFF_D		u
3331	4NKQ_C	4RS1_A		u
3332	1B2S_B	1X1X_A		u
3333	1B2S_B	1B2U_B		u
3334	1B2S_B	1B3S_A		u
3335	1B2S_B	1B3S_C		u
3336	1B2S_B	1B2U_C		u
3337	1B2S_B	1BRS_B		u
3338	1B2S_B	1B2U_A		u
3339	1B2S_B	1BRS_A		u
3340	1B2S_B	1X1W_C		u
3341	1B2S_B	1X1W_A		u
3342	1B2S_B	1X1X_C		u
3343	1B2S_B	1X1X_B		u
3344	1B2S_B	1X1W_B		u
3345	1B2S_B	1B3S_B		u
3346	1B2S_B	1BRS_C		u
3347	1B2S_A	1X1X_A		u
3348	1B2S_A	1B2U_B		u
3349	1B2S_A	1B3S_A		u
3350	1B2S_A	1B3S_C		u
3351	1B2S_A	1B2U_C		u
3352	1B2S_A	1BRS_B		u
3353	1B2S_A	1B2U_A		u
3354	1B2S_A	1BRS_A		u
3355	1B2S_A	1X1W_C		u
3356	1B2S_A	1X1W_A		u
3357	1B2S_A	1X1X_C		u
3358	1B2S_A	1X1X_B		u
3359	1B2S_A	1X1W_B		u
3360	1B2S_A	1B3S_B		u
3361	1B2S_A	1BRS_C		u
3362	1B2U_B	1X1X_A		u
3363	1B3S_A	1X1X_A		u
3364	1B3S_C	1X1X_A		u
3365	1B2U_C	1X1X_A		u
3366	1BRS_B	1X1X_A		u
3367	1B2U_A	1X1X_A		u
3368	1BRS_A	1X1X_A		u
3369	1B2S_C	1X1X_A		u
3370	1X1W_C	1X1X_A		u
3371	1X1W_A	1X1X_A		u
3372	1X1W_B	1X1X_A		u
3373	1B3S_B	1X1X_A		u
3374	1BRS_C	1X1X_A		u
3375	1B2U_B	1B3S_A		u
3376	1B2U_B	1B3S_C		u
3377	1B2U_B	1BRS_B		u
3378	1B2U_B	1BRS_A		u
3379	1B2S_C	1B2U_B		u
3380	1B2U_B	1X1W_C		u
3381	1B2U_B	1X1W_A		u
3382	1B2U_B	1X1X_C		u
3383	1B2U_B	1X1X_B		u
3384	1B2U_B	1X1W_B		u
3385	1B2U_B	1B3S_B		u
3386	1B2U_B	1BRS_C		u
3387	1B2U_C	1B3S_A		u
3388	1B3S_A	1BRS_B		u
3389	1B2U_A	1B3S_A		u
3390	1B3S_A	1BRS_A		u
3391	1B2S_C	1B3S_A		u
3392	1B3S_A	1X1W_C		u
3393	1B3S_A	1X1W_A		u
3394	1B3S_A	1X1X_C		u
3395	1B3S_A	1X1X_B		u
3396	1B3S_A	1X1W_B		u
3397	1B3S_A	1BRS_C		u
3398	1B2U_C	1B3S_C		u
3399	1B3S_C	1BRS_B		u
3400	1B2U_A	1B3S_C		u
3401	1B3S_C	1BRS_A		u
3402	1B2S_C	1B3S_C		u
3403	1B3S_C	1X1W_C		u
3404	1B3S_C	1X1W_A		u
3405	1B3S_C	1X1X_C		u
3406	1B3S_C	1X1X_B		u
3407	1B3S_C	1X1W_B		u
3408	1B3S_C	1BRS_C		u
3409	1B2U_C	1BRS_B		u
3410	1B2U_C	1BRS_A		u
3411	1B2S_C	1B2U_C		u
3412	1B2U_C	1X1W_C		u
3413	1B2U_C	1X1W_A		u
3414	1B2U_C	1X1X_C		u
3415	1B2U_C	1X1X_B		u
3416	1B2U_C	1X1W_B		u
3417	1B2U_C	1B3S_B		u
3418	1B2U_C	1BRS_C		u
3419	1B2U_A	1BRS_B		u
3420	1B2S_C	1BRS_B		u
3421	1BRS_B	1X1W_C		u
3422	1BRS_B	1X1W_A		u
3423	1BRS_B	1X1X_C		u
3424	1BRS_B	1X1X_B		u
3425	1BRS_B	1X1W_B		u
3426	1B3S_B	1BRS_B		u
3427	1B2U_A	1BRS_A		u
3428	1B2S_C	1B2U_A		u
3429	1B2U_A	1X1W_C		u
3430	1B2U_A	1X1W_A		u
3431	1B2U_A	1X1X_C		u
3432	1B2U_A	1X1X_B		u
3433	1B2U_A	1X1W_B		u
3434	1B2U_A	1B3S_B		u
3435	1B2U_A	1BRS_C		u
3436	1B2S_C	1BRS_A		u
3437	1BRS_A	1X1W_C		u
3438	1BRS_A	1X1W_A		u
3439	1BRS_A	1X1X_C		u
3440	1BRS_A	1X1X_B		u
3441	1BRS_A	1X1W_B		u
3442	1B3S_B	1BRS_A		u
3443	1B2S_C	1X1W_C		u
3444	1B2S_C	1X1W_A		u
3445	1B2S_C	1X1X_C		u
3446	1B2S_C	1X1X_B		u
3447	1B2S_C	1X1W_B		u
3448	1B2S_C	1B3S_B		u
3449	1B2S_C	1BRS_C		u
3450	1X1W_C	1X1X_C		u
3451	1X1W_C	1X1X_B		u
3452	1B3S_B	1X1W_C		u
3453	1BRS_C	1X1W_C		u
3454	1X1W_A	1X1X_C		u
3455	1X1W_A	1X1X_B		u
3456	1B3S_B	1X1W_A		u
3457	1BRS_C	1X1W_A		u
3458	1X1W_B	1X1X_C		u
3459	1B3S_B	1X1X_C		u
3460	1BRS_C	1X1X_C		u
3461	1X1W_B	1X1X_B		u
3462	1B3S_B	1X1X_B		u
3463	1BRS_C	1X1X_B		u
3464	1B3S_B	1X1W_B		u
3465	1BRS_C	1X1W_B		u
3466	1B3S_B	1BRS_C		u
3467	1A4Y_A	1Z7X_Y		u
3468	1A4Y_D	1Z7X_Y		u
3469	1A4Y_A	1Z7X_W		u
3470	1A4Y_D	1Z7X_W		u
3471	1YY9_A	4KRL_A		u
3472	4KRL_A	4KRO_A		u
3473	4KRL_A	4KRP_A		u
3474	1YY9_A	4KRO_A		u
3475	1YY9_A	4KRP_A		u
3476	4KRO_A	4KRP_A		u
3477	1C1Y_A	1GUA_A		u
3478	1FR2_A	2GYK_E		u
3479	1FR2_A	2VLO_A		u
3480	1FR2_A	2VLN_A		u
3481	1FR2_A	2VLP_A		u
3482	1FR2_A	2GYK_A		u
3483	1FR2_A	2VLQ_A		u
3484	1EMV_A	1FR2_A		u
3485	2GYK_E	2VLO_A		u
3486	2GYK_E	2VLN_A		u
3487	2GYK_E	2VLP_A		u
3488	2GYK_E	2VLQ_A		u
3489	1EMV_A	2GYK_E		u
3490	2VLN_A	2VLO_A		u
3491	2VLO_A	2VLP_A		u
3492	2GYK_A	2VLO_A		u
3493	2VLO_A	2VLQ_A		u
3494	1EMV_A	2VLO_A		u
3495	2VLN_A	2VLP_A		u
3496	2GYK_A	2VLN_A		u
3497	2VLN_A	2VLQ_A		u
3498	1EMV_A	2VLN_A		u
3499	2GYK_A	2VLP_A		u
3500	2VLP_A	2VLQ_A		u
3501	1EMV_A	2VLP_A		u
3502	2GYK_A	2VLQ_A		u
3503	1EMV_A	2GYK_A		u
3504	1EMV_A	2VLQ_A		u
3505	1F5R_A	3TGK_E		u
3506	1FY8_E	3TGK_E		u
3507	1F5R_A	1FY8_E		u
3508	2B0U_C	3HH2_D		u
3509	2B0U_C	3HH2_C		u
3510	2B0U_D	3HH2_D		u
3511	2B0U_D	3HH2_C		u
3512	2B10_D	2PCC_B		u
3513	2B10_D	2PCC_D		u
3514	2B0Z_B	2B10_D		u
3515	2B10_D	2B11_D		u
3516	2B10_D	2B12_B		u
3517	2B10_D	2B11_B		u
3518	2B0Z_B	2PCC_B		u
3519	2B11_D	2PCC_B		u
3520	2B10_B	2PCC_B		u
3521	2B12_B	2PCC_B		u
3522	2B11_B	2PCC_B		u
3523	2B0Z_B	2PCC_D		u
3524	2B11_D	2PCC_D		u
3525	2B10_B	2PCC_D		u
3526	2B12_B	2PCC_D		u
3527	2B11_B	2PCC_D		u
3528	2B0Z_B	2B11_D		u
3529	2B0Z_B	2B10_B		u
3530	2B0Z_B	2B12_B		u
3531	2B0Z_B	2B11_B		u
3532	2B10_B	2B11_D		u
3533	2B11_D	2B12_B		u
3534	2B10_B	2B12_B		u
3535	2B10_B	2B11_B		u
3536	2B11_B	2B12_B		u
3537	3M62_A	3M63_A		u
3538	3MZW_A	3N85_A		u
3539	3N85_A	4HRN_D		u
3540	3N85_A	4HRN_C		u
3541	1N8Z_C	3N85_A		u
3542	3MZW_A	4HRN_D		u
3543	3MZW_A	4HRN_C		u
3544	1N8Z_C	3MZW_A		u
3545	1N8Z_C	4HRN_D		u
3546	1N8Z_C	4HRN_C		u
3547	1CSE_I	1SBN_I		u
3548	1CSE_I	1SIB_I		u
3549	1ACB_I	1CSE_I		u
3550	1SBN_I	1SIB_I		u
3551	1ACB_I	1SBN_I		u
3552	1ACB_I	1SIB_I		u
3553	1DVF_B	1KIR_B		u
3554	1DVF_B	1VFB_B		u
3555	1KIR_B	1VFB_B		u
3556	3BTD_E	3BTT_E		u
3557	1SMF_E	3BTD_E		u
3558	2FTL_E	3BTD_E		u
3559	3BTD_E	3BTM_E		u
3560	3BTD_E	3BTF_E		u
3561	3BTD_E	3BTG_E		u
3562	3BTD_E	3BTW_E		u
3563	3BTD_E	3BTE_E		u
3564	3BTD_E	3BTQ_E		u
3565	3BTD_E	3BTH_E		u
3566	1SMF_E	3BTT_E		u
3567	2FTL_E	3BTT_E		u
3568	3BTM_E	3BTT_E		u
3569	3BTF_E	3BTT_E		u
3570	3BTG_E	3BTT_E		u
3571	3BTT_E	3BTW_E		u
3572	3BTE_E	3BTT_E		u
3573	3BTQ_E	3BTT_E		u
3574	3BTH_E	3BTT_E		u
3575	1SMF_E	2FTL_E		u
3576	1SMF_E	3BTM_E		u
3577	1SMF_E	3BTF_E		u
3578	1SMF_E	3BTG_E		u
3579	1SMF_E	3BTW_E		u
3580	1SMF_E	3BTE_E		u
3581	1SMF_E	3BTQ_E		u
3582	1SMF_E	3BTH_E		u
3583	2FTL_E	3BTM_E		u
3584	2FTL_E	3BTF_E		u
3585	2FTL_E	3BTG_E		u
3586	2FTL_E	3BTW_E		u
3587	2FTL_E	3BTE_E		u
3588	2FTL_E	3BTQ_E		u
3589	2FTL_E	3BTH_E		u
3590	3BTF_E	3BTM_E		u
3591	3BTG_E	3BTM_E		u
3592	3BTM_E	3BTW_E		u
3593	3BTE_E	3BTM_E		u
3594	3BTM_E	3BTQ_E		u
3595	3BTH_E	3BTM_E		u
3596	3BTF_E	3BTG_E		u
3597	3BTF_E	3BTW_E		u
3598	3BTE_E	3BTF_E		u
3599	3BTF_E	3BTQ_E		u
3600	3BTF_E	3BTH_E		u
3601	3BTG_E	3BTW_E		u
3602	3BTE_E	3BTG_E		u
3603	3BTG_E	3BTQ_E		u
3604	3BTG_E	3BTH_E		u
3605	3BTE_E	3BTW_E		u
3606	3BTQ_E	3BTW_E		u
3607	3BTH_E	3BTW_E		u
3608	3BTE_E	3BTQ_E		u
3609	3BTE_E	3BTH_E		u
3610	3BTH_E	3BTQ_E		u
3611	1Y34_E	1Y48_E		u
3612	1Y33_E	1Y34_E		u
3613	1SIB_E	1Y34_E		u
3614	1TM3_E	1Y34_E		u
3615	1Y34_E	1Y3D_E		u
3616	1TM4_E	1Y34_E		u
3617	1SBN_E	1Y34_E		u
3618	1TM1_E	1Y34_E		u
3619	1TM5_E	1Y34_E		u
3620	1Y34_E	2SIC_E		u
3621	1TMG_E	1Y34_E		u
3622	1Y34_E	1Y3C_E		u
3623	1Y34_E	1Y3B_E		u
3624	1TO1_E	1Y34_E		u
3625	1Y1K_E	1Y34_E		u
3626	1TM7_E	1Y34_E		u
3627	1Y33_E	1Y48_E		u
3628	1SIB_E	1Y48_E		u
3629	1TM3_E	1Y48_E		u
3630	1Y3D_E	1Y48_E		u
3631	1TM4_E	1Y48_E		u
3632	1SBN_E	1Y48_E		u
3633	1TM1_E	1Y48_E		u
3634	1TM5_E	1Y48_E		u
3635	1Y48_E	2SIC_E		u
3636	1TMG_E	1Y48_E		u
3637	1Y3C_E	1Y48_E		u
3638	1Y3B_E	1Y48_E		u
3639	1TO1_E	1Y48_E		u
3640	1Y1K_E	1Y48_E		u
3641	1TM7_E	1Y48_E		u
3642	1SIB_E	1Y33_E		u
3643	1TM3_E	1Y33_E		u
3644	1Y33_E	1Y3D_E		u
3645	1TM4_E	1Y33_E		u
3646	1SBN_E	1Y33_E		u
3647	1TM1_E	1Y33_E		u
3648	1TM5_E	1Y33_E		u
3649	1Y33_E	2SIC_E		u
3650	1TMG_E	1Y33_E		u
3651	1Y33_E	1Y3C_E		u
3652	1Y33_E	1Y3B_E		u
3653	1TO1_E	1Y33_E		u
3654	1Y1K_E	1Y33_E		u
3655	1TM7_E	1Y33_E		u
3656	1SIB_E	1TM3_E		u
3657	1SIB_E	1Y3D_E		u
3658	1SIB_E	1TM4_E		u
3659	1SBN_E	1SIB_E		u
3660	1SIB_E	1TM1_E		u
3661	1SIB_E	1TM5_E		u
3662	1SIB_E	2SIC_E		u
3663	1SIB_E	1TMG_E		u
3664	1SIB_E	1Y3C_E		u
3665	1SIB_E	1Y3B_E		u
3666	1SIB_E	1TO1_E		u
3667	1SIB_E	1Y1K_E		u
3668	1SIB_E	1TM7_E		u
3669	1TM3_E	1Y3D_E		u
3670	1TM3_E	1TM4_E		u
3671	1SBN_E	1TM3_E		u
3672	1TM1_E	1TM3_E		u
3673	1TM3_E	1TM5_E		u
3674	1TM3_E	2SIC_E		u
3675	1TM3_E	1TMG_E		u
3676	1TM3_E	1Y3C_E		u
3677	1TM3_E	1Y3B_E		u
3678	1TM3_E	1TO1_E		u
3679	1TM3_E	1Y1K_E		u
3680	1TM3_E	1TM7_E		u
3681	1TM4_E	1Y3D_E		u
3682	1SBN_E	1Y3D_E		u
3683	1TM1_E	1Y3D_E		u
3684	1TM5_E	1Y3D_E		u
3685	1Y3D_E	2SIC_E		u
3686	1TMG_E	1Y3D_E		u
3687	1Y3C_E	1Y3D_E		u
3688	1Y3B_E	1Y3D_E		u
3689	1TO1_E	1Y3D_E		u
3690	1Y1K_E	1Y3D_E		u
3691	1TM7_E	1Y3D_E		u
3692	1SBN_E	1TM4_E		u
3693	1TM1_E	1TM4_E		u
3694	1TM4_E	1TM5_E		u
3695	1TM4_E	2SIC_E		u
3696	1TM4_E	1TMG_E		u
3697	1TM4_E	1Y3C_E		u
3698	1TM4_E	1Y3B_E		u
3699	1TM4_E	1TO1_E		u
3700	1TM4_E	1Y1K_E		u
3701	1TM4_E	1TM7_E		u
3702	1SBN_E	1TM1_E		u
3703	1SBN_E	1TM5_E		u
3704	1SBN_E	2SIC_E		u
3705	1SBN_E	1TMG_E		u
3706	1SBN_E	1Y3C_E		u
3707	1SBN_E	1Y3B_E		u
3708	1SBN_E	1TO1_E		u
3709	1SBN_E	1Y1K_E		u
3710	1SBN_E	1TM7_E		u
3711	1TM1_E	1TM5_E		u
3712	1TM1_E	2SIC_E		u
3713	1TM1_E	1TMG_E		u
3714	1TM1_E	1Y3C_E		u
3715	1TM1_E	1Y3B_E		u
3716	1TM1_E	1TO1_E		u
3717	1TM1_E	1Y1K_E		u
3718	1TM1_E	1TM7_E		u
3719	1TM5_E	2SIC_E		u
3720	1TM5_E	1TMG_E		u
3721	1TM5_E	1Y3C_E		u
3722	1TM5_E	1Y3B_E		u
3723	1TM5_E	1TO1_E		u
3724	1TM5_E	1Y1K_E		u
3725	1TM5_E	1TM7_E		u
3726	1TMG_E	2SIC_E		u
3727	1Y3C_E	2SIC_E		u
3728	1Y3B_E	2SIC_E		u
3729	1TO1_E	2SIC_E		u
3730	1Y1K_E	2SIC_E		u
3731	1TM7_E	2SIC_E		u
3732	1TMG_E	1Y3C_E		u
3733	1TMG_E	1Y3B_E		u
3734	1TMG_E	1TO1_E		u
3735	1TMG_E	1Y1K_E		u
3736	1TM7_E	1TMG_E		u
3737	1Y3B_E	1Y3C_E		u
3738	1TO1_E	1Y3C_E		u
3739	1Y1K_E	1Y3C_E		u
3740	1TM7_E	1Y3C_E		u
3741	1TO1_E	1Y3B_E		u
3742	1Y1K_E	1Y3B_E		u
3743	1TM7_E	1Y3B_E		u
3744	1TO1_E	1Y1K_E		u
3745	1TM7_E	1TO1_E		u
3746	1TM7_E	1Y1K_E		u
3747	2E7L_C	2OI9_C		u
3748	2E7L_D	2OI9_C		u
3749	3MZG_A	3NCC_A		u
3750	3NCB_A	3NCC_A		u
3751	3N06_A	3NCC_A		u
3752	3N0P_A	3NCC_A		u
3753	3MZG_A	3NCB_A		u
3754	3MZG_A	3N06_A		u
3755	3MZG_A	3N0P_A		u
3756	3N06_A	3NCB_A		u
3757	3N0P_A	3NCB_A		u
3758	3N06_A	3N0P_A		u
3759	3C60_H	4P23_D		u
3760	3C60_H	4P5T_D		u
3761	3C60_H	4P5T_H		u
3762	3C60_D	4P23_D		u
3763	3C60_D	4P5T_D		u
3764	3C60_D	4P5T_H		u
3765	4P23_D	4P5T_D		u
3766	4P23_D	4P5T_H		u
3767	3SF4_B	4WND_A		u
3768	3SF4_A	4WND_A		u
3769	3SF4_C	4WND_A		u
3770	2B10_C	2PCB_C		u
3771	2PCB_C	2PCC_A		u
3772	2PCB_C	2PCC_C		u
3773	2B0Z_A	2PCB_C		u
3774	2B11_A	2PCB_C		u
3775	2B12_A	2PCB_C		u
3776	2B11_C	2PCB_C		u
3777	2B10_A	2PCB_C		u
3778	2B10_C	2PCB_A		u
3779	2B10_C	2PCC_A		u
3780	2B10_C	2PCC_C		u
3781	2B0Z_A	2B10_C		u
3782	2B10_C	2B11_A		u
3783	2B10_C	2B12_A		u
3784	2B10_C	2B11_C		u
3785	2PCB_A	2PCC_A		u
3786	2PCB_A	2PCC_C		u
3787	2B0Z_A	2PCB_A		u
3788	2B11_A	2PCB_A		u
3789	2B12_A	2PCB_A		u
3790	2B11_C	2PCB_A		u
3791	2B10_A	2PCB_A		u
3792	2B0Z_A	2PCC_A		u
3793	2B11_A	2PCC_A		u
3794	2B12_A	2PCC_A		u
3795	2B11_C	2PCC_A		u
3796	2B10_A	2PCC_A		u
3797	2B0Z_A	2PCC_C		u
3798	2B11_A	2PCC_C		u
3799	2B12_A	2PCC_C		u
3800	2B11_C	2PCC_C		u
3801	2B10_A	2PCC_C		u
3802	2B0Z_A	2B11_A		u
3803	2B0Z_A	2B12_A		u
3804	2B0Z_A	2B11_C		u
3805	2B0Z_A	2B10_A		u
3806	2B11_A	2B12_A		u
3807	2B10_A	2B11_A		u
3808	2B11_C	2B12_A		u
3809	2B10_A	2B12_A		u
3810	2B10_A	2B11_C		u
3811	3UIG_P	3UII_P		u
3812	3UIG_Q	3UII_P		u
3813	3UIG_P	3UII_Q		u
3814	3UIG_Q	3UII_Q		u
3815	2B0U_B	3B4V_A		u
3816	2B0U_A	3B4V_A		u
3817	2B0U_B	3B4V_E		u
3818	2B0U_A	3B4V_E		u
3819	2B0U_B	3B4V_F		u
3820	2B0U_A	3B4V_F		u
3821	2B0U_B	3B4V_B		u
3822	2B0U_A	3B4V_B		u
3823	1A22_A	1BP3_A		u
3824	1SBB_B	3W2D_A		u
3825	1SBB_D	3W2D_A		u
3826	3B4V_D	3SEK_C		u
3827	3B4V_C	3SEK_C		u
3828	3B4V_H	3SEK_C		u
3829	3B4V_G	3SEK_C		u
3830	1BP3_B	3MZG_B		u
3831	1BP3_B	3NCC_B		u
3832	1BP3_B	3NCB_B		u
3833	1BP3_B	3N06_B		u
3834	1BP3_B	3N0P_B		u
3835	3MZG_B	3NCC_B		u
3836	3MZG_B	3NCB_B		u
3837	3MZG_B	3N06_B		u
3838	3MZG_B	3N0P_B		u
3839	3NCB_B	3NCC_B		u
3840	3N06_B	3NCC_B		u
3841	3N0P_B	3NCC_B		u
3842	3N06_B	3NCB_B		u
3843	3N0P_B	3NCB_B		u
3844	3N06_B	3N0P_B		u
3845	1E50_H	1H9D_B		u
3846	1E50_H	1H9D_D		u
3847	1E50_F	1H9D_B		u
3848	1E50_F	1H9D_D		u
3849	1E50_B	1H9D_B		u
3850	1E50_B	1H9D_D		u
3851	1E50_D	1H9D_B		u
3852	1E50_D	1H9D_D		u
3853	4JFF_C	4L3E_C		u
3854	4L3E_C	5E9D_H		u
3855	4L3E_C	5E9D_C		u
3856	4JFF_C	5E9D_H		u
3857	4JFF_C	5E9D_C		u
3858	1AHW_D	1DQJ_A		u
3859	1AHW_D	1JRH_L		u
3860	1AHW_D	1XGP_A		u
3861	1AHW_D	1MLC_A		u
3862	1AHW_D	1XGQ_A		u
3863	1AHW_D	1MLC_C		u
3864	1AHW_D	1XGU_A		u
3865	1AHW_D	3HFM_L		u
3866	1DQJ_A	1JRH_L		u
3867	1DQJ_A	1XGP_A		u
3868	1DQJ_A	1MLC_A		u
3869	1DQJ_A	1XGQ_A		u
3870	1DQJ_A	1MLC_C		u
3871	1DQJ_A	1XGU_A		u
3872	1AHW_A	1DQJ_A		u
3873	1DQJ_A	3HFM_L		u
3874	1JRH_L	1XGP_A		u
3875	1JRH_L	1MLC_A		u
3876	1JRH_L	1XGQ_A		u
3877	1JRH_L	1MLC_C		u
3878	1JRH_L	1XGU_A		u
3879	1AHW_A	1JRH_L		u
3880	1JRH_L	3HFM_L		u
3881	1MLC_A	1XGP_A		u
3882	1XGP_A	1XGQ_A		u
3883	1MLC_C	1XGP_A		u
3884	1XGP_A	1XGU_A		u
3885	1AHW_A	1XGP_A		u
3886	1XGP_A	3HFM_L		u
3887	1MLC_A	1XGQ_A		u
3888	1MLC_A	1XGU_A		u
3889	1AHW_A	1MLC_A		u
3890	1MLC_A	3HFM_L		u
3891	1MLC_C	1XGQ_A		u
3892	1XGQ_A	1XGU_A		u
3893	1AHW_A	1XGQ_A		u
3894	1XGQ_A	3HFM_L		u
3895	1MLC_C	1XGU_A		u
3896	1AHW_A	1MLC_C		u
3897	1MLC_C	3HFM_L		u
3898	1AHW_A	1XGU_A		u
3899	1XGU_A	3HFM_L		u
3900	1AHW_A	3HFM_L		u
3901	1S1Q_D	1XD3_D		u
3902	1S1Q_B	1XD3_D		u
3903	1S1Q_D	1XD3_B		u
3904	1S1Q_B	1XD3_B		u
3905	4P23_C	4P5T_C		u
3906	3C60_C	4P23_C		u
3907	4P23_C	4P5T_G		u
3908	3C60_G	4P23_C		u
3909	3C60_C	4P5T_C		u
3910	3C60_G	4P5T_C		u
3911	3C60_C	4P5T_G		u
3912	3C60_G	4P5T_G		u
3913	1C1Y_B	4G0N_B		u
3914	1C1Y_B	1GUA_B		u
3915	1C1Y_B	3KUD_B		u
3916	1GUA_B	4G0N_B		u
3917	3KUD_B	4G0N_B		u
3918	1GUA_B	3KUD_B		u
3919	1MI5_A	2AK4_Q		u
3920	1MI5_A	2AK4_F		u
3921	1MI5_A	2AK4_A		u
3922	1MI5_A	2AK4_K		u
3923	2AK4_E	4OZG_F		u
3924	2AK4_U	4OZG_F		u
3925	4MNQ_E	4OZG_F		u
3926	1MI5_E	4OZG_F		u
3927	4JFD_E	4OZG_F		u
3928	3D3V_E	4OZG_F		u
3929	2VLR_J	4OZG_F		u
3930	2BNR_E	4OZG_F		u
3931	4JFF_E	4OZG_F		u
3932	2BNQ_E	4OZG_F		u
3933	1AO7_E	4OZG_F		u
3934	2AK4_P	4OZG_F		u
3935	2VLR_E	4OZG_F		u
3936	4JFE_E	4OZG_F		u
3937	2AK4_J	4OZG_F		u
3938	1OGA_E	4OZG_F		u
3939	2AK4_E	4MNQ_E		u
3940	1MI5_E	2AK4_E		u
3941	2AK4_E	4JFD_E		u
3942	2AK4_E	3D3V_E		u
3943	2AK4_E	2VLR_J		u
3944	2AK4_E	2BNR_E		u
3945	2AK4_E	4OZG_H		u
3946	2AK4_E	4JFF_E		u
3947	2AK4_E	2BNQ_E		u
3948	1AO7_E	2AK4_E		u
3949	2AK4_E	2VLR_E		u
3950	2AK4_E	4JFE_E		u
3951	1OGA_E	2AK4_E		u
3952	2AK4_U	4MNQ_E		u
3953	1MI5_E	2AK4_U		u
3954	2AK4_U	4JFD_E		u
3955	2AK4_U	3D3V_E		u
3956	2AK4_U	2VLR_J		u
3957	2AK4_U	2BNR_E		u
3958	2AK4_U	4OZG_H		u
3959	2AK4_U	4JFF_E		u
3960	2AK4_U	2BNQ_E		u
3961	1AO7_E	2AK4_U		u
3962	2AK4_U	2VLR_E		u
3963	2AK4_U	4JFE_E		u
3964	1OGA_E	2AK4_U		u
3965	1MI5_E	4MNQ_E		u
3966	4JFD_E	4MNQ_E		u
3967	3D3V_E	4MNQ_E		u
3968	2VLR_J	4MNQ_E		u
3969	2BNR_E	4MNQ_E		u
3970	4MNQ_E	4OZG_H		u
3971	4JFF_E	4MNQ_E		u
3972	2BNQ_E	4MNQ_E		u
3973	1AO7_E	4MNQ_E		u
3974	2AK4_P	4MNQ_E		u
3975	2VLR_E	4MNQ_E		u
3976	4JFE_E	4MNQ_E		u
3977	2AK4_J	4MNQ_E		u
3978	1OGA_E	4MNQ_E		u
3979	1MI5_E	4JFD_E		u
3980	1MI5_E	3D3V_E		u
3981	1MI5_E	2VLR_J		u
3982	1MI5_E	2BNR_E		u
3983	1MI5_E	4OZG_H		u
3984	1MI5_E	4JFF_E		u
3985	1MI5_E	2BNQ_E		u
3986	1AO7_E	1MI5_E		u
3987	1MI5_E	2AK4_P		u
3988	1MI5_E	2VLR_E		u
3989	1MI5_E	4JFE_E		u
3990	1MI5_E	2AK4_J		u
3991	1MI5_E	1OGA_E		u
3992	3D3V_E	4JFD_E		u
3993	2VLR_J	4JFD_E		u
3994	2BNR_E	4JFD_E		u
3995	4JFD_E	4OZG_H		u
3996	4JFD_E	4JFF_E		u
3997	2BNQ_E	4JFD_E		u
3998	1AO7_E	4JFD_E		u
3999	2AK4_P	4JFD_E		u
4000	2VLR_E	4JFD_E		u
4001	4JFD_E	4JFE_E		u
4002	2AK4_J	4JFD_E		u
4003	1OGA_E	4JFD_E		u
4004	2VLR_J	3D3V_E		u
4005	2BNR_E	3D3V_E		u
4006	3D3V_E	4OZG_H		u
4007	3D3V_E	4JFF_E		u
4008	2BNQ_E	3D3V_E		u
4009	1AO7_E	3D3V_E		u
4010	2AK4_P	3D3V_E		u
4011	2VLR_E	3D3V_E		u
4012	3D3V_E	4JFE_E		u
4013	2AK4_J	3D3V_E		u
4014	1OGA_E	3D3V_E		u
4015	2BNR_E	2VLR_J		u
4016	2VLR_J	4OZG_H		u
4017	2VLR_J	4JFF_E		u
4018	2BNQ_E	2VLR_J		u
4019	1AO7_E	2VLR_J		u
4020	2AK4_P	2VLR_J		u
4021	2VLR_J	4JFE_E		u
4022	2AK4_J	2VLR_J		u
4023	1OGA_E	2VLR_J		u
4024	2BNR_E	4OZG_H		u
4025	2BNR_E	4JFF_E		u
4026	2BNQ_E	2BNR_E		u
4027	1AO7_E	2BNR_E		u
4028	2AK4_P	2BNR_E		u
4029	2BNR_E	2VLR_E		u
4030	2BNR_E	4JFE_E		u
4031	2AK4_J	2BNR_E		u
4032	1OGA_E	2BNR_E		u
4033	4JFF_E	4OZG_H		u
4034	2BNQ_E	4OZG_H		u
4035	1AO7_E	4OZG_H		u
4036	2AK4_P	4OZG_H		u
4037	2VLR_E	4OZG_H		u
4038	4JFE_E	4OZG_H		u
4039	2AK4_J	4OZG_H		u
4040	1OGA_E	4OZG_H		u
4041	2BNQ_E	4JFF_E		u
4042	1AO7_E	4JFF_E		u
4043	2AK4_P	4JFF_E		u
4044	2VLR_E	4JFF_E		u
4045	4JFE_E	4JFF_E		u
4046	2AK4_J	4JFF_E		u
4047	1OGA_E	4JFF_E		u
4048	1AO7_E	2BNQ_E		u
4049	2AK4_P	2BNQ_E		u
4050	2BNQ_E	2VLR_E		u
4051	2BNQ_E	4JFE_E		u
4052	2AK4_J	2BNQ_E		u
4053	1OGA_E	2BNQ_E		u
4054	1AO7_E	2AK4_P		u
4055	1AO7_E	2VLR_E		u
4056	1AO7_E	4JFE_E		u
4057	1AO7_E	2AK4_J		u
4058	1AO7_E	1OGA_E		u
4059	2AK4_P	2VLR_E		u
4060	2AK4_P	4JFE_E		u
4061	1OGA_E	2AK4_P		u
4062	2VLR_E	4JFE_E		u
4063	2AK4_J	2VLR_E		u
4064	1OGA_E	2VLR_E		u
4065	2AK4_J	4JFE_E		u
4066	1OGA_E	4JFE_E		u
4067	1OGA_E	2AK4_J		u
4068	1GC1_G	4JPK_A		u
4069	1JTG_B	2G2U_B		u
4070	1JTG_B	1S0W_C		u
4071	1JTG_B	1S0W_D		u
4072	1JTG_B	2G2W_B		u
4073	1JTG_B	3N4I_B		u
4074	1S0W_C	2G2U_B		u
4075	1JTG_D	2G2U_B		u
4076	1S0W_D	2G2U_B		u
4077	2G2U_B	2G2W_B		u
4078	2G2U_B	3N4I_B		u
4079	1JTG_D	1S0W_C		u
4080	1S0W_C	2G2W_B		u
4081	1S0W_C	3N4I_B		u
4082	1JTG_D	1S0W_D		u
4083	1JTG_D	2G2W_B		u
4084	1JTG_D	3N4I_B		u
4085	1S0W_D	2G2W_B		u
4086	1S0W_D	3N4I_B		u
4087	2G2W_B	3N4I_B		u
4088	1Y3B_I	1Y48_I		u
4089	1TMG_I	1Y48_I		u
4090	1Y33_I	1Y48_I		u
4091	1TM3_I	1Y48_I		u
4092	1Y3D_I	1Y48_I		u
4093	1TM7_I	1Y48_I		u
4094	1TO1_I	1Y48_I		u
4095	1Y3C_I	1Y48_I		u
4096	1TM1_I	1Y48_I		u
4097	1TM5_I	1Y48_I		u
4098	1Y34_I	1Y48_I		u
4099	1TM4_I	1Y48_I		u
4100	1Y1K_I	1Y48_I		u
4101	1TMG_I	1Y3B_I		u
4102	1Y33_I	1Y3B_I		u
4103	1TM3_I	1Y3B_I		u
4104	1Y3B_I	1Y3D_I		u
4105	1TM7_I	1Y3B_I		u
4106	1TO1_I	1Y3B_I		u
4107	1Y3B_I	1Y3C_I		u
4108	1TM1_I	1Y3B_I		u
4109	1TM5_I	1Y3B_I		u
4110	1Y34_I	1Y3B_I		u
4111	1TM4_I	1Y3B_I		u
4112	1Y1K_I	1Y3B_I		u
4113	1TMG_I	1Y33_I		u
4114	1TM3_I	1TMG_I		u
4115	1TMG_I	1Y3D_I		u
4116	1TM7_I	1TMG_I		u
4117	1TMG_I	1TO1_I		u
4118	1TMG_I	1Y3C_I		u
4119	1TM1_I	1TMG_I		u
4120	1TM5_I	1TMG_I		u
4121	1TMG_I	1Y34_I		u
4122	1TM4_I	1TMG_I		u
4123	1TMG_I	1Y1K_I		u
4124	1TM3_I	1Y33_I		u
4125	1Y33_I	1Y3D_I		u
4126	1TM7_I	1Y33_I		u
4127	1TO1_I	1Y33_I		u
4128	1Y33_I	1Y3C_I		u
4129	1TM1_I	1Y33_I		u
4130	1TM5_I	1Y33_I		u
4131	1Y33_I	1Y34_I		u
4132	1TM4_I	1Y33_I		u
4133	1Y1K_I	1Y33_I		u
4134	1TM3_I	1Y3D_I		u
4135	1TM3_I	1TM7_I		u
4136	1TM3_I	1TO1_I		u
4137	1TM3_I	1Y3C_I		u
4138	1TM1_I	1TM3_I		u
4139	1TM3_I	1TM5_I		u
4140	1TM3_I	1Y34_I		u
4141	1TM3_I	1TM4_I		u
4142	1TM3_I	1Y1K_I		u
4143	1TM7_I	1Y3D_I		u
4144	1TO1_I	1Y3D_I		u
4145	1Y3C_I	1Y3D_I		u
4146	1TM1_I	1Y3D_I		u
4147	1TM5_I	1Y3D_I		u
4148	1Y34_I	1Y3D_I		u
4149	1TM4_I	1Y3D_I		u
4150	1Y1K_I	1Y3D_I		u
4151	1TM7_I	1TO1_I		u
4152	1TM7_I	1Y3C_I		u
4153	1TM1_I	1TM7_I		u
4154	1TM5_I	1TM7_I		u
4155	1TM7_I	1Y34_I		u
4156	1TM4_I	1TM7_I		u
4157	1TM7_I	1Y1K_I		u
4158	1TO1_I	1Y3C_I		u
4159	1TM1_I	1TO1_I		u
4160	1TM5_I	1TO1_I		u
4161	1TO1_I	1Y34_I		u
4162	1TM4_I	1TO1_I		u
4163	1TO1_I	1Y1K_I		u
4164	1TM1_I	1Y3C_I		u
4165	1TM5_I	1Y3C_I		u
4166	1Y34_I	1Y3C_I		u
4167	1TM4_I	1Y3C_I		u
4168	1Y1K_I	1Y3C_I		u
4169	1TM1_I	1TM5_I		u
4170	1TM1_I	1Y34_I		u
4171	1TM1_I	1TM4_I		u
4172	1TM1_I	1Y1K_I		u
4173	1TM5_I	1Y34_I		u
4174	1TM4_I	1TM5_I		u
4175	1TM5_I	1Y1K_I		u
4176	1TM4_I	1Y34_I		u
4177	1Y1K_I	1Y34_I		u
4178	1TM4_I	1Y1K_I		u
4179	2NYY_A	2NZ9_A		u
4180	2NYY_A	2NZ9_B		u
4181	1KAC_A	1P69_A		u
4182	1P69_A	1P6A_A		u
4183	1KAC_A	1P6A_A		u
4184	1CSE_E	1R0R_E		u
4185	1SGQ_E	2NU0_E		u
4186	1SGP_E	2NU0_E		u
4187	1CT4_E	2NU0_E		u
4188	1CT2_E	2NU0_E		u
4189	2NU0_E	2NU1_E		u
4190	2NU0_E	2NU4_E		u
4191	1CT0_E	2NU0_E		u
4192	1CSO_E	2NU0_E		u
4193	1SGE_E	2NU0_E		u
4194	1SGN_E	2NU0_E		u
4195	2NU0_E	2SGP_E		u
4196	2NU0_E	3SGB_E		u
4197	1SGY_E	2NU0_E		u
4198	1SGD_E	2NU0_E		u
4199	2NU0_E	2SGQ_E		u
4200	2NU0_E	2NU2_E		u
4201	1SGP_E	1SGQ_E		u
4202	1CT4_E	1SGQ_E		u
4203	1CT2_E	1SGQ_E		u
4204	1SGQ_E	2NU1_E		u
4205	1SGQ_E	2NU4_E		u
4206	1CT0_E	1SGQ_E		u
4207	1CSO_E	1SGQ_E		u
4208	1SGE_E	1SGQ_E		u
4209	1SGN_E	1SGQ_E		u
4210	1SGQ_E	2SGP_E		u
4211	1SGQ_E	3SGB_E		u
4212	1SGQ_E	1SGY_E		u
4213	1SGD_E	1SGQ_E		u
4214	1SGQ_E	2SGQ_E		u
4215	1SGQ_E	2NU2_E		u
4216	1CT4_E	1SGP_E		u
4217	1CT2_E	1SGP_E		u
4218	1SGP_E	2NU1_E		u
4219	1SGP_E	2NU4_E		u
4220	1CT0_E	1SGP_E		u
4221	1CSO_E	1SGP_E		u
4222	1SGE_E	1SGP_E		u
4223	1SGN_E	1SGP_E		u
4224	1SGP_E	2SGP_E		u
4225	1SGP_E	3SGB_E		u
4226	1SGP_E	1SGY_E		u
4227	1SGD_E	1SGP_E		u
4228	1SGP_E	2SGQ_E		u
4229	1SGP_E	2NU2_E		u
4230	1CT2_E	1CT4_E		u
4231	1CT4_E	2NU1_E		u
4232	1CT4_E	2NU4_E		u
4233	1CT0_E	1CT4_E		u
4234	1CSO_E	1CT4_E		u
4235	1CT4_E	1SGE_E		u
4236	1CT4_E	1SGN_E		u
4237	1CT4_E	2SGP_E		u
4238	1CT4_E	3SGB_E		u
4239	1CT4_E	1SGY_E		u
4240	1CT4_E	1SGD_E		u
4241	1CT4_E	2SGQ_E		u
4242	1CT4_E	2NU2_E		u
4243	1CT2_E	2NU1_E		u
4244	1CT2_E	2NU4_E		u
4245	1CT0_E	1CT2_E		u
4246	1CSO_E	1CT2_E		u
4247	1CT2_E	1SGE_E		u
4248	1CT2_E	1SGN_E		u
4249	1CT2_E	2SGP_E		u
4250	1CT2_E	3SGB_E		u
4251	1CT2_E	1SGY_E		u
4252	1CT2_E	1SGD_E		u
4253	1CT2_E	2SGQ_E		u
4254	1CT2_E	2NU2_E		u
4255	2NU1_E	2NU4_E		u
4256	1CT0_E	2NU1_E		u
4257	1CSO_E	2NU1_E		u
4258	1SGE_E	2NU1_E		u
4259	1SGN_E	2NU1_E		u
4260	2NU1_E	2SGP_E		u
4261	2NU1_E	3SGB_E		u
4262	1SGY_E	2NU1_E		u
4263	1SGD_E	2NU1_E		u
4264	2NU1_E	2SGQ_E		u
4265	2NU1_E	2NU2_E		u
4266	1CT0_E	2NU4_E		u
4267	1CSO_E	2NU4_E		u
4268	1SGE_E	2NU4_E		u
4269	1SGN_E	2NU4_E		u
4270	2NU4_E	2SGP_E		u
4271	2NU4_E	3SGB_E		u
4272	1SGY_E	2NU4_E		u
4273	1SGD_E	2NU4_E		u
4274	2NU4_E	2SGQ_E		u
4275	2NU2_E	2NU4_E		u
4276	1CSO_E	1CT0_E		u
4277	1CT0_E	1SGE_E		u
4278	1CT0_E	1SGN_E		u
4279	1CT0_E	2SGP_E		u
4280	1CT0_E	3SGB_E		u
4281	1CT0_E	1SGY_E		u
4282	1CT0_E	1SGD_E		u
4283	1CT0_E	2SGQ_E		u
4284	1CT0_E	2NU2_E		u
4285	1CSO_E	1SGE_E		u
4286	1CSO_E	1SGN_E		u
4287	1CSO_E	2SGP_E		u
4288	1CSO_E	3SGB_E		u
4289	1CSO_E	1SGY_E		u
4290	1CSO_E	1SGD_E		u
4291	1CSO_E	2SGQ_E		u
4292	1CSO_E	2NU2_E		u
4293	1SGE_E	1SGN_E		u
4294	1SGE_E	2SGP_E		u
4295	1SGE_E	3SGB_E		u
4296	1SGE_E	1SGY_E		u
4297	1SGD_E	1SGE_E		u
4298	1SGE_E	2SGQ_E		u
4299	1SGE_E	2NU2_E		u
4300	1SGN_E	2SGP_E		u
4301	1SGN_E	3SGB_E		u
4302	1SGN_E	1SGY_E		u
4303	1SGD_E	1SGN_E		u
4304	1SGN_E	2SGQ_E		u
4305	1SGN_E	2NU2_E		u
4306	2SGP_E	3SGB_E		u
4307	1SGY_E	2SGP_E		u
4308	1SGD_E	2SGP_E		u
4309	2SGP_E	2SGQ_E		u
4310	2NU2_E	2SGP_E		u
4311	1SGY_E	3SGB_E		u
4312	1SGD_E	3SGB_E		u
4313	2SGQ_E	3SGB_E		u
4314	2NU2_E	3SGB_E		u
4315	1SGD_E	1SGY_E		u
4316	1SGY_E	2SGQ_E		u
4317	1SGY_E	2NU2_E		u
4318	1SGD_E	2SGQ_E		u
4319	1SGD_E	2NU2_E		u
4320	2NU2_E	2SGQ_E		u
4321	3U82_B	4MYW_B		u
4322	3U82_B	4MYW_D		u
4323	1BD2_C	4FTV_C		u
4324	1MHP_A	2B2X_A		u
4325	1MHP_A	2B2X_B		u
4326	1MHP_B	2B2X_A		u
4327	1MHP_B	2B2X_B		u
4328	2J8U_J	2UWE_J		u
4329	1LP9_J	2J8U_J		u
4330	1LP9_C	2J8U_J		u
4331	2J8U_J	2JCC_C		u
4332	2J8U_J	2UWE_C		u
4333	2J8U_J	2JCC_J		u
4334	1LP9_J	2UWE_J		u
4335	1LP9_C	2UWE_J		u
4336	2JCC_C	2UWE_J		u
4337	2J8U_C	2UWE_J		u
4338	2JCC_J	2UWE_J		u
4339	1LP9_J	2JCC_C		u
4340	1LP9_J	2UWE_C		u
4341	1LP9_J	2J8U_C		u
4342	1LP9_J	2JCC_J		u
4343	1LP9_C	2JCC_C		u
4344	1LP9_C	2UWE_C		u
4345	1LP9_C	2J8U_C		u
4346	1LP9_C	2JCC_J		u
4347	2JCC_C	2UWE_C		u
4348	2J8U_C	2JCC_C		u
4349	2J8U_C	2UWE_C		u
4350	2JCC_J	2UWE_C		u
4351	2J8U_C	2JCC_J		u
4352	1BJ1_W	1CZ8_V		u
4353	1BJ1_W	1CZ8_W		u
4354	1BJ1_V	1CZ8_V		u
4355	1BJ1_V	1CZ8_W		u
4356	1LP9_L	2JCC_E		u
4357	2J8U_E	2JCC_E		u
4358	2J8U_L	2JCC_E		u
4359	1LP9_E	2JCC_E		u
4360	1LP9_L	2JCC_L		u
4361	2J8U_E	2JCC_L		u
4362	2J8U_L	2JCC_L		u
4363	1LP9_E	2JCC_L		u
4364	1LP9_L	2J8U_E		u
4365	1LP9_L	2J8U_L		u
4366	1LP9_E	2J8U_E		u
4367	1LP9_E	2J8U_L		u
4368	4FZA_A	4O27_A		u
4369	4FZA_A	4NZW_A		u
4370	4NZW_A	4O27_A		u
4371	4NKQ_B	4RS1_B		u
4372	1B2U_D	1BRS_F		u
4373	1BRS_F	1X1W_D		u
4374	1BRS_F	1X1W_F		u
4375	1BRS_F	1X1X_D		u
4376	1B3S_F	1BRS_F		u
4377	1B2U_E	1BRS_F		u
4378	1B2S_E	1BRS_F		u
4379	1B2S_F	1BRS_F		u
4380	1BRS_F	1X1X_E		u
4381	1BRS_F	1X1X_F		u
4382	1BRS_F	1X1W_E		u
4383	1B2S_D	1BRS_F		u
4384	1B3S_D	1BRS_F		u
4385	1B2U_F	1BRS_F		u
4386	1B3S_E	1BRS_F		u
4387	1B2U_D	1X1W_D		u
4388	1B2U_D	1BRS_E		u
4389	1B2U_D	1X1W_F		u
4390	1B2U_D	1BRS_D		u
4391	1B2U_D	1X1X_D		u
4392	1B2U_D	1B3S_F		u
4393	1B2S_E	1B2U_D		u
4394	1B2S_F	1B2U_D		u
4395	1B2U_D	1X1X_E		u
4396	1B2U_D	1X1X_F		u
4397	1B2U_D	1X1W_E		u
4398	1B2S_D	1B2U_D		u
4399	1B2U_D	1B3S_D		u
4400	1B2U_D	1B3S_E		u
4401	1BRS_E	1X1W_D		u
4402	1BRS_D	1X1W_D		u
4403	1X1W_D	1X1X_D		u
4404	1B3S_F	1X1W_D		u
4405	1B2U_E	1X1W_D		u
4406	1B2S_E	1X1W_D		u
4407	1B2S_F	1X1W_D		u
4408	1X1W_D	1X1X_E		u
4409	1X1W_D	1X1X_F		u
4410	1B2S_D	1X1W_D		u
4411	1B3S_D	1X1W_D		u
4412	1B2U_F	1X1W_D		u
4413	1B3S_E	1X1W_D		u
4414	1BRS_E	1X1W_F		u
4415	1BRS_E	1X1X_D		u
4416	1B3S_F	1BRS_E		u
4417	1B2U_E	1BRS_E		u
4418	1B2S_E	1BRS_E		u
4419	1B2S_F	1BRS_E		u
4420	1BRS_E	1X1X_E		u
4421	1BRS_E	1X1X_F		u
4422	1BRS_E	1X1W_E		u
4423	1B2S_D	1BRS_E		u
4424	1B3S_D	1BRS_E		u
4425	1B2U_F	1BRS_E		u
4426	1B3S_E	1BRS_E		u
4427	1BRS_D	1X1W_F		u
4428	1X1W_F	1X1X_D		u
4429	1B3S_F	1X1W_F		u
4430	1B2U_E	1X1W_F		u
4431	1B2S_E	1X1W_F		u
4432	1B2S_F	1X1W_F		u
4433	1X1W_F	1X1X_E		u
4434	1X1W_F	1X1X_F		u
4435	1B2S_D	1X1W_F		u
4436	1B3S_D	1X1W_F		u
4437	1B2U_F	1X1W_F		u
4438	1B3S_E	1X1W_F		u
4439	1BRS_D	1X1X_D		u
4440	1B3S_F	1BRS_D		u
4441	1B2U_E	1BRS_D		u
4442	1B2S_E	1BRS_D		u
4443	1B2S_F	1BRS_D		u
4444	1BRS_D	1X1X_E		u
4445	1BRS_D	1X1X_F		u
4446	1BRS_D	1X1W_E		u
4447	1B2S_D	1BRS_D		u
4448	1B3S_D	1BRS_D		u
4449	1B2U_F	1BRS_D		u
4450	1B3S_E	1BRS_D		u
4451	1B3S_F	1X1X_D		u
4452	1B2U_E	1X1X_D		u
4453	1B2S_E	1X1X_D		u
4454	1B2S_F	1X1X_D		u
4455	1X1W_E	1X1X_D		u
4456	1B2S_D	1X1X_D		u
4457	1B3S_D	1X1X_D		u
4458	1B2U_F	1X1X_D		u
4459	1B3S_E	1X1X_D		u
4460	1B2U_E	1B3S_F		u
4461	1B2S_E	1B3S_F		u
4462	1B2S_F	1B3S_F		u
4463	1B3S_F	1X1X_E		u
4464	1B3S_F	1X1X_F		u
4465	1B3S_F	1X1W_E		u
4466	1B2S_D	1B3S_F		u
4467	1B2U_F	1B3S_F		u
4468	1B2S_E	1B2U_E		u
4469	1B2S_F	1B2U_E		u
4470	1B2U_E	1X1X_E		u
4471	1B2U_E	1X1X_F		u
4472	1B2U_E	1X1W_E		u
4473	1B2S_D	1B2U_E		u
4474	1B2U_E	1B3S_D		u
4475	1B2U_E	1B3S_E		u
4476	1B2S_E	1X1X_E		u
4477	1B2S_E	1X1X_F		u
4478	1B2S_E	1X1W_E		u
4479	1B2S_E	1B3S_D		u
4480	1B2S_E	1B2U_F		u
4481	1B2S_E	1B3S_E		u
4482	1B2S_F	1X1X_E		u
4483	1B2S_F	1X1X_F		u
4484	1B2S_F	1X1W_E		u
4485	1B2S_F	1B3S_D		u
4486	1B2S_F	1B2U_F		u
4487	1B2S_F	1B3S_E		u
4488	1X1W_E	1X1X_E		u
4489	1B2S_D	1X1X_E		u
4490	1B3S_D	1X1X_E		u
4491	1B2U_F	1X1X_E		u
4492	1B3S_E	1X1X_E		u
4493	1X1W_E	1X1X_F		u
4494	1B2S_D	1X1X_F		u
4495	1B3S_D	1X1X_F		u
4496	1B2U_F	1X1X_F		u
4497	1B3S_E	1X1X_F		u
4498	1B2S_D	1X1W_E		u
4499	1B3S_D	1X1W_E		u
4500	1B2U_F	1X1W_E		u
4501	1B3S_E	1X1W_E		u
4502	1B2S_D	1B3S_D		u
4503	1B2S_D	1B2U_F		u
4504	1B2S_D	1B3S_E		u
4505	1B2U_F	1B3S_D		u
4506	1B2U_F	1B3S_E		u
4507	1P69_B	2J1K_Z		u
4508	2J12_B	2J1K_Z		u
4509	1KAC_B	2J1K_Z		u
4510	1P6A_B	2J1K_Z		u
4511	1P69_B	2J1K_A		u
4512	2J12_B	2J1K_A		u
4513	1KAC_B	2J1K_A		u
4514	1P6A_B	2J1K_A		u
4515	1P69_B	2J1K_P		u
4516	2J12_B	2J1K_P		u
4517	1KAC_B	2J1K_P		u
4518	1P6A_B	2J1K_P		u
4519	1P69_B	2J1K_J		u
4520	2J12_B	2J1K_J		u
4521	1KAC_B	2J1K_J		u
4522	1P6A_B	2J1K_J		u
4523	1P69_B	2J1K_Y		u
4524	2J12_B	2J1K_Y		u
4525	1KAC_B	2J1K_Y		u
4526	1P6A_B	2J1K_Y		u
4527	1P69_B	2J1K_B		u
4528	1P69_B	2J12_B		u
4529	1KAC_B	1P69_B		u
4530	1P69_B	2J1K_O		u
4531	1P69_B	2J1K_G		u
4532	1P69_B	2J1K_K		u
4533	1P69_B	1P6A_B		u
4534	1P69_B	2J1K_V		u
4535	1P69_B	2J1K_X		u
4536	1P69_B	2J1K_T		u
4537	2J12_B	2J1K_B		u
4538	1KAC_B	2J1K_B		u
4539	1P6A_B	2J1K_B		u
4540	1KAC_B	2J12_B		u
4541	2J12_B	2J1K_O		u
4542	2J12_B	2J1K_G		u
4543	2J12_B	2J1K_K		u
4544	1P6A_B	2J12_B		u
4545	2J12_B	2J1K_V		u
4546	2J12_B	2J1K_X		u
4547	2J12_B	2J1K_T		u
4548	1KAC_B	2J1K_O		u
4549	1KAC_B	2J1K_G		u
4550	1KAC_B	2J1K_K		u
4551	1KAC_B	1P6A_B		u
4552	1KAC_B	2J1K_V		u
4553	1KAC_B	2J1K_X		u
4554	1KAC_B	2J1K_T		u
4555	1P6A_B	2J1K_O		u
4556	1P6A_B	2J1K_G		u
4557	1P6A_B	2J1K_K		u
4558	1P6A_B	2J1K_V		u
4559	1P6A_B	2J1K_X		u
4560	1P6A_B	2J1K_T		u
4561	3UIG_B	3UII_B		u
4562	3UIG_B	3UII_A		u
4563	3UIG_A	3UII_B		u
4564	3UIG_A	3UII_A		u
4565	3S9D_D	3SE3_C		u
4566	3S9D_D	3SE4_C		u
4567	3S9D_B	3SE3_C		u
4568	3SE3_C	3SE4_C		u
4569	3S9D_B	3SE4_C		u
4570	1FSS_B	1MAH_F		u
4571	1B41_B	1FSS_B		u
4572	1B41_B	1MAH_F		u
4573	3D5R_B	3D5S_A		u
4574	2GOX_A	3D5S_A		u
4575	3D5R_A	3D5S_A		u
4576	2GOX_C	3D5S_A		u
4577	3D5R_B	3D5S_B		u
4578	2GOX_A	3D5S_B		u
4579	3D5R_A	3D5S_B		u
4580	2GOX_C	3D5S_B		u
4581	2GOX_A	3D5R_B		u
4582	2GOX_C	3D5R_B		u
4583	2GOX_A	3D5R_A		u
4584	2GOX_C	3D5R_A		u
4585	4Y61_A	4YFD_A		u
4586	4YFD_A	4YH7_A		u
4587	4Y61_A	4YH7_A		u
4588	1AHW_B	1MLC_B		u
4589	1AHW_E	1MLC_B		u
4590	1MLC_B	2B2X_H		u
4591	1MLC_B	2B2X_I		u
4592	1AHW_B	2B2X_H		u
4593	1AHW_B	1MLC_D		u
4594	1AHW_B	2B2X_I		u
4595	1AHW_E	2B2X_H		u
4596	1AHW_E	1MLC_D		u
4597	1AHW_E	2B2X_I		u
4598	1MLC_D	2B2X_H		u
4599	1MLC_D	2B2X_I		u
4600	2E7L_E	2OI9_A		u
4601	2E7L_F	2OI9_A		u
4602	1FR2_B	2WPT_B		u
4603	2VLP_B	2WPT_B		u
4604	1EMV_B	2WPT_B		u
4605	2GYK_F	2WPT_B		u
4606	2VLO_B	2WPT_B		u
4607	2GYK_B	2WPT_B		u
4608	2VLN_B	2WPT_B		u
4609	2VLQ_B	2WPT_B		u
4610	1FR2_B	2VLP_B		u
4611	1EMV_B	1FR2_B		u
4612	1FR2_B	2GYK_F		u
4613	1FR2_B	2VLO_B		u
4614	1FR2_B	2GYK_B		u
4615	1FR2_B	2VLN_B		u
4616	1FR2_B	2VLQ_B		u
4617	1EMV_B	2VLP_B		u
4618	2GYK_F	2VLP_B		u
4619	2VLO_B	2VLP_B		u
4620	2GYK_B	2VLP_B		u
4621	2VLN_B	2VLP_B		u
4622	2VLP_B	2VLQ_B		u
4623	1EMV_B	2GYK_F		u
4624	1EMV_B	2VLO_B		u
4625	1EMV_B	2GYK_B		u
4626	1EMV_B	2VLN_B		u
4627	1EMV_B	2VLQ_B		u
4628	2GYK_F	2VLO_B		u
4629	2GYK_F	2VLN_B		u
4630	2GYK_F	2VLQ_B		u
4631	2GYK_B	2VLO_B		u
4632	2VLN_B	2VLO_B		u
4633	2VLO_B	2VLQ_B		u
4634	2GYK_B	2VLN_B		u
4635	2GYK_B	2VLQ_B		u
4636	2VLN_B	2VLQ_B		u
4637	1WQJ_I	2DSQ_C		u
4638	1WQJ_I	2DSQ_I		u
4639	3NGB_G	3SE8_G		u
4640	3NGB_G	3SE9_G		u
4641	3NGB_I	3SE8_G		u
4642	3SE8_G	3SE9_G		u
4643	3NGB_A	3SE8_G		u
4644	3NGB_D	3SE8_G		u
4645	3NGB_I	3SE9_G		u
4646	3NGB_A	3SE9_G		u
4647	3NGB_D	3SE9_G		u
4648	2C5D_B	4RA0_A		u
4649	2C5D_B	4RA0_B		u
4650	2C5D_A	4RA0_A		u
4651	2C5D_A	4RA0_B		u
4652	3BN9_F	4X4M_A		u
4653	3BN9_F	4X4M_D		u
4654	1FC2_D	3BN9_F		u
4655	1FCC_B	3BN9_F		u
4656	1FCC_A	3BN9_F		u
4657	3BN9_F	4X4M_B		u
4658	3BN9_F	4X4M_C		u
4659	3BN9_D	4X4M_A		u
4660	1FC2_D	4X4M_A		u
4661	1FCC_B	4X4M_A		u
4662	1FCC_A	4X4M_A		u
4663	3BN9_D	4X4M_D		u
4664	1FC2_D	4X4M_D		u
4665	1FCC_B	4X4M_D		u
4666	1FCC_A	4X4M_D		u
4667	1FC2_D	3BN9_D		u
4668	1FCC_B	3BN9_D		u
4669	1FCC_A	3BN9_D		u
4670	3BN9_D	4X4M_B		u
4671	3BN9_D	4X4M_C		u
4672	1FC2_D	1FCC_B		u
4673	1FC2_D	1FCC_A		u
4674	1FC2_D	4X4M_B		u
4675	1FC2_D	4X4M_C		u
4676	1FCC_B	4X4M_B		u
4677	1FCC_B	4X4M_C		u
4678	1FCC_A	4X4M_B		u
4679	1FCC_A	4X4M_C		u
4680	2BNQ_C	2BNR_C		u
4681	2BNR_C	2P5E_C		u
4682	2BNQ_C	2P5E_C		u
4683	3D5R_C	3D5S_D		u
4684	3D5R_C	3D5S_C		u
4685	3D5R_D	3D5S_D		u
4686	3D5R_D	3D5S_C		u
4687	5CXB_B	5CYK_B		u
4688	5CXB_A	5CYK_A		u
4689	1JTG_C	1S0W_B		u
4690	1JTG_A	1S0W_B		u
4691	1JTD_A	1S0W_B		u
4692	1JTG_C	1S0W_A		u
4693	1JTG_A	1S0W_A		u
4694	1JTD_A	1S0W_A		u
4695	1JTD_A	1JTG_C		u
4696	1JTD_A	1JTG_A		u
4697	1LP9_F	2UWE_M		u
4698	1LP9_M	2UWE_M		u
4699	2J8U_M	2UWE_M		u
4700	2J8U_F	2UWE_M		u
4701	1LP9_F	2UWE_F		u
4702	1LP9_M	2UWE_F		u
4703	2J8U_M	2UWE_F		u
4704	2J8U_F	2UWE_F		u
4705	1LP9_F	2J8U_M		u
4706	1LP9_F	2J8U_F		u
4707	1LP9_M	2J8U_M		u
4708	1LP9_M	2J8U_F		u
4709	1REW_B	3BK3_A		u
4710	1REW_B	3BK3_B		u
4711	1REW_A	3BK3_A		u
4712	1REW_A	3BK3_B		u
4713	3NVN_B	3NVQ_B		u
4714	3NVN_B	3NVQ_F		u
4715	1KIQ_A	1VFB_A		u
4716	1DVF_A	1VFB_A		u
4717	1KIP_A	1VFB_A		u
4718	1DVF_A	1KIQ_A		u
4719	1KIP_A	1KIQ_A		u
4720	1DVF_A	1KIP_A		u
4721	5UFQ_A	5XCO_A		u
4722	5UFE_A	5XCO_A		u
4723	5TAR_A	5XCO_A		u
4724	5UFQ_B	5XCO_A		u
4725	5UFE_A	5UFQ_A		u
4726	5TAR_A	5UFQ_A		u
4727	5TAR_A	5UFE_A		u
4728	5UFE_A	5UFQ_B		u
4729	5TAR_A	5UFQ_B		u
4730	3SE3_A	3SE4_A		u
4731	1KIP_C	3HFM_Y		u
4732	1XGQ_C	3HFM_Y		u
4733	2I26_M	3HFM_Y		u
4734	1YQV_Y	3HFM_Y		u
4735	2I26_L	3HFM_Y		u
4736	1XGR_C	3HFM_Y		u
4737	1MLC_F	3HFM_Y		u
4738	1XGT_C	3HFM_Y		u
4739	1XGU_C	3HFM_Y		u
4740	2I26_Q	3HFM_Y		u
4741	1DQJ_C	3HFM_Y		u
4742	1KIQ_C	3HFM_Y		u
4743	1UUZ_D	3HFM_Y		u
4744	1XGP_C	3HFM_Y		u
4745	1UUZ_C	3HFM_Y		u
4746	1VFB_C	3HFM_Y		u
4747	1KIR_C	3HFM_Y		u
4748	1MLC_E	3HFM_Y		u
4749	1KIP_C	1XGQ_C		u
4750	1KIP_C	2I26_M		u
4751	1KIP_C	1YQV_Y		u
4752	1KIP_C	2I26_L		u
4753	1KIP_C	1XGR_C		u
4754	1KIP_C	1MLC_F		u
4755	1KIP_C	1XGT_C		u
4756	1KIP_C	1XGU_C		u
4757	1KIP_C	2I26_Q		u
4758	1DQJ_C	1KIP_C		u
4759	1KIP_C	1KIQ_C		u
4760	1KIP_C	1UUZ_D		u
4761	1KIP_C	1XGP_C		u
4762	1KIP_C	1UUZ_C		u
4763	1KIP_C	1VFB_C		u
4764	1KIP_C	1KIR_C		u
4765	1KIP_C	1MLC_E		u
4766	1XGQ_C	2I26_M		u
4767	1XGQ_C	1YQV_Y		u
4768	1XGQ_C	2I26_L		u
4769	1XGQ_C	1XGR_C		u
4770	1MLC_F	1XGQ_C		u
4771	1XGQ_C	1XGT_C		u
4772	1XGQ_C	1XGU_C		u
4773	1XGQ_C	2I26_Q		u
4774	1DQJ_C	1XGQ_C		u
4775	1KIQ_C	1XGQ_C		u
4776	1UUZ_D	1XGQ_C		u
4777	1XGP_C	1XGQ_C		u
4778	1UUZ_C	1XGQ_C		u
4779	1VFB_C	1XGQ_C		u
4780	1KIR_C	1XGQ_C		u
4781	1MLC_E	1XGQ_C		u
4782	1YQV_Y	2I26_M		u
4783	1XGR_C	2I26_M		u
4784	1MLC_F	2I26_M		u
4785	1XGT_C	2I26_M		u
4786	1XGU_C	2I26_M		u
4787	1DQJ_C	2I26_M		u
4788	1KIQ_C	2I26_M		u
4789	1UUZ_D	2I26_M		u
4790	1XGP_C	2I26_M		u
4791	1UUZ_C	2I26_M		u
4792	1VFB_C	2I26_M		u
4793	1KIR_C	2I26_M		u
4794	1MLC_E	2I26_M		u
4795	1YQV_Y	2I26_L		u
4796	1XGR_C	1YQV_Y		u
4797	1MLC_F	1YQV_Y		u
4798	1XGT_C	1YQV_Y		u
4799	1XGU_C	1YQV_Y		u
4800	1YQV_Y	2I26_Q		u
4801	1DQJ_C	1YQV_Y		u
4802	1KIQ_C	1YQV_Y		u
4803	1UUZ_D	1YQV_Y		u
4804	1XGP_C	1YQV_Y		u
4805	1UUZ_C	1YQV_Y		u
4806	1VFB_C	1YQV_Y		u
4807	1KIR_C	1YQV_Y		u
4808	1MLC_E	1YQV_Y		u
4809	1XGR_C	2I26_L		u
4810	1MLC_F	2I26_L		u
4811	1XGT_C	2I26_L		u
4812	1XGU_C	2I26_L		u
4813	1DQJ_C	2I26_L		u
4814	1KIQ_C	2I26_L		u
4815	1UUZ_D	2I26_L		u
4816	1XGP_C	2I26_L		u
4817	1UUZ_C	2I26_L		u
4818	1VFB_C	2I26_L		u
4819	1KIR_C	2I26_L		u
4820	1MLC_E	2I26_L		u
4821	1MLC_F	1XGR_C		u
4822	1XGR_C	1XGT_C		u
4823	1XGR_C	1XGU_C		u
4824	1XGR_C	2I26_Q		u
4825	1DQJ_C	1XGR_C		u
4826	1KIQ_C	1XGR_C		u
4827	1UUZ_D	1XGR_C		u
4828	1XGP_C	1XGR_C		u
4829	1UUZ_C	1XGR_C		u
4830	1VFB_C	1XGR_C		u
4831	1KIR_C	1XGR_C		u
4832	1MLC_E	1XGR_C		u
4833	1MLC_F	1XGT_C		u
4834	1MLC_F	1XGU_C		u
4835	1MLC_F	2I26_Q		u
4836	1DQJ_C	1MLC_F		u
4837	1KIQ_C	1MLC_F		u
4838	1MLC_F	1UUZ_D		u
4839	1MLC_F	1XGP_C		u
4840	1MLC_F	1UUZ_C		u
4841	1MLC_F	1VFB_C		u
4842	1KIR_C	1MLC_F		u
4843	1XGT_C	1XGU_C		u
4844	1XGT_C	2I26_Q		u
4845	1DQJ_C	1XGT_C		u
4846	1KIQ_C	1XGT_C		u
4847	1UUZ_D	1XGT_C		u
4848	1XGP_C	1XGT_C		u
4849	1UUZ_C	1XGT_C		u
4850	1VFB_C	1XGT_C		u
4851	1KIR_C	1XGT_C		u
4852	1MLC_E	1XGT_C		u
4853	1XGU_C	2I26_Q		u
4854	1DQJ_C	1XGU_C		u
4855	1KIQ_C	1XGU_C		u
4856	1UUZ_D	1XGU_C		u
4857	1XGP_C	1XGU_C		u
4858	1UUZ_C	1XGU_C		u
4859	1VFB_C	1XGU_C		u
4860	1KIR_C	1XGU_C		u
4861	1MLC_E	1XGU_C		u
4862	1DQJ_C	2I26_Q		u
4863	1KIQ_C	2I26_Q		u
4864	1UUZ_D	2I26_Q		u
4865	1XGP_C	2I26_Q		u
4866	1UUZ_C	2I26_Q		u
4867	1VFB_C	2I26_Q		u
4868	1KIR_C	2I26_Q		u
4869	1MLC_E	2I26_Q		u
4870	1DQJ_C	1KIQ_C		u
4871	1DQJ_C	1UUZ_D		u
4872	1DQJ_C	1XGP_C		u
4873	1DQJ_C	1UUZ_C		u
4874	1DQJ_C	1VFB_C		u
4875	1DQJ_C	1KIR_C		u
4876	1DQJ_C	1MLC_E		u
4877	1KIQ_C	1UUZ_D		u
4878	1KIQ_C	1XGP_C		u
4879	1KIQ_C	1UUZ_C		u
4880	1KIQ_C	1VFB_C		u
4881	1KIQ_C	1KIR_C		u
4882	1KIQ_C	1MLC_E		u
4883	1UUZ_D	1XGP_C		u
4884	1UUZ_D	1VFB_C		u
4885	1KIR_C	1UUZ_D		u
4886	1MLC_E	1UUZ_D		u
4887	1UUZ_C	1XGP_C		u
4888	1VFB_C	1XGP_C		u
4889	1KIR_C	1XGP_C		u
4890	1MLC_E	1XGP_C		u
4891	1UUZ_C	1VFB_C		u
4892	1KIR_C	1UUZ_C		u
4893	1MLC_E	1UUZ_C		u
4894	1KIR_C	1VFB_C		u
4895	1MLC_E	1VFB_C		u
4896	1KIR_C	1MLC_E		u
4897	3HH2_B	3SEK_B		u
4898	3HH2_A	3SEK_B		u
4899	2G2U_A	2G2W_A		u
4900	2G2U_A	3N4I_A		u
4901	2G2W_A	3N4I_A		u
4902	1BD2_E	5E9D_E		u
4903	2BNR_E	5E9D_E		u
4904	2BNQ_E	5E9D_E		u
4905	1BD2_E	5E9D_J		u
4906	2BNR_E	5E9D_J		u
4907	2BNQ_E	5E9D_J		u
4908	1BD2_E	2BNR_E		u
4909	1BD2_E	2BNQ_E		u
4910	3BN9_B	3NPS_A		u
4911	1EAW_C	3BN9_B		u
4912	1EAW_A	3BN9_B		u
4913	1EAW_C	3NPS_A		u
4914	1EAW_A	3NPS_A		u
4915	3BN9_A	3NPS_A		u
4916	1EAW_C	3BN9_A		u
4917	1EAW_A	3BN9_A		u
4918	1K8R_A	1LFD_D		u
4919	1LFD_D	3KUD_A		u
4920	1HE8_B	1LFD_D		u
4921	1LFD_D	4G0N_A		u
4922	1K8R_A	3KUD_A		u
4923	1HE8_B	1K8R_A		u
4924	1K8R_A	4G0N_A		u
4925	1K8R_A	1LFD_B		u
4926	1HE8_B	3KUD_A		u
4927	3KUD_A	4G0N_A		u
4928	1LFD_B	3KUD_A		u
4929	1HE8_B	4G0N_A		u
4930	1HE8_B	1LFD_B		u
4931	1LFD_B	4G0N_A		u
4932	2JCC_B	4N8V_B		u
4933	1BD2_B	2JCC_B		u
4934	2JCC_B	4MNQ_B		u
4935	1LP9_I	2JCC_B		u
4936	2JCC_B	2P5E_B		u
4937	2JCC_B	3PWP_B		u
4938	2JCC_B	2VLR_B		u
4939	2JCC_B	4K71_F		u
4940	2J8U_B	2JCC_B		u
4941	2JCC_B	2UWE_I		u
4942	2JCC_B	4JFE_B		u
4943	2JCC_B	4K71_C		u
4944	2JCC_B	3QFJ_B		u
4945	2JCC_B	4FTV_B		u
4946	2BNR_B	2JCC_B		u
4947	2JCC_B	4N8V_E		u
4948	1OGA_B	2JCC_B		u
4949	1QSE_B	2JCC_B		u
4950	2JCC_B	3QDG_B		u
4951	2BNQ_B	2JCC_B		u
4952	1MI5_B	2JCC_B		u
4953	2AK4_L	2JCC_B		u
4954	2J8U_I	2JCC_B		u
4955	2JCC_B	2UWE_B		u
4956	1LP9_B	2JCC_B		u
4957	2AK4_R	2JCC_B		u
4958	2JCC_B	5E9D_B		u
4959	2AK4_G	2JCC_B		u
4960	2JCC_B	3QDJ_B		u
4961	1AO7_B	2JCC_B		u
4962	2JCC_B	3D3V_B		u
4963	2JCC_B	3H9S_B		u
4964	2JCC_B	2VLR_G		u
4965	2JCC_B	4L3E_B		u
4966	2JCC_B	5E9D_G		u
4967	2AK4_B	2JCC_B		u
4968	2JCC_B	4JFD_B		u
4969	2JCC_B	4JFF_B		u
4970	1BD2_B	4N8V_B		u
4971	4MNQ_B	4N8V_B		u
4972	1LP9_I	4N8V_B		u
4973	2P5E_B	4N8V_B		u
4974	3PWP_B	4N8V_B		u
4975	2VLR_B	4N8V_B		u
4976	4K71_F	4N8V_B		u
4977	2J8U_B	4N8V_B		u
4978	2UWE_I	4N8V_B		u
4979	4JFE_B	4N8V_B		u
4980	4K71_C	4N8V_B		u
4981	2JCC_I	4N8V_B		u
4982	3QFJ_B	4N8V_B		u
4983	4FTV_B	4N8V_B		u
4984	2BNR_B	4N8V_B		u
4985	1OGA_B	4N8V_B		u
4986	1QSE_B	4N8V_B		u
4987	3QDG_B	4N8V_B		u
4988	2BNQ_B	4N8V_B		u
4989	1MI5_B	4N8V_B		u
4990	2AK4_L	4N8V_B		u
4991	2J8U_I	4N8V_B		u
4992	2UWE_B	4N8V_B		u
4993	1LP9_B	4N8V_B		u
4994	2AK4_R	4N8V_B		u
4995	4N8V_B	5E9D_B		u
4996	2AK4_G	4N8V_B		u
4997	3QDJ_B	4N8V_B		u
4998	1AO7_B	4N8V_B		u
4999	3D3V_B	4N8V_B		u
5000	3H9S_B	4N8V_B		u
5001	2VLR_G	4N8V_B		u
5002	4L3E_B	4N8V_B		u
5003	4N8V_B	5E9D_G		u
5004	2AK4_B	4N8V_B		u
5005	4JFD_B	4N8V_B		u
5006	4JFF_B	4N8V_B		u
5007	1BD2_B	4MNQ_B		u
5008	1BD2_B	1LP9_I		u
5009	1BD2_B	2P5E_B		u
5010	1BD2_B	3PWP_B		u
5011	1BD2_B	2VLR_B		u
5012	1BD2_B	4K71_F		u
5013	1BD2_B	2J8U_B		u
5014	1BD2_B	2UWE_I		u
5015	1BD2_B	4JFE_B		u
5016	1BD2_B	4K71_C		u
5017	1BD2_B	2JCC_I		u
5018	1BD2_B	3QFJ_B		u
5019	1BD2_B	4FTV_B		u
5020	1BD2_B	2BNR_B		u
5021	1BD2_B	4N8V_E		u
5022	1BD2_B	1OGA_B		u
5023	1BD2_B	1QSE_B		u
5024	1BD2_B	3QDG_B		u
5025	1BD2_B	2BNQ_B		u
5026	1BD2_B	1MI5_B		u
5027	1BD2_B	2AK4_L		u
5028	1BD2_B	2J8U_I		u
5029	1BD2_B	2UWE_B		u
5030	1BD2_B	1LP9_B		u
5031	1BD2_B	2AK4_R		u
5032	1BD2_B	5E9D_B		u
5033	1BD2_B	2AK4_G		u
5034	1BD2_B	3QDJ_B		u
5035	1AO7_B	1BD2_B		u
5036	1BD2_B	3D3V_B		u
5037	1BD2_B	3H9S_B		u
5038	1BD2_B	2VLR_G		u
5039	1BD2_B	4L3E_B		u
5040	1BD2_B	5E9D_G		u
5041	1BD2_B	2AK4_B		u
5042	1BD2_B	4JFD_B		u
5043	1BD2_B	4JFF_B		u
5044	1LP9_I	4MNQ_B		u
5045	2P5E_B	4MNQ_B		u
5046	3PWP_B	4MNQ_B		u
5047	2VLR_B	4MNQ_B		u
5048	4K71_F	4MNQ_B		u
5049	2J8U_B	4MNQ_B		u
5050	2UWE_I	4MNQ_B		u
5051	4JFE_B	4MNQ_B		u
5052	4K71_C	4MNQ_B		u
5053	2JCC_I	4MNQ_B		u
5054	3QFJ_B	4MNQ_B		u
5055	4FTV_B	4MNQ_B		u
5056	2BNR_B	4MNQ_B		u
5057	4MNQ_B	4N8V_E		u
5058	1OGA_B	4MNQ_B		u
5059	1QSE_B	4MNQ_B		u
5060	3QDG_B	4MNQ_B		u
5061	2BNQ_B	4MNQ_B		u
5062	1MI5_B	4MNQ_B		u
5063	2AK4_L	4MNQ_B		u
5064	2J8U_I	4MNQ_B		u
5065	2UWE_B	4MNQ_B		u
5066	1LP9_B	4MNQ_B		u
5067	2AK4_R	4MNQ_B		u
5068	4MNQ_B	5E9D_B		u
5069	2AK4_G	4MNQ_B		u
5070	3QDJ_B	4MNQ_B		u
5071	1AO7_B	4MNQ_B		u
5072	3D3V_B	4MNQ_B		u
5073	3H9S_B	4MNQ_B		u
5074	2VLR_G	4MNQ_B		u
5075	4L3E_B	4MNQ_B		u
5076	4MNQ_B	5E9D_G		u
5077	2AK4_B	4MNQ_B		u
5078	4JFD_B	4MNQ_B		u
5079	4JFF_B	4MNQ_B		u
5080	1LP9_I	2P5E_B		u
5081	1LP9_I	3PWP_B		u
5082	1LP9_I	2VLR_B		u
5083	1LP9_I	4K71_F		u
5084	1LP9_I	2J8U_B		u
5085	1LP9_I	2UWE_I		u
5086	1LP9_I	4JFE_B		u
5087	1LP9_I	4K71_C		u
5088	1LP9_I	2JCC_I		u
5089	1LP9_I	3QFJ_B		u
5090	1LP9_I	4FTV_B		u
5091	1LP9_I	2BNR_B		u
5092	1LP9_I	4N8V_E		u
5093	1LP9_I	1OGA_B		u
5094	1LP9_I	1QSE_B		u
5095	1LP9_I	3QDG_B		u
5096	1LP9_I	2BNQ_B		u
5097	1LP9_I	1MI5_B		u
5098	1LP9_I	2AK4_L		u
5099	1LP9_I	2J8U_I		u
5100	1LP9_I	2UWE_B		u
5101	1LP9_I	2AK4_R		u
5102	1LP9_I	5E9D_B		u
5103	1LP9_I	2AK4_G		u
5104	1LP9_I	3QDJ_B		u
5105	1AO7_B	1LP9_I		u
5106	1LP9_I	3D3V_B		u
5107	1LP9_I	3H9S_B		u
5108	1LP9_I	2VLR_G		u
5109	1LP9_I	4L3E_B		u
5110	1LP9_I	5E9D_G		u
5111	1LP9_I	2AK4_B		u
5112	1LP9_I	4JFD_B		u
5113	1LP9_I	4JFF_B		u
5114	2P5E_B	3PWP_B		u
5115	2P5E_B	2VLR_B		u
5116	2P5E_B	4K71_F		u
5117	2J8U_B	2P5E_B		u
5118	2P5E_B	2UWE_I		u
5119	2P5E_B	4JFE_B		u
5120	2P5E_B	4K71_C		u
5121	2JCC_I	2P5E_B		u
5122	2P5E_B	3QFJ_B		u
5123	2P5E_B	4FTV_B		u
5124	2BNR_B	2P5E_B		u
5125	2P5E_B	4N8V_E		u
5126	1OGA_B	2P5E_B		u
5127	1QSE_B	2P5E_B		u
5128	2P5E_B	3QDG_B		u
5129	2BNQ_B	2P5E_B		u
5130	1MI5_B	2P5E_B		u
5131	2AK4_L	2P5E_B		u
5132	2J8U_I	2P5E_B		u
5133	2P5E_B	2UWE_B		u
5134	1LP9_B	2P5E_B		u
5135	2AK4_R	2P5E_B		u
5136	2P5E_B	5E9D_B		u
5137	2AK4_G	2P5E_B		u
5138	2P5E_B	3QDJ_B		u
5139	1AO7_B	2P5E_B		u
5140	2P5E_B	3D3V_B		u
5141	2P5E_B	3H9S_B		u
5142	2P5E_B	2VLR_G		u
5143	2P5E_B	4L3E_B		u
5144	2P5E_B	5E9D_G		u
5145	2AK4_B	2P5E_B		u
5146	2P5E_B	4JFD_B		u
5147	2P5E_B	4JFF_B		u
5148	2VLR_B	3PWP_B		u
5149	3PWP_B	4K71_F		u
5150	2J8U_B	3PWP_B		u
5151	2UWE_I	3PWP_B		u
5152	3PWP_B	4JFE_B		u
5153	3PWP_B	4K71_C		u
5154	2JCC_I	3PWP_B		u
5155	3PWP_B	3QFJ_B		u
5156	3PWP_B	4FTV_B		u
5157	2BNR_B	3PWP_B		u
5158	3PWP_B	4N8V_E		u
5159	1OGA_B	3PWP_B		u
5160	1QSE_B	3PWP_B		u
5161	3PWP_B	3QDG_B		u
5162	2BNQ_B	3PWP_B		u
5163	1MI5_B	3PWP_B		u
5164	2AK4_L	3PWP_B		u
5165	2J8U_I	3PWP_B		u
5166	2UWE_B	3PWP_B		u
5167	1LP9_B	3PWP_B		u
5168	2AK4_R	3PWP_B		u
5169	3PWP_B	5E9D_B		u
5170	2AK4_G	3PWP_B		u
5171	3PWP_B	3QDJ_B		u
5172	1AO7_B	3PWP_B		u
5173	3D3V_B	3PWP_B		u
5174	3H9S_B	3PWP_B		u
5175	2VLR_G	3PWP_B		u
5176	3PWP_B	4L3E_B		u
5177	3PWP_B	5E9D_G		u
5178	2AK4_B	3PWP_B		u
5179	3PWP_B	4JFD_B		u
5180	3PWP_B	4JFF_B		u
5181	2VLR_B	4K71_F		u
5182	2J8U_B	2VLR_B		u
5183	2UWE_I	2VLR_B		u
5184	2VLR_B	4JFE_B		u
5185	2VLR_B	4K71_C		u
5186	2JCC_I	2VLR_B		u
5187	2VLR_B	3QFJ_B		u
5188	2VLR_B	4FTV_B		u
5189	2BNR_B	2VLR_B		u
5190	2VLR_B	4N8V_E		u
5191	1OGA_B	2VLR_B		u
5192	1QSE_B	2VLR_B		u
5193	2VLR_B	3QDG_B		u
5194	2BNQ_B	2VLR_B		u
5195	1MI5_B	2VLR_B		u
5196	2AK4_L	2VLR_B		u
5197	2J8U_I	2VLR_B		u
5198	2UWE_B	2VLR_B		u
5199	1LP9_B	2VLR_B		u
5200	2AK4_R	2VLR_B		u
5201	2VLR_B	5E9D_B		u
5202	2AK4_G	2VLR_B		u
5203	2VLR_B	3QDJ_B		u
5204	1AO7_B	2VLR_B		u
5205	2VLR_B	3D3V_B		u
5206	2VLR_B	3H9S_B		u
5207	2VLR_B	4L3E_B		u
5208	2VLR_B	5E9D_G		u
5209	2AK4_B	2VLR_B		u
5210	2VLR_B	4JFD_B		u
5211	2VLR_B	4JFF_B		u
5212	2J8U_B	4K71_F		u
5213	2UWE_I	4K71_F		u
5214	4JFE_B	4K71_F		u
5215	2JCC_I	4K71_F		u
5216	3QFJ_B	4K71_F		u
5217	4FTV_B	4K71_F		u
5218	2BNR_B	4K71_F		u
5219	4K71_F	4N8V_E		u
5220	1OGA_B	4K71_F		u
5221	1QSE_B	4K71_F		u
5222	3QDG_B	4K71_F		u
5223	2BNQ_B	4K71_F		u
5224	1MI5_B	4K71_F		u
5225	2AK4_L	4K71_F		u
5226	2J8U_I	4K71_F		u
5227	2UWE_B	4K71_F		u
5228	1LP9_B	4K71_F		u
5229	2AK4_R	4K71_F		u
5230	4K71_F	5E9D_B		u
5231	2AK4_G	4K71_F		u
5232	3QDJ_B	4K71_F		u
5233	1AO7_B	4K71_F		u
5234	3D3V_B	4K71_F		u
5235	3H9S_B	4K71_F		u
5236	2VLR_G	4K71_F		u
5237	4K71_F	4L3E_B		u
5238	4K71_F	5E9D_G		u
5239	2AK4_B	4K71_F		u
5240	4JFD_B	4K71_F		u
5241	4JFF_B	4K71_F		u
5242	2J8U_B	2UWE_I		u
5243	2J8U_B	4JFE_B		u
5244	2J8U_B	4K71_C		u
5245	2J8U_B	2JCC_I		u
5246	2J8U_B	3QFJ_B		u
5247	2J8U_B	4FTV_B		u
5248	2BNR_B	2J8U_B		u
5249	2J8U_B	4N8V_E		u
5250	1OGA_B	2J8U_B		u
5251	1QSE_B	2J8U_B		u
5252	2J8U_B	3QDG_B		u
5253	2BNQ_B	2J8U_B		u
5254	1MI5_B	2J8U_B		u
5255	2AK4_L	2J8U_B		u
5256	2J8U_B	2UWE_B		u
5257	1LP9_B	2J8U_B		u
5258	2AK4_R	2J8U_B		u
5259	2J8U_B	5E9D_B		u
5260	2AK4_G	2J8U_B		u
5261	2J8U_B	3QDJ_B		u
5262	1AO7_B	2J8U_B		u
5263	2J8U_B	3D3V_B		u
5264	2J8U_B	3H9S_B		u
5265	2J8U_B	2VLR_G		u
5266	2J8U_B	4L3E_B		u
5267	2J8U_B	5E9D_G		u
5268	2AK4_B	2J8U_B		u
5269	2J8U_B	4JFD_B		u
5270	2J8U_B	4JFF_B		u
5271	2UWE_I	4JFE_B		u
5272	2UWE_I	4K71_C		u
5273	2JCC_I	2UWE_I		u
5274	2UWE_I	3QFJ_B		u
5275	2UWE_I	4FTV_B		u
5276	2BNR_B	2UWE_I		u
5277	2UWE_I	4N8V_E		u
5278	1OGA_B	2UWE_I		u
5279	1QSE_B	2UWE_I		u
5280	2UWE_I	3QDG_B		u
5281	2BNQ_B	2UWE_I		u
5282	1MI5_B	2UWE_I		u
5283	2AK4_L	2UWE_I		u
5284	2J8U_I	2UWE_I		u
5285	1LP9_B	2UWE_I		u
5286	2AK4_R	2UWE_I		u
5287	2UWE_I	5E9D_B		u
5288	2AK4_G	2UWE_I		u
5289	2UWE_I	3QDJ_B		u
5290	1AO7_B	2UWE_I		u
5291	2UWE_I	3D3V_B		u
5292	2UWE_I	3H9S_B		u
5293	2UWE_I	2VLR_G		u
5294	2UWE_I	4L3E_B		u
5295	2UWE_I	5E9D_G		u
5296	2AK4_B	2UWE_I		u
5297	2UWE_I	4JFD_B		u
5298	2UWE_I	4JFF_B		u
5299	4JFE_B	4K71_C		u
5300	2JCC_I	4JFE_B		u
5301	3QFJ_B	4JFE_B		u
5302	4FTV_B	4JFE_B		u
5303	2BNR_B	4JFE_B		u
5304	4JFE_B	4N8V_E		u
5305	1OGA_B	4JFE_B		u
5306	1QSE_B	4JFE_B		u
5307	3QDG_B	4JFE_B		u
5308	2BNQ_B	4JFE_B		u
5309	1MI5_B	4JFE_B		u
5310	2AK4_L	4JFE_B		u
5311	2J8U_I	4JFE_B		u
5312	2UWE_B	4JFE_B		u
5313	1LP9_B	4JFE_B		u
5314	2AK4_R	4JFE_B		u
5315	4JFE_B	5E9D_B		u
5316	2AK4_G	4JFE_B		u
5317	3QDJ_B	4JFE_B		u
5318	1AO7_B	4JFE_B		u
5319	3D3V_B	4JFE_B		u
5320	3H9S_B	4JFE_B		u
5321	2VLR_G	4JFE_B		u
5322	4JFE_B	4L3E_B		u
5323	4JFE_B	5E9D_G		u
5324	2AK4_B	4JFE_B		u
5325	4JFD_B	4JFE_B		u
5326	4JFE_B	4JFF_B		u
5327	2JCC_I	4K71_C		u
5328	3QFJ_B	4K71_C		u
5329	4FTV_B	4K71_C		u
5330	2BNR_B	4K71_C		u
5331	4K71_C	4N8V_E		u
5332	1OGA_B	4K71_C		u
5333	1QSE_B	4K71_C		u
5334	3QDG_B	4K71_C		u
5335	2BNQ_B	4K71_C		u
5336	1MI5_B	4K71_C		u
5337	2AK4_L	4K71_C		u
5338	2J8U_I	4K71_C		u
5339	2UWE_B	4K71_C		u
5340	1LP9_B	4K71_C		u
5341	2AK4_R	4K71_C		u
5342	4K71_C	5E9D_B		u
5343	2AK4_G	4K71_C		u
5344	3QDJ_B	4K71_C		u
5345	1AO7_B	4K71_C		u
5346	3D3V_B	4K71_C		u
5347	3H9S_B	4K71_C		u
5348	2VLR_G	4K71_C		u
5349	4K71_C	4L3E_B		u
5350	4K71_C	5E9D_G		u
5351	2AK4_B	4K71_C		u
5352	4JFD_B	4K71_C		u
5353	4JFF_B	4K71_C		u
5354	2JCC_I	3QFJ_B		u
5355	2JCC_I	4FTV_B		u
5356	2BNR_B	2JCC_I		u
5357	2JCC_I	4N8V_E		u
5358	1OGA_B	2JCC_I		u
5359	1QSE_B	2JCC_I		u
5360	2JCC_I	3QDG_B		u
5361	2BNQ_B	2JCC_I		u
5362	1MI5_B	2JCC_I		u
5363	2AK4_L	2JCC_I		u
5364	2J8U_I	2JCC_I		u
5365	2JCC_I	2UWE_B		u
5366	1LP9_B	2JCC_I		u
5367	2AK4_R	2JCC_I		u
5368	2JCC_I	5E9D_B		u
5369	2AK4_G	2JCC_I		u
5370	2JCC_I	3QDJ_B		u
5371	1AO7_B	2JCC_I		u
5372	2JCC_I	3D3V_B		u
5373	2JCC_I	3H9S_B		u
5374	2JCC_I	2VLR_G		u
5375	2JCC_I	4L3E_B		u
5376	2JCC_I	5E9D_G		u
5377	2AK4_B	2JCC_I		u
5378	2JCC_I	4JFD_B		u
5379	2JCC_I	4JFF_B		u
5380	3QFJ_B	4FTV_B		u
5381	2BNR_B	3QFJ_B		u
5382	3QFJ_B	4N8V_E		u
5383	1OGA_B	3QFJ_B		u
5384	1QSE_B	3QFJ_B		u
5385	3QDG_B	3QFJ_B		u
5386	2BNQ_B	3QFJ_B		u
5387	1MI5_B	3QFJ_B		u
5388	2AK4_L	3QFJ_B		u
5389	2J8U_I	3QFJ_B		u
5390	2UWE_B	3QFJ_B		u
5391	1LP9_B	3QFJ_B		u
5392	2AK4_R	3QFJ_B		u
5393	3QFJ_B	5E9D_B		u
5394	2AK4_G	3QFJ_B		u
5395	3QDJ_B	3QFJ_B		u
5396	1AO7_B	3QFJ_B		u
5397	3D3V_B	3QFJ_B		u
5398	3H9S_B	3QFJ_B		u
5399	2VLR_G	3QFJ_B		u
5400	3QFJ_B	4L3E_B		u
5401	3QFJ_B	5E9D_G		u
5402	2AK4_B	3QFJ_B		u
5403	3QFJ_B	4JFD_B		u
5404	3QFJ_B	4JFF_B		u
5405	2BNR_B	4FTV_B		u
5406	4FTV_B	4N8V_E		u
5407	1OGA_B	4FTV_B		u
5408	1QSE_B	4FTV_B		u
5409	3QDG_B	4FTV_B		u
5410	2BNQ_B	4FTV_B		u
5411	1MI5_B	4FTV_B		u
5412	2AK4_L	4FTV_B		u
5413	2J8U_I	4FTV_B		u
5414	2UWE_B	4FTV_B		u
5415	1LP9_B	4FTV_B		u
5416	2AK4_R	4FTV_B		u
5417	4FTV_B	5E9D_B		u
5418	2AK4_G	4FTV_B		u
5419	3QDJ_B	4FTV_B		u
5420	1AO7_B	4FTV_B		u
5421	3D3V_B	4FTV_B		u
5422	3H9S_B	4FTV_B		u
5423	2VLR_G	4FTV_B		u
5424	4FTV_B	4L3E_B		u
5425	4FTV_B	5E9D_G		u
5426	2AK4_B	4FTV_B		u
5427	4FTV_B	4JFD_B		u
5428	4FTV_B	4JFF_B		u
5429	2BNR_B	4N8V_E		u
5430	1OGA_B	2BNR_B		u
5431	1QSE_B	2BNR_B		u
5432	2BNR_B	3QDG_B		u
5433	2BNQ_B	2BNR_B		u
5434	1MI5_B	2BNR_B		u
5435	2AK4_L	2BNR_B		u
5436	2BNR_B	2J8U_I		u
5437	2BNR_B	2UWE_B		u
5438	1LP9_B	2BNR_B		u
5439	2AK4_R	2BNR_B		u
5440	2BNR_B	5E9D_B		u
5441	2AK4_G	2BNR_B		u
5442	2BNR_B	3QDJ_B		u
5443	1AO7_B	2BNR_B		u
5444	2BNR_B	3D3V_B		u
5445	2BNR_B	3H9S_B		u
5446	2BNR_B	2VLR_G		u
5447	2BNR_B	4L3E_B		u
5448	2BNR_B	5E9D_G		u
5449	2AK4_B	2BNR_B		u
5450	2BNR_B	4JFD_B		u
5451	2BNR_B	4JFF_B		u
5452	1OGA_B	4N8V_E		u
5453	1QSE_B	4N8V_E		u
5454	3QDG_B	4N8V_E		u
5455	2BNQ_B	4N8V_E		u
5456	1MI5_B	4N8V_E		u
5457	2AK4_L	4N8V_E		u
5458	2J8U_I	4N8V_E		u
5459	2UWE_B	4N8V_E		u
5460	1LP9_B	4N8V_E		u
5461	2AK4_R	4N8V_E		u
5462	4N8V_E	5E9D_B		u
5463	2AK4_G	4N8V_E		u
5464	3QDJ_B	4N8V_E		u
5465	1AO7_B	4N8V_E		u
5466	3D3V_B	4N8V_E		u
5467	3H9S_B	4N8V_E		u
5468	2VLR_G	4N8V_E		u
5469	4L3E_B	4N8V_E		u
5470	4N8V_E	5E9D_G		u
5471	2AK4_B	4N8V_E		u
5472	4JFD_B	4N8V_E		u
5473	4JFF_B	4N8V_E		u
5474	1OGA_B	1QSE_B		u
5475	1OGA_B	3QDG_B		u
5476	1OGA_B	2BNQ_B		u
5477	1MI5_B	1OGA_B		u
5478	1OGA_B	2AK4_L		u
5479	1OGA_B	2J8U_I		u
5480	1OGA_B	2UWE_B		u
5481	1LP9_B	1OGA_B		u
5482	1OGA_B	2AK4_R		u
5483	1OGA_B	5E9D_B		u
5484	1OGA_B	2AK4_G		u
5485	1OGA_B	3QDJ_B		u
5486	1AO7_B	1OGA_B		u
5487	1OGA_B	3D3V_B		u
5488	1OGA_B	3H9S_B		u
5489	1OGA_B	2VLR_G		u
5490	1OGA_B	4L3E_B		u
5491	1OGA_B	5E9D_G		u
5492	1OGA_B	2AK4_B		u
5493	1OGA_B	4JFD_B		u
5494	1OGA_B	4JFF_B		u
5495	1QSE_B	3QDG_B		u
5496	1QSE_B	2BNQ_B		u
5497	1MI5_B	1QSE_B		u
5498	1QSE_B	2AK4_L		u
5499	1QSE_B	2J8U_I		u
5500	1QSE_B	2UWE_B		u
5501	1LP9_B	1QSE_B		u
5502	1QSE_B	2AK4_R		u
5503	1QSE_B	5E9D_B		u
5504	1QSE_B	2AK4_G		u
5505	1QSE_B	3QDJ_B		u
5506	1AO7_B	1QSE_B		u
5507	1QSE_B	3D3V_B		u
5508	1QSE_B	3H9S_B		u
5509	1QSE_B	2VLR_G		u
5510	1QSE_B	4L3E_B		u
5511	1QSE_B	5E9D_G		u
5512	1QSE_B	2AK4_B		u
5513	1QSE_B	4JFD_B		u
5514	1QSE_B	4JFF_B		u
5515	2BNQ_B	3QDG_B		u
5516	1MI5_B	3QDG_B		u
5517	2AK4_L	3QDG_B		u
5518	2J8U_I	3QDG_B		u
5519	2UWE_B	3QDG_B		u
5520	1LP9_B	3QDG_B		u
5521	2AK4_R	3QDG_B		u
5522	3QDG_B	5E9D_B		u
5523	2AK4_G	3QDG_B		u
5524	3QDG_B	3QDJ_B		u
5525	1AO7_B	3QDG_B		u
5526	3D3V_B	3QDG_B		u
5527	3H9S_B	3QDG_B		u
5528	2VLR_G	3QDG_B		u
5529	3QDG_B	4L3E_B		u
5530	3QDG_B	5E9D_G		u
5531	2AK4_B	3QDG_B		u
5532	3QDG_B	4JFD_B		u
5533	3QDG_B	4JFF_B		u
5534	1MI5_B	2BNQ_B		u
5535	2AK4_L	2BNQ_B		u
5536	2BNQ_B	2J8U_I		u
5537	2BNQ_B	2UWE_B		u
5538	1LP9_B	2BNQ_B		u
5539	2AK4_R	2BNQ_B		u
5540	2BNQ_B	5E9D_B		u
5541	2AK4_G	2BNQ_B		u
5542	2BNQ_B	3QDJ_B		u
5543	1AO7_B	2BNQ_B		u
5544	2BNQ_B	3D3V_B		u
5545	2BNQ_B	3H9S_B		u
5546	2BNQ_B	2VLR_G		u
5547	2BNQ_B	4L3E_B		u
5548	2BNQ_B	5E9D_G		u
5549	2AK4_B	2BNQ_B		u
5550	2BNQ_B	4JFD_B		u
5551	2BNQ_B	4JFF_B		u
5552	1MI5_B	2AK4_L		u
5553	1MI5_B	2J8U_I		u
5554	1MI5_B	2UWE_B		u
5555	1LP9_B	1MI5_B		u
5556	1MI5_B	2AK4_R		u
5557	1MI5_B	5E9D_B		u
5558	1MI5_B	2AK4_G		u
5559	1MI5_B	3QDJ_B		u
5560	1AO7_B	1MI5_B		u
5561	1MI5_B	3D3V_B		u
5562	1MI5_B	3H9S_B		u
5563	1MI5_B	2VLR_G		u
5564	1MI5_B	4L3E_B		u
5565	1MI5_B	5E9D_G		u
5566	1MI5_B	2AK4_B		u
5567	1MI5_B	4JFD_B		u
5568	1MI5_B	4JFF_B		u
5569	2AK4_L	2J8U_I		u
5570	2AK4_L	2UWE_B		u
5571	1LP9_B	2AK4_L		u
5572	2AK4_L	5E9D_B		u
5573	2AK4_L	3QDJ_B		u
5574	1AO7_B	2AK4_L		u
5575	2AK4_L	3D3V_B		u
5576	2AK4_L	3H9S_B		u
5577	2AK4_L	2VLR_G		u
5578	2AK4_L	4L3E_B		u
5579	2AK4_L	5E9D_G		u
5580	2AK4_L	4JFD_B		u
5581	2AK4_L	4JFF_B		u
5582	2J8U_I	2UWE_B		u
5583	1LP9_B	2J8U_I		u
5584	2AK4_R	2J8U_I		u
5585	2J8U_I	5E9D_B		u
5586	2AK4_G	2J8U_I		u
5587	2J8U_I	3QDJ_B		u
5588	1AO7_B	2J8U_I		u
5589	2J8U_I	3D3V_B		u
5590	2J8U_I	3H9S_B		u
5591	2J8U_I	2VLR_G		u
5592	2J8U_I	4L3E_B		u
5593	2J8U_I	5E9D_G		u
5594	2AK4_B	2J8U_I		u
5595	2J8U_I	4JFD_B		u
5596	2J8U_I	4JFF_B		u
5597	1LP9_B	2UWE_B		u
5598	2AK4_R	2UWE_B		u
5599	2UWE_B	5E9D_B		u
5600	2AK4_G	2UWE_B		u
5601	2UWE_B	3QDJ_B		u
5602	1AO7_B	2UWE_B		u
5603	2UWE_B	3D3V_B		u
5604	2UWE_B	3H9S_B		u
5605	2UWE_B	2VLR_G		u
5606	2UWE_B	4L3E_B		u
5607	2UWE_B	5E9D_G		u
5608	2AK4_B	2UWE_B		u
5609	2UWE_B	4JFD_B		u
5610	2UWE_B	4JFF_B		u
5611	1LP9_B	2AK4_R		u
5612	1LP9_B	5E9D_B		u
5613	1LP9_B	2AK4_G		u
5614	1LP9_B	3QDJ_B		u
5615	1AO7_B	1LP9_B		u
5616	1LP9_B	3D3V_B		u
5617	1LP9_B	3H9S_B		u
5618	1LP9_B	2VLR_G		u
5619	1LP9_B	4L3E_B		u
5620	1LP9_B	5E9D_G		u
5621	1LP9_B	2AK4_B		u
5622	1LP9_B	4JFD_B		u
5623	1LP9_B	4JFF_B		u
5624	2AK4_R	5E9D_B		u
5625	2AK4_R	3QDJ_B		u
5626	1AO7_B	2AK4_R		u
5627	2AK4_R	3D3V_B		u
5628	2AK4_R	3H9S_B		u
5629	2AK4_R	2VLR_G		u
5630	2AK4_R	4L3E_B		u
5631	2AK4_R	5E9D_G		u
5632	2AK4_R	4JFD_B		u
5633	2AK4_R	4JFF_B		u
5634	2AK4_G	5E9D_B		u
5635	3QDJ_B	5E9D_B		u
5636	1AO7_B	5E9D_B		u
5637	3D3V_B	5E9D_B		u
5638	3H9S_B	5E9D_B		u
5639	2VLR_G	5E9D_B		u
5640	4L3E_B	5E9D_B		u
5641	2AK4_B	5E9D_B		u
5642	4JFD_B	5E9D_B		u
5643	4JFF_B	5E9D_B		u
5644	2AK4_G	3QDJ_B		u
5645	1AO7_B	2AK4_G		u
5646	2AK4_G	3D3V_B		u
5647	2AK4_G	3H9S_B		u
5648	2AK4_G	2VLR_G		u
5649	2AK4_G	4L3E_B		u
5650	2AK4_G	5E9D_G		u
5651	2AK4_G	4JFD_B		u
5652	2AK4_G	4JFF_B		u
5653	1AO7_B	3QDJ_B		u
5654	3D3V_B	3QDJ_B		u
5655	3H9S_B	3QDJ_B		u
5656	2VLR_G	3QDJ_B		u
5657	3QDJ_B	4L3E_B		u
5658	3QDJ_B	5E9D_G		u
5659	2AK4_B	3QDJ_B		u
5660	3QDJ_B	4JFD_B		u
5661	3QDJ_B	4JFF_B		u
5662	1AO7_B	3D3V_B		u
5663	1AO7_B	3H9S_B		u
5664	1AO7_B	2VLR_G		u
5665	1AO7_B	4L3E_B		u
5666	1AO7_B	5E9D_G		u
5667	1AO7_B	2AK4_B		u
5668	1AO7_B	4JFD_B		u
5669	1AO7_B	4JFF_B		u
5670	3D3V_B	3H9S_B		u
5671	2VLR_G	3D3V_B		u
5672	3D3V_B	4L3E_B		u
5673	3D3V_B	5E9D_G		u
5674	2AK4_B	3D3V_B		u
5675	3D3V_B	4JFD_B		u
5676	3D3V_B	4JFF_B		u
5677	2VLR_G	3H9S_B		u
5678	3H9S_B	4L3E_B		u
5679	3H9S_B	5E9D_G		u
5680	2AK4_B	3H9S_B		u
5681	3H9S_B	4JFD_B		u
5682	3H9S_B	4JFF_B		u
5683	2VLR_G	4L3E_B		u
5684	2VLR_G	5E9D_G		u
5685	2AK4_B	2VLR_G		u
5686	2VLR_G	4JFD_B		u
5687	2VLR_G	4JFF_B		u
5688	4L3E_B	5E9D_G		u
5689	2AK4_B	4L3E_B		u
5690	4JFD_B	4L3E_B		u
5691	4JFF_B	4L3E_B		u
5692	2AK4_B	5E9D_G		u
5693	4JFD_B	5E9D_G		u
5694	4JFF_B	5E9D_G		u
5695	2AK4_B	4JFD_B		u
5696	2AK4_B	4JFF_B		u
5697	4JFD_B	4JFF_B		u
5698	2FTL_I	3BTW_I		u
5699	1EAW_D	3BTW_I		u
5700	3BTW_I	3TGK_I		u
5701	3BTE_I	3BTW_I		u
5702	1CBW_I	3BTW_I		u
5703	1FY8_I	3BTW_I		u
5704	1CBW_D	3BTW_I		u
5705	3BTD_I	3BTW_I		u
5706	1EAW_B	3BTW_I		u
5707	3BTF_I	3BTW_I		u
5708	3BTM_I	3BTW_I		u
5709	1F5R_I	3BTW_I		u
5710	3BTG_I	3BTW_I		u
5711	3BTT_I	3BTW_I		u
5712	3BTQ_I	3BTW_I		u
5713	3BTH_I	3BTW_I		u
5714	1EAW_D	2FTL_I		u
5715	2FTL_I	3TGK_I		u
5716	2FTL_I	3BTE_I		u
5717	1CBW_I	2FTL_I		u
5718	1FY8_I	2FTL_I		u
5719	1CBW_D	2FTL_I		u
5720	2FTL_I	3BTD_I		u
5721	1EAW_B	2FTL_I		u
5722	2FTL_I	3BTF_I		u
5723	2FTL_I	3BTM_I		u
5724	1F5R_I	2FTL_I		u
5725	2FTL_I	3BTG_I		u
5726	2FTL_I	3BTT_I		u
5727	2FTL_I	3BTQ_I		u
5728	2FTL_I	3BTH_I		u
5729	1EAW_D	3TGK_I		u
5730	1EAW_D	3BTE_I		u
5731	1CBW_I	1EAW_D		u
5732	1EAW_D	1FY8_I		u
5733	1CBW_D	1EAW_D		u
5734	1EAW_D	3BTD_I		u
5735	1EAW_D	3BTF_I		u
5736	1EAW_D	3BTM_I		u
5737	1EAW_D	1F5R_I		u
5738	1EAW_D	3BTG_I		u
5739	1EAW_D	3BTT_I		u
5740	1EAW_D	3BTQ_I		u
5741	1EAW_D	3BTH_I		u
5742	3BTE_I	3TGK_I		u
5743	1CBW_I	3TGK_I		u
5744	1FY8_I	3TGK_I		u
5745	1CBW_D	3TGK_I		u
5746	3BTD_I	3TGK_I		u
5747	1EAW_B	3TGK_I		u
5748	3BTF_I	3TGK_I		u
5749	3BTM_I	3TGK_I		u
5750	1F5R_I	3TGK_I		u
5751	3BTG_I	3TGK_I		u
5752	3BTT_I	3TGK_I		u
5753	3BTQ_I	3TGK_I		u
5754	3BTH_I	3TGK_I		u
5755	1CBW_I	3BTE_I		u
5756	1FY8_I	3BTE_I		u
5757	1CBW_D	3BTE_I		u
5758	3BTD_I	3BTE_I		u
5759	1EAW_B	3BTE_I		u
5760	3BTE_I	3BTF_I		u
5761	3BTE_I	3BTM_I		u
5762	1F5R_I	3BTE_I		u
5763	3BTE_I	3BTG_I		u
5764	3BTE_I	3BTT_I		u
5765	3BTE_I	3BTQ_I		u
5766	3BTE_I	3BTH_I		u
5767	1CBW_I	1FY8_I		u
5768	1CBW_I	3BTD_I		u
5769	1CBW_I	1EAW_B		u
5770	1CBW_I	3BTF_I		u
5771	1CBW_I	3BTM_I		u
5772	1CBW_I	1F5R_I		u
5773	1CBW_I	3BTG_I		u
5774	1CBW_I	3BTT_I		u
5775	1CBW_I	3BTQ_I		u
5776	1CBW_I	3BTH_I		u
5777	1CBW_D	1FY8_I		u
5778	1FY8_I	3BTD_I		u
5779	1EAW_B	1FY8_I		u
5780	1FY8_I	3BTF_I		u
5781	1FY8_I	3BTM_I		u
5782	1F5R_I	1FY8_I		u
5783	1FY8_I	3BTG_I		u
5784	1FY8_I	3BTT_I		u
5785	1FY8_I	3BTQ_I		u
5786	1FY8_I	3BTH_I		u
5787	1CBW_D	3BTD_I		u
5788	1CBW_D	1EAW_B		u
5789	1CBW_D	3BTF_I		u
5790	1CBW_D	3BTM_I		u
5791	1CBW_D	1F5R_I		u
5792	1CBW_D	3BTG_I		u
5793	1CBW_D	3BTT_I		u
5794	1CBW_D	3BTQ_I		u
5795	1CBW_D	3BTH_I		u
5796	1EAW_B	3BTD_I		u
5797	3BTD_I	3BTF_I		u
5798	3BTD_I	3BTM_I		u
5799	1F5R_I	3BTD_I		u
5800	3BTD_I	3BTG_I		u
5801	3BTD_I	3BTT_I		u
5802	3BTD_I	3BTQ_I		u
5803	3BTD_I	3BTH_I		u
5804	1EAW_B	3BTF_I		u
5805	1EAW_B	3BTM_I		u
5806	1EAW_B	1F5R_I		u
5807	1EAW_B	3BTG_I		u
5808	1EAW_B	3BTT_I		u
5809	1EAW_B	3BTQ_I		u
5810	1EAW_B	3BTH_I		u
5811	3BTF_I	3BTM_I		u
5812	1F5R_I	3BTF_I		u
5813	3BTF_I	3BTG_I		u
5814	3BTF_I	3BTT_I		u
5815	3BTF_I	3BTQ_I		u
5816	3BTF_I	3BTH_I		u
5817	1F5R_I	3BTM_I		u
5818	3BTG_I	3BTM_I		u
5819	3BTM_I	3BTT_I		u
5820	3BTM_I	3BTQ_I		u
5821	3BTH_I	3BTM_I		u
5822	1F5R_I	3BTG_I		u
5823	1F5R_I	3BTT_I		u
5824	1F5R_I	3BTQ_I		u
5825	1F5R_I	3BTH_I		u
5826	3BTG_I	3BTT_I		u
5827	3BTG_I	3BTQ_I		u
5828	3BTG_I	3BTH_I		u
5829	3BTQ_I	3BTT_I		u
5830	3BTH_I	3BTT_I		u
5831	3BTH_I	3BTQ_I		u
5832	3LZF_A	4GXU_L		u
5833	3LZF_B	4GXU_L		u
5834	3LZF_A	4GXU_J		u
5835	3LZF_B	4GXU_J		u
5836	3LZF_A	4GXU_C		u
5837	3LZF_B	4GXU_C		u
5838	3LZF_A	4GXU_I		u
5839	3LZF_B	4GXU_I		u
5840	3LZF_A	4GXU_A		u
5841	3LZF_B	4GXU_A		u
5842	3LZF_A	4GXU_H		u
5843	3LZF_B	4GXU_H		u
5844	3LZF_A	4GXU_K		u
5845	3LZF_A	4GXU_B		u
5846	3LZF_A	4GXU_F		u
5847	3LZF_A	4GXU_E		u
5848	3LZF_A	4GXU_G		u
5849	3LZF_A	4GXU_D		u
5850	3LZF_B	4GXU_K		u
5851	3LZF_B	4GXU_B		u
5852	3LZF_B	4GXU_F		u
5853	3LZF_B	4GXU_E		u
5854	3LZF_B	4GXU_G		u
5855	3LZF_B	4GXU_D		u
5856	1JTD_B	3QHY_B		u
5857	4EKD_A	4GNK_C		u
5858	4EKD_A	4GNK_A		u
5859	1E50_G	1H9D_C		u
5860	1E50_G	1H9D_A		u
5861	1E50_A	1H9D_C		u
5862	1E50_C	1H9D_C		u
5863	1E50_E	1H9D_C		u
5864	1E50_Q	1H9D_C		u
5865	1E50_R	1H9D_C		u
5866	1E50_A	1H9D_A		u
5867	1E50_C	1H9D_A		u
5868	1E50_E	1H9D_A		u
5869	1E50_Q	1H9D_A		u
5870	1E50_R	1H9D_A		u
5871	1OGA_A	3QDG_A		u
5872	1OGA_A	3PWP_A		u
5873	1OGA_A	2J8U_H		u
5874	1OGA_A	4JFE_A		u
5875	1OGA_A	4L3E_A		u
5876	1OGA_A	4N8V_D		u
5877	1OGA_A	3D3V_A		u
5878	1OGA_A	2BNR_A		u
5879	1LP9_H	1OGA_A		u
5880	1OGA_A	1QSE_A		u
5881	1OGA_A	4JFD_A		u
5882	1OGA_A	4N8V_A		u
5883	1OGA_A	2BNQ_A		u
5884	1BD2_A	1OGA_A		u
5885	1OGA_A	2VLR_A		u
5886	1OGA_A	3QDJ_A		u
5887	1AO7_A	1OGA_A		u
5888	1OGA_A	4FTV_A		u
5889	1OGA_A	3H9S_A		u
5890	1OGA_A	2J8U_A		u
5891	1OGA_A	2UWE_H		u
5892	1OGA_A	5E9D_F		u
5893	1OGA_A	2UWE_A		u
5894	1OGA_A	2P5E_A		u
5895	1LP9_A	1OGA_A		u
5896	1OGA_A	2JCC_A		u
5897	1OGA_A	5E9D_A		u
5898	1OGA_A	4MNQ_A		u
5899	1OGA_A	2JCC_H		u
5900	1OGA_A	2VLR_F		u
5901	1OGA_A	4JFF_A		u
5902	1OGA_A	3QFJ_A		u
5903	3PWP_A	3QDG_A		u
5904	2J8U_H	3QDG_A		u
5905	3QDG_A	4JFE_A		u
5906	3QDG_A	4L3E_A		u
5907	3QDG_A	4N8V_D		u
5908	3D3V_A	3QDG_A		u
5909	2BNR_A	3QDG_A		u
5910	1LP9_H	3QDG_A		u
5911	1QSE_A	3QDG_A		u
5912	3QDG_A	4JFD_A		u
5913	3QDG_A	4N8V_A		u
5914	2BNQ_A	3QDG_A		u
5915	1BD2_A	3QDG_A		u
5916	2VLR_A	3QDG_A		u
5917	3QDG_A	3QDJ_A		u
5918	1AO7_A	3QDG_A		u
5919	3QDG_A	4FTV_A		u
5920	3H9S_A	3QDG_A		u
5921	2J8U_A	3QDG_A		u
5922	2UWE_H	3QDG_A		u
5923	3QDG_A	5E9D_F		u
5924	2UWE_A	3QDG_A		u
5925	2P5E_A	3QDG_A		u
5926	1LP9_A	3QDG_A		u
5927	2JCC_A	3QDG_A		u
5928	3QDG_A	5E9D_A		u
5929	3QDG_A	4MNQ_A		u
5930	2JCC_H	3QDG_A		u
5931	2VLR_F	3QDG_A		u
5932	3QDG_A	4JFF_A		u
5933	3QDG_A	3QFJ_A		u
5934	2J8U_H	3PWP_A		u
5935	3PWP_A	4JFE_A		u
5936	3PWP_A	4L3E_A		u
5937	3PWP_A	4N8V_D		u
5938	3D3V_A	3PWP_A		u
5939	2BNR_A	3PWP_A		u
5940	1LP9_H	3PWP_A		u
5941	1QSE_A	3PWP_A		u
5942	3PWP_A	4JFD_A		u
5943	3PWP_A	4N8V_A		u
5944	2BNQ_A	3PWP_A		u
5945	1BD2_A	3PWP_A		u
5946	2VLR_A	3PWP_A		u
5947	3PWP_A	3QDJ_A		u
5948	1AO7_A	3PWP_A		u
5949	3PWP_A	4FTV_A		u
5950	3H9S_A	3PWP_A		u
5951	2J8U_A	3PWP_A		u
5952	2UWE_H	3PWP_A		u
5953	3PWP_A	5E9D_F		u
5954	2UWE_A	3PWP_A		u
5955	2P5E_A	3PWP_A		u
5956	1LP9_A	3PWP_A		u
5957	2JCC_A	3PWP_A		u
5958	3PWP_A	5E9D_A		u
5959	3PWP_A	4MNQ_A		u
5960	2JCC_H	3PWP_A		u
5961	2VLR_F	3PWP_A		u
5962	3PWP_A	4JFF_A		u
5963	3PWP_A	3QFJ_A		u
5964	2J8U_H	4JFE_A		u
5965	2J8U_H	4L3E_A		u
5966	2J8U_H	4N8V_D		u
5967	2J8U_H	3D3V_A		u
5968	2BNR_A	2J8U_H		u
5969	1LP9_H	2J8U_H		u
5970	1QSE_A	2J8U_H		u
5971	2J8U_H	4JFD_A		u
5972	2J8U_H	4N8V_A		u
5973	2BNQ_A	2J8U_H		u
5974	1BD2_A	2J8U_H		u
5975	2J8U_H	2VLR_A		u
5976	2J8U_H	3QDJ_A		u
5977	1AO7_A	2J8U_H		u
5978	2J8U_H	4FTV_A		u
5979	2J8U_H	3H9S_A		u
5980	2J8U_H	2UWE_H		u
5981	2J8U_H	5E9D_F		u
5982	2J8U_H	2UWE_A		u
5983	2J8U_H	2P5E_A		u
5984	1LP9_A	2J8U_H		u
5985	2J8U_H	2JCC_A		u
5986	2J8U_H	5E9D_A		u
5987	2J8U_H	4MNQ_A		u
5988	2J8U_H	2JCC_H		u
5989	2J8U_H	2VLR_F		u
5990	2J8U_H	4JFF_A		u
5991	2J8U_H	3QFJ_A		u
5992	4JFE_A	4L3E_A		u
5993	4JFE_A	4N8V_D		u
5994	3D3V_A	4JFE_A		u
5995	2BNR_A	4JFE_A		u
5996	1LP9_H	4JFE_A		u
5997	1QSE_A	4JFE_A		u
5998	4JFD_A	4JFE_A		u
5999	4JFE_A	4N8V_A		u
6000	2BNQ_A	4JFE_A		u
6001	1BD2_A	4JFE_A		u
6002	2VLR_A	4JFE_A		u
6003	3QDJ_A	4JFE_A		u
6004	1AO7_A	4JFE_A		u
6005	4FTV_A	4JFE_A		u
6006	3H9S_A	4JFE_A		u
6007	2J8U_A	4JFE_A		u
6008	2UWE_H	4JFE_A		u
6009	4JFE_A	5E9D_F		u
6010	2UWE_A	4JFE_A		u
6011	2P5E_A	4JFE_A		u
6012	1LP9_A	4JFE_A		u
6013	2JCC_A	4JFE_A		u
6014	4JFE_A	5E9D_A		u
6015	4JFE_A	4MNQ_A		u
6016	2JCC_H	4JFE_A		u
6017	2VLR_F	4JFE_A		u
6018	4JFE_A	4JFF_A		u
6019	3QFJ_A	4JFE_A		u
6020	4L3E_A	4N8V_D		u
6021	3D3V_A	4L3E_A		u
6022	2BNR_A	4L3E_A		u
6023	1LP9_H	4L3E_A		u
6024	1QSE_A	4L3E_A		u
6025	4JFD_A	4L3E_A		u
6026	4L3E_A	4N8V_A		u
6027	2BNQ_A	4L3E_A		u
6028	1BD2_A	4L3E_A		u
6029	2VLR_A	4L3E_A		u
6030	3QDJ_A	4L3E_A		u
6031	1AO7_A	4L3E_A		u
6032	4FTV_A	4L3E_A		u
6033	3H9S_A	4L3E_A		u
6034	2J8U_A	4L3E_A		u
6035	2UWE_H	4L3E_A		u
6036	4L3E_A	5E9D_F		u
6037	2UWE_A	4L3E_A		u
6038	2P5E_A	4L3E_A		u
6039	1LP9_A	4L3E_A		u
6040	2JCC_A	4L3E_A		u
6041	4L3E_A	5E9D_A		u
6042	4L3E_A	4MNQ_A		u
6043	2JCC_H	4L3E_A		u
6044	2VLR_F	4L3E_A		u
6045	4JFF_A	4L3E_A		u
6046	3QFJ_A	4L3E_A		u
6047	3D3V_A	4N8V_D		u
6048	2BNR_A	4N8V_D		u
6049	1LP9_H	4N8V_D		u
6050	1QSE_A	4N8V_D		u
6051	4JFD_A	4N8V_D		u
6052	2BNQ_A	4N8V_D		u
6053	1BD2_A	4N8V_D		u
6054	2VLR_A	4N8V_D		u
6055	3QDJ_A	4N8V_D		u
6056	1AO7_A	4N8V_D		u
6057	4FTV_A	4N8V_D		u
6058	3H9S_A	4N8V_D		u
6059	2J8U_A	4N8V_D		u
6060	2UWE_H	4N8V_D		u
6061	4N8V_D	5E9D_F		u
6062	2UWE_A	4N8V_D		u
6063	2P5E_A	4N8V_D		u
6064	1LP9_A	4N8V_D		u
6065	2JCC_A	4N8V_D		u
6066	4N8V_D	5E9D_A		u
6067	4MNQ_A	4N8V_D		u
6068	2JCC_H	4N8V_D		u
6069	2VLR_F	4N8V_D		u
6070	4JFF_A	4N8V_D		u
6071	3QFJ_A	4N8V_D		u
6072	2BNR_A	3D3V_A		u
6073	1LP9_H	3D3V_A		u
6074	1QSE_A	3D3V_A		u
6075	3D3V_A	4JFD_A		u
6076	3D3V_A	4N8V_A		u
6077	2BNQ_A	3D3V_A		u
6078	1BD2_A	3D3V_A		u
6079	2VLR_A	3D3V_A		u
6080	3D3V_A	3QDJ_A		u
6081	1AO7_A	3D3V_A		u
6082	3D3V_A	4FTV_A		u
6083	3D3V_A	3H9S_A		u
6084	2J8U_A	3D3V_A		u
6085	2UWE_H	3D3V_A		u
6086	3D3V_A	5E9D_F		u
6087	2UWE_A	3D3V_A		u
6088	2P5E_A	3D3V_A		u
6089	1LP9_A	3D3V_A		u
6090	2JCC_A	3D3V_A		u
6091	3D3V_A	5E9D_A		u
6092	3D3V_A	4MNQ_A		u
6093	2JCC_H	3D3V_A		u
6094	2VLR_F	3D3V_A		u
6095	3D3V_A	4JFF_A		u
6096	3D3V_A	3QFJ_A		u
6097	1LP9_H	2BNR_A		u
6098	1QSE_A	2BNR_A		u
6099	2BNR_A	4JFD_A		u
6100	2BNR_A	4N8V_A		u
6101	2BNQ_A	2BNR_A		u
6102	1BD2_A	2BNR_A		u
6103	2BNR_A	2VLR_A		u
6104	2BNR_A	3QDJ_A		u
6105	1AO7_A	2BNR_A		u
6106	2BNR_A	4FTV_A		u
6107	2BNR_A	3H9S_A		u
6108	2BNR_A	2J8U_A		u
6109	2BNR_A	2UWE_H		u
6110	2BNR_A	5E9D_F		u
6111	2BNR_A	2UWE_A		u
6112	2BNR_A	2P5E_A		u
6113	1LP9_A	2BNR_A		u
6114	2BNR_A	2JCC_A		u
6115	2BNR_A	5E9D_A		u
6116	2BNR_A	4MNQ_A		u
6117	2BNR_A	2JCC_H		u
6118	2BNR_A	2VLR_F		u
6119	2BNR_A	4JFF_A		u
6120	2BNR_A	3QFJ_A		u
6121	1LP9_H	1QSE_A		u
6122	1LP9_H	4JFD_A		u
6123	1LP9_H	4N8V_A		u
6124	1LP9_H	2BNQ_A		u
6125	1BD2_A	1LP9_H		u
6126	1LP9_H	2VLR_A		u
6127	1LP9_H	3QDJ_A		u
6128	1AO7_A	1LP9_H		u
6129	1LP9_H	4FTV_A		u
6130	1LP9_H	3H9S_A		u
6131	1LP9_H	2J8U_A		u
6132	1LP9_H	2UWE_H		u
6133	1LP9_H	5E9D_F		u
6134	1LP9_H	2UWE_A		u
6135	1LP9_H	2P5E_A		u
6136	1LP9_H	2JCC_A		u
6137	1LP9_H	5E9D_A		u
6138	1LP9_H	4MNQ_A		u
6139	1LP9_H	2JCC_H		u
6140	1LP9_H	2VLR_F		u
6141	1LP9_H	4JFF_A		u
6142	1LP9_H	3QFJ_A		u
6143	1QSE_A	4JFD_A		u
6144	1QSE_A	4N8V_A		u
6145	1QSE_A	2BNQ_A		u
6146	1BD2_A	1QSE_A		u
6147	1QSE_A	2VLR_A		u
6148	1QSE_A	3QDJ_A		u
6149	1AO7_A	1QSE_A		u
6150	1QSE_A	4FTV_A		u
6151	1QSE_A	3H9S_A		u
6152	1QSE_A	2J8U_A		u
6153	1QSE_A	2UWE_H		u
6154	1QSE_A	5E9D_F		u
6155	1QSE_A	2UWE_A		u
6156	1QSE_A	2P5E_A		u
6157	1LP9_A	1QSE_A		u
6158	1QSE_A	2JCC_A		u
6159	1QSE_A	5E9D_A		u
6160	1QSE_A	4MNQ_A		u
6161	1QSE_A	2JCC_H		u
6162	1QSE_A	2VLR_F		u
6163	1QSE_A	4JFF_A		u
6164	1QSE_A	3QFJ_A		u
6165	4JFD_A	4N8V_A		u
6166	2BNQ_A	4JFD_A		u
6167	1BD2_A	4JFD_A		u
6168	2VLR_A	4JFD_A		u
6169	3QDJ_A	4JFD_A		u
6170	1AO7_A	4JFD_A		u
6171	4FTV_A	4JFD_A		u
6172	3H9S_A	4JFD_A		u
6173	2J8U_A	4JFD_A		u
6174	2UWE_H	4JFD_A		u
6175	4JFD_A	5E9D_F		u
6176	2UWE_A	4JFD_A		u
6177	2P5E_A	4JFD_A		u
6178	1LP9_A	4JFD_A		u
6179	2JCC_A	4JFD_A		u
6180	4JFD_A	5E9D_A		u
6181	4JFD_A	4MNQ_A		u
6182	2JCC_H	4JFD_A		u
6183	2VLR_F	4JFD_A		u
6184	4JFD_A	4JFF_A		u
6185	3QFJ_A	4JFD_A		u
6186	2BNQ_A	4N8V_A		u
6187	1BD2_A	4N8V_A		u
6188	2VLR_A	4N8V_A		u
6189	3QDJ_A	4N8V_A		u
6190	1AO7_A	4N8V_A		u
6191	4FTV_A	4N8V_A		u
6192	3H9S_A	4N8V_A		u
6193	2J8U_A	4N8V_A		u
6194	2UWE_H	4N8V_A		u
6195	4N8V_A	5E9D_F		u
6196	2UWE_A	4N8V_A		u
6197	2P5E_A	4N8V_A		u
6198	1LP9_A	4N8V_A		u
6199	2JCC_A	4N8V_A		u
6200	4N8V_A	5E9D_A		u
6201	4MNQ_A	4N8V_A		u
6202	2JCC_H	4N8V_A		u
6203	2VLR_F	4N8V_A		u
6204	4JFF_A	4N8V_A		u
6205	3QFJ_A	4N8V_A		u
6206	1BD2_A	2BNQ_A		u
6207	2BNQ_A	2VLR_A		u
6208	2BNQ_A	3QDJ_A		u
6209	1AO7_A	2BNQ_A		u
6210	2BNQ_A	4FTV_A		u
6211	2BNQ_A	3H9S_A		u
6212	2BNQ_A	2J8U_A		u
6213	2BNQ_A	2UWE_H		u
6214	2BNQ_A	5E9D_F		u
6215	2BNQ_A	2UWE_A		u
6216	2BNQ_A	2P5E_A		u
6217	1LP9_A	2BNQ_A		u
6218	2BNQ_A	2JCC_A		u
6219	2BNQ_A	5E9D_A		u
6220	2BNQ_A	4MNQ_A		u
6221	2BNQ_A	2JCC_H		u
6222	2BNQ_A	2VLR_F		u
6223	2BNQ_A	4JFF_A		u
6224	2BNQ_A	3QFJ_A		u
6225	1BD2_A	2VLR_A		u
6226	1BD2_A	3QDJ_A		u
6227	1AO7_A	1BD2_A		u
6228	1BD2_A	4FTV_A		u
6229	1BD2_A	3H9S_A		u
6230	1BD2_A	2J8U_A		u
6231	1BD2_A	2UWE_H		u
6232	1BD2_A	5E9D_F		u
6233	1BD2_A	2UWE_A		u
6234	1BD2_A	2P5E_A		u
6235	1BD2_A	1LP9_A		u
6236	1BD2_A	2JCC_A		u
6237	1BD2_A	5E9D_A		u
6238	1BD2_A	4MNQ_A		u
6239	1BD2_A	2JCC_H		u
6240	1BD2_A	2VLR_F		u
6241	1BD2_A	4JFF_A		u
6242	1BD2_A	3QFJ_A		u
6243	2VLR_A	3QDJ_A		u
6244	1AO7_A	2VLR_A		u
6245	2VLR_A	4FTV_A		u
6246	2VLR_A	3H9S_A		u
6247	2J8U_A	2VLR_A		u
6248	2UWE_H	2VLR_A		u
6249	2VLR_A	5E9D_F		u
6250	2UWE_A	2VLR_A		u
6251	2P5E_A	2VLR_A		u
6252	1LP9_A	2VLR_A		u
6253	2JCC_A	2VLR_A		u
6254	2VLR_A	5E9D_A		u
6255	2VLR_A	4MNQ_A		u
6256	2JCC_H	2VLR_A		u
6257	2VLR_A	4JFF_A		u
6258	2VLR_A	3QFJ_A		u
6259	1AO7_A	3QDJ_A		u
6260	3QDJ_A	4FTV_A		u
6261	3H9S_A	3QDJ_A		u
6262	2J8U_A	3QDJ_A		u
6263	2UWE_H	3QDJ_A		u
6264	3QDJ_A	5E9D_F		u
6265	2UWE_A	3QDJ_A		u
6266	2P5E_A	3QDJ_A		u
6267	1LP9_A	3QDJ_A		u
6268	2JCC_A	3QDJ_A		u
6269	3QDJ_A	5E9D_A		u
6270	3QDJ_A	4MNQ_A		u
6271	2JCC_H	3QDJ_A		u
6272	2VLR_F	3QDJ_A		u
6273	3QDJ_A	4JFF_A		u
6274	3QDJ_A	3QFJ_A		u
6275	1AO7_A	4FTV_A		u
6276	1AO7_A	3H9S_A		u
6277	1AO7_A	2J8U_A		u
6278	1AO7_A	2UWE_H		u
6279	1AO7_A	5E9D_F		u
6280	1AO7_A	2UWE_A		u
6281	1AO7_A	2P5E_A		u
6282	1AO7_A	1LP9_A		u
6283	1AO7_A	2JCC_A		u
6284	1AO7_A	5E9D_A		u
6285	1AO7_A	4MNQ_A		u
6286	1AO7_A	2JCC_H		u
6287	1AO7_A	2VLR_F		u
6288	1AO7_A	4JFF_A		u
6289	1AO7_A	3QFJ_A		u
6290	3H9S_A	4FTV_A		u
6291	2J8U_A	4FTV_A		u
6292	2UWE_H	4FTV_A		u
6293	4FTV_A	5E9D_F		u
6294	2UWE_A	4FTV_A		u
6295	2P5E_A	4FTV_A		u
6296	1LP9_A	4FTV_A		u
6297	2JCC_A	4FTV_A		u
6298	4FTV_A	5E9D_A		u
6299	4FTV_A	4MNQ_A		u
6300	2JCC_H	4FTV_A		u
6301	2VLR_F	4FTV_A		u
6302	4FTV_A	4JFF_A		u
6303	3QFJ_A	4FTV_A		u
6304	2J8U_A	3H9S_A		u
6305	2UWE_H	3H9S_A		u
6306	3H9S_A	5E9D_F		u
6307	2UWE_A	3H9S_A		u
6308	2P5E_A	3H9S_A		u
6309	1LP9_A	3H9S_A		u
6310	2JCC_A	3H9S_A		u
6311	3H9S_A	5E9D_A		u
6312	3H9S_A	4MNQ_A		u
6313	2JCC_H	3H9S_A		u
6314	2VLR_F	3H9S_A		u
6315	3H9S_A	4JFF_A		u
6316	3H9S_A	3QFJ_A		u
6317	2J8U_A	2UWE_H		u
6318	2J8U_A	5E9D_F		u
6319	2J8U_A	2UWE_A		u
6320	2J8U_A	2P5E_A		u
6321	1LP9_A	2J8U_A		u
6322	2J8U_A	2JCC_A		u
6323	2J8U_A	5E9D_A		u
6324	2J8U_A	4MNQ_A		u
6325	2J8U_A	2JCC_H		u
6326	2J8U_A	2VLR_F		u
6327	2J8U_A	4JFF_A		u
6328	2J8U_A	3QFJ_A		u
6329	2UWE_H	5E9D_F		u
6330	2P5E_A	2UWE_H		u
6331	1LP9_A	2UWE_H		u
6332	2JCC_A	2UWE_H		u
6333	2UWE_H	5E9D_A		u
6334	2UWE_H	4MNQ_A		u
6335	2JCC_H	2UWE_H		u
6336	2UWE_H	2VLR_F		u
6337	2UWE_H	4JFF_A		u
6338	2UWE_H	3QFJ_A		u
6339	2UWE_A	5E9D_F		u
6340	2P5E_A	5E9D_F		u
6341	1LP9_A	5E9D_F		u
6342	2JCC_A	5E9D_F		u
6343	4MNQ_A	5E9D_F		u
6344	2JCC_H	5E9D_F		u
6345	2VLR_F	5E9D_F		u
6346	4JFF_A	5E9D_F		u
6347	3QFJ_A	5E9D_F		u
6348	2P5E_A	2UWE_A		u
6349	1LP9_A	2UWE_A		u
6350	2JCC_A	2UWE_A		u
6351	2UWE_A	5E9D_A		u
6352	2UWE_A	4MNQ_A		u
6353	2JCC_H	2UWE_A		u
6354	2UWE_A	2VLR_F		u
6355	2UWE_A	4JFF_A		u
6356	2UWE_A	3QFJ_A		u
6357	1LP9_A	2P5E_A		u
6358	2JCC_A	2P5E_A		u
6359	2P5E_A	5E9D_A		u
6360	2P5E_A	4MNQ_A		u
6361	2JCC_H	2P5E_A		u
6362	2P5E_A	2VLR_F		u
6363	2P5E_A	4JFF_A		u
6364	2P5E_A	3QFJ_A		u
6365	1LP9_A	2JCC_A		u
6366	1LP9_A	5E9D_A		u
6367	1LP9_A	4MNQ_A		u
6368	1LP9_A	2JCC_H		u
6369	1LP9_A	2VLR_F		u
6370	1LP9_A	4JFF_A		u
6371	1LP9_A	3QFJ_A		u
6372	2JCC_A	5E9D_A		u
6373	2JCC_A	4MNQ_A		u
6374	2JCC_A	2VLR_F		u
6375	2JCC_A	4JFF_A		u
6376	2JCC_A	3QFJ_A		u
6377	4MNQ_A	5E9D_A		u
6378	2JCC_H	5E9D_A		u
6379	2VLR_F	5E9D_A		u
6380	4JFF_A	5E9D_A		u
6381	3QFJ_A	5E9D_A		u
6382	2JCC_H	4MNQ_A		u
6383	2VLR_F	4MNQ_A		u
6384	4JFF_A	4MNQ_A		u
6385	3QFJ_A	4MNQ_A		u
6386	2JCC_H	2VLR_F		u
6387	2JCC_H	4JFF_A		u
6388	2JCC_H	3QFJ_A		u
6389	2VLR_F	4JFF_A		u
6390	2VLR_F	3QFJ_A		u
6391	3QFJ_A	4JFF_A		u
6392	2C5D_C	4RA0_D		u
6393	2C5D_C	4RA0_C		u
6394	2C5D_D	4RA0_D		u
6395	2C5D_D	4RA0_C		u
6396	1WQJ_B	2DSQ_B		u
6397	1WQJ_B	2DSQ_A		u
6398	3S9D_A	3SE3_B		u
6399	3S9D_C	3SE3_B		u
6400	1GL0_I	1GL1_J		u
6401	1GL0_I	1GL1_I		u
6402	1GL0_I	1GL1_K		u
6403	2C0L_A	3R9A_B		u
6404	2C0L_A	3R9A_D		u
6405	1AHW_C	1DAN_T		u
6406	1AHW_F	1DAN_T		u
6407	1AHW_C	1DAN_U		u
6408	1AHW_F	1DAN_U		u
6409	3LB6_A	4I77_Z		u
6410	3LB6_B	4I77_Z		u
6411	3G6D_A	4I77_Z		u
6412	3L5X_A	4I77_Z		u
6413	3G6D_A	3LB6_A		u
6414	3L5X_A	3LB6_A		u
6415	3G6D_A	3LB6_B		u
6416	3L5X_A	3LB6_B		u
6417	3G6D_A	3L5X_A		u
6418	2REX_D	3Q3J_B		u
6419	2REX_B	3Q3J_B		u
6420	1FC2_C	3MZW_B		u
6421	2NU0_I	2NU1_I		u
6422	1AO7_D	5E9D_D		u
6423	1AO7_D	5E9D_I		u
6424	1AK4_A	1M9E_B		u
6425	1AK4_B	1M9E_B		u
6426	1AK4_A	1M9E_A		u
6427	1AK4_B	1M9E_A		u
6428	3EQS_A	3LNZ_I		u
6429	3EQS_A	3LNZ_O		u
6430	3EQS_A	3LNZ_C		u
6431	3EQS_A	3LNZ_K		u
6432	3EQS_A	3LNZ_M		u
6433	3EQS_A	3LNZ_A		u
6434	3EQS_A	3LNZ_G		u
6435	3EQS_A	3LNZ_E		u
6436	2VIR_B	2VIS_B		u
